IncidentID,AgencyORI,AgencyName,IncidentStatusDesc,County,RdwyNumber,Street,RoadwayName,StreetSfx,StreetDir,IntersectionRdwy,IntersectionRdwyName,BetweenStRdwy1,BetweenStRdwyName1,BetweenStRdwy2,BetweenStRdwyName2,Latitude,Longitude,Milepoint,CollisionDate,CollisionTime,UnitsInvolved,MotorVehiclesInvolved,NumberKilled,NumberInjured,Weather,RdwyConditionCode,HitandRun,DirAnalysisCode,MannerofCollision,RdwyCharacter,LightCondition,RampFromRdwyId,RampToRdwyId,AcceptedDate,IsSecondaryCollision,OwnerBadge,IncidentStatus,
29540000,0568000,LOUISVILLE METRO POLICE DEPT,Accepted,JEFFERSON,,,FRANKFORT,AVE,,,RIVER,,,,,38.264471918,-85.725332821,0.444,1/5/2022 12:00:00 AM,1004,2,2,0,0,CLEAR,DRY,False,HEAD-ON COLLISION,HEAD ON,STRAIGHT & LEVEL,DAYLIGHT,,,1/6/2022 8:13:02 AM,False,7862,Accepted,
29540001,0568000,LOUISVILLE METRO POLICE DEPT,Accepted,JEFFERSON,,,MUHAMMAD ALI,BLVD,E,,BROOK,,,,,38.250470919,-85.751579655,0.983,1/5/2022 12:00:00 AM,1141,2,2,0,0,CLEAR,DRY,False,SIDESWIPE-SAME DIRECTION,SIDESWIPE-SAME DIRECTION,STRAIGHT & LEVEL,DAYLIGHT,,,1/6/2022 8:13:05 AM,False,7229,Accepted,
29540010,0568000,LOUISVILLE METRO POLICE DEPT,Accepted,JEFFERSON,US0060,,SHELBYVILLE,RD,,I 0264,I264 E EXIT20A OFF RAMP TO US60 W,,,,,38.249776183,-85.618116717,5.666,1/5/2022 12:00:00 AM,1615,2,2,0,0,CLEAR,DRY,False,ANGLE COLLISION - ONE VEHICLE TURNING RIGHT,ANGLE,STRAIGHT & LEVEL,DAYLIGHT,,,1/6/2022 8:13:39 AM,False,2013,Accepted,
29540011,0568000,LOUISVILLE METRO POLICE DEPT,Accepted,JEFFERSON,,3730,RIVER,RD,,,,,WAGNERS BEACH,,INDIAN HILLS,38.283865333,-85.690092298,0.490,1/5/2022 12:00:00 AM,1555,1,1,0,0,CLOUDY,DRY,False,COLLISION WITH FIXED OBJECT NON - INTERSECTION - FIRST EVENT COLLISION 09 - 32 EXCLUDING 16,SINGLE VEHICLE,STRAIGHT & LEVEL,DAYLIGHT,,,1/6/2022 8:13:43 AM,False,7632,Accepted,
29540017,0568000,LOUISVILLE METRO POLICE DEPT,Accepted,JEFFERSON,KY1230,,CANE RUN,RD,,,,,,,,38.153025014,-85.895518893,5.199,1/5/2022 12:00:00 AM,1831,1,1,0,0,CLEAR,DRY,False,COLLISION WITH FIXED OBJECT NON - INTERSECTION - FIRST EVENT COLLISION 09 - 32 EXCLUDING 16,SINGLE VEHICLE,STRAIGHT & LEVEL,DARK-HWY LIGHTED/ON,,,1/6/2022 8:14:06 AM,False,5224,Accepted,
29540018,0568000,LOUISVILLE METRO POLICE DEPT,Accepted,JEFFERSON,,,3RD,ST,S,,,,,,,38.192198983,-85.764809285,0.580,1/5/2022 12:00:00 AM,2132,2,2,0,0,CLEAR,DRY,True,1 VEHICLE PARKED POSITION (NOT PARKING LOT/DRIVEWAY),BACKING,STRAIGHT & LEVEL,DUSK,,,1/6/2022 8:14:09 AM,False,5302,Accepted,
29553900,0561500,UNIV. OF LOUISVILLE POLICE,Accepted,JEFFERSON,,,CHESTNUT,ST,E,,,,,,,38.247690470,-85.746222486,0.367,1/5/2022 12:00:00 AM,1205,2,2,0,0,CLEAR,DRY,False,1 VEHICLE ENTERING/LEAVING ENTRANCE,ANGLE,STRAIGHT & LEVEL,DAYLIGHT,,,1/10/2022 1:50:13 PM,False,5554,Accepted,
29550003,0560400,SHIVELY POLICE DEPARTMENT,Accepted,JEFFERSON,I 0264,,I264 E,,,,,I 0264,I264 E EXIT5 ON RAMP FROM KY1934,I 0264,I264 E EXIT8B OFF RAMP TO US31W S,38.185729214,-85.821192647,7.019,1/5/2022 12:00:00 AM,1809,1,1,0,1,CLEAR,DRY,False,COLLISION WITH FIXED OBJECT NON - INTERSECTION - FIRST EVENT COLLISION 09 - 32 EXCLUDING 16,SINGLE VEHICLE,STRAIGHT & LEVEL,DARK-HWY LIGHTED/ON,,,1/10/2022 10:14:32 AM,False,7088,Accepted,
29576562,0568000,LOUISVILLE METRO POLICE DEPT,Accepted,JEFFERSON,I 0065,,I65 N,,,,,,,,,38.105202689,-85.701016522,124.484,1/5/2022 12:00:00 AM,1104,2,2,0,1,CLEAR,DRY,False,1 VEHICLE PARKED POSITION (NOT PARKING LOT/DRIVEWAY),SIDESWIPE-SAME DIRECTION,STRAIGHT & LEVEL,DAYLIGHT,,,1/12/2022 8:14:13 AM,False,8278,Accepted,
29576579,0568000,LOUISVILLE METRO POLICE DEPT,Accepted,JEFFERSON,KY0907,9506,3RD ST,RD,,,HOLIDAY,,,,,38.114962516,-85.828592856,2.455,1/5/2022 12:00:00 AM,2000,2,2,0,0,CLEAR,DRY,False,OPPOSITE DIRECTION - BOTH VEHICLES GOING STRAIGHT AHEAD,SIDESWIPE-OPPOSITE DIRECTION,CURVE & HILLCREST,DARK-HWY LIGHTED/ON,,,1/12/2022 8:15:34 AM,False,7115,Accepted,
29542603,0568000,LOUISVILLE METRO POLICE DEPT,Accepted,JEFFERSON,KY6329,,BILLTOWN FRONTAGE,RD,NW,,,,,,,38.147183039,-85.548490928,0.183,1/5/2022 12:00:00 AM,1519,3,3,0,0,CLEAR,DRY,True,1 VEHICLE ENTERING/LEAVING ENTRANCE,ANGLE,STRAIGHT & LEVEL,DAYLIGHT,,,1/7/2022 7:25:40 AM,False,7755,Accepted,
29540007,0568000,LOUISVILLE METRO POLICE DEPT,Accepted,JEFFERSON,,,OLD BARDSTOWN,RD,,KY2053,THIXTON,,,,,38.100553709,-85.566634217,2.154,1/5/2022 12:00:00 AM,1658,2,2,0,0,CLOUDY,DRY,False,ANGLE COLLISION - OTHER,ANGLE,STRAIGHT & LEVEL,DAYLIGHT,,,1/6/2022 8:13:26 AM,False,5141,Accepted,
29540013,0568000,LOUISVILLE METRO POLICE DEPT,Accepted,JEFFERSON,KY1727,,TERRY,RD,,KY1934,CANE RUN,,,,,38.178062887,-85.861858367,4.055,1/5/2022 12:00:00 AM,1714,2,2,0,1,CLEAR,DRY,False,OTHER INTERSECTION COLLISIONS,REAR END,CURVE & LEVEL,DAYLIGHT,,,1/6/2022 8:13:51 AM,False,2021,Accepted,
29540014,0568000,LOUISVILLE METRO POLICE DEPT,Accepted,JEFFERSON,,,SHIPP,AVE,W,,7TH,,,,,38.226269975,-85.769550619,0.011,1/5/2022 12:00:00 AM,1739,2,2,0,0,CLEAR,DRY,False,ANGLE COLLISION - ONE VEHICLE TURNING LEFT,ANGLE,CURVE & LEVEL,DAYLIGHT,,,1/6/2022 8:13:55 AM,False,7402,Accepted,
29540015,0568000,LOUISVILLE METRO POLICE DEPT,Accepted,JEFFERSON,KY1450,10709,BLUE LICK,RD,,,,,,,,38.091851875,-85.698524317,0.404,1/5/2022 12:00:00 AM,1932,1,1,0,1,CLEAR,DRY,False,COLLISION WITH FIXED OBJECT NON - INTERSECTION - FIRST EVENT COLLISION 09 - 32 EXCLUDING 16,SINGLE VEHICLE,STRAIGHT & LEVEL,DARK-HWY LIGHTED/OFF,,,1/6/2022 8:13:58 AM,False,5014,Accepted,
29542570,0568000,LOUISVILLE METRO POLICE DEPT,Accepted,JEFFERSON,US0060A,,LEXINGTON,RD,,,IOLA,,,,,38.250512000,-85.664329621,10.128,1/5/2022 12:00:00 AM,1446,2,2,0,0,CLEAR,DRY,False,ANGLE COLLISION - OTHER,ANGLE,STRAIGHT & LEVEL,DAYLIGHT,,,1/7/2022 7:23:53 AM,False,2673,Accepted,
29540021,0568000,LOUISVILLE METRO POLICE DEPT,Accepted,JEFFERSON,I 0264,,I264 E,,,I 0264,I264 E EXIT8 ON RAMP FROM US31W N,,,,,38.185790484,-85.804704935,7.938,1/5/2022 12:00:00 AM,1658,2,2,0,0,CLEAR,DRY,False,SIDESWIPE-SAME DIRECTION,SIDESWIPE-SAME DIRECTION,STRAIGHT & LEVEL,DUSK,,,1/6/2022 8:14:17 AM,False,7455,Accepted,
29540004,0568000,LOUISVILLE METRO POLICE DEPT,Accepted,JEFFERSON,KY2052,,SHEPHERDSVILLE,RD,,,ACAPOLCA,,,,,38.153670480,-85.659676426,1.035,1/5/2022 12:00:00 AM,0846,2,2,0,0,CLOUDY,DRY,False,ANGLE COLLISION - OTHER,ANGLE,STRAIGHT & LEVEL,DAYLIGHT,,,1/6/2022 8:13:16 AM,False,4693,Accepted,
29540005,0568000,LOUISVILLE METRO POLICE DEPT,Accepted,JEFFERSON,I 0071,,,,,,,,,,,38.273912495,-85.696643480,0.280,1/5/2022 12:00:00 AM,1432,2,2,0,0,CLEAR,DRY,False,OTHER RAMP RELATED COLLISIONS NOT LISTED ABOVE,REAR END,CURVE & HILLCREST,DAYLIGHT,I 0071,ZORN AVE,1/6/2022 8:13:20 AM,False,7128,Accepted,
29542589,0568000,LOUISVILLE METRO POLICE DEPT,Accepted,JEFFERSON,,,ASHBY,LN,,,TWILIGHT,,,,,38.108783837,-85.883769792,0.878,1/5/2022 12:00:00 AM,1434,2,2,0,0,CLOUDY,DRY,False,ANGLE COLLISION - OTHER,ANGLE,STRAIGHT & LEVEL,DAYLIGHT,,,1/7/2022 7:25:06 AM,False,2457,Accepted,
29539999,0568000,LOUISVILLE METRO POLICE DEPT,Accepted,JEFFERSON,,1000,NEIGHBORHOOD,PL,,,,,,,,38.116111867,-85.750368291,0.111,1/5/2022 12:00:00 AM,1012,2,1,0,1,CLEAR,DRY,False,COLLISION IN PARKING LOT,SINGLE VEHICLE,STRAIGHT & LEVEL,DAYLIGHT,,,1/6/2022 8:12:57 AM,False,7252,Accepted,
29542573,0568000,LOUISVILLE METRO POLICE DEPT,Accepted,JEFFERSON,KY2803,,ARTHUR,ST,,,,,,,,38.218381237,-85.752866486,0.003,1/5/2022 12:00:00 AM,1719,2,1,0,0,CLEAR,DRY,False,COLLISION WITH PEDESTRIAN NON - INTERSECTION,SINGLE VEHICLE,STRAIGHT & LEVEL,DUSK,,,1/7/2022 7:24:03 AM,False,7462,Accepted,
29576557,0568000,LOUISVILLE METRO POLICE DEPT,Accepted,JEFFERSON,I 0065,,I65 N,,,I 0065,I65 N EXIT133A OFF RAMP TO  EASTERN PKWY,,,,,38.209728164,-85.752862309,132.732,1/5/2022 12:00:00 AM,1609,2,2,0,1,CLEAR,DRY,False,SIDESWIPE-SAME DIRECTION,SIDESWIPE-SAME DIRECTION,STRAIGHT & LEVEL,DAYLIGHT,,,1/12/2022 8:13:52 AM,False,5388,Accepted,
29572126,0568000,LOUISVILLE METRO POLICE DEPT,Accepted,JEFFERSON,,510,CHESTNUT,ST,E,,,,,,,38.247476975,-85.744230272,0.477,1/4/2022 12:00:00 AM,2022,1,1,0,1,CLEAR,DRY,False,COLLISION WITH FIXED OBJECT NON - INTERSECTION - FIRST EVENT COLLISION 09 - 32 EXCLUDING 16,SINGLE VEHICLE,STRAIGHT & LEVEL,DARK-HWY LIGHTED/ON,,,1/11/2022 8:08:55 AM,False,5354,Accepted,
29549483,0568000,LOUISVILLE METRO POLICE DEPT,Accepted,JEFFERSON,,,3RD,ST,S,,WHITNEY,,,,,38.193998840,-85.764990401,0.455,1/4/2022 12:00:00 AM,1111,2,2,0,0,CLEAR,DRY,False,OPPOSING LEFT TURN,OPPOSING LEFT TURN,STRAIGHT & LEVEL,DAYLIGHT,,,1/10/2022 8:37:13 AM,False,5405,Accepted,
29535846,0568000,LOUISVILLE METRO POLICE DEPT,Accepted,JEFFERSON,,,7TH,ST,S,,ZANE,,,,,38.238842116,-85.764536320,1.492,1/4/2022 12:00:00 AM,1505,2,2,0,2,CLEAR,DRY,False,ANGLE COLLISION - OTHER,ANGLE,STRAIGHT & LEVEL,DAYLIGHT,,,1/5/2022 8:25:47 AM,False,7441,Accepted,
29531225,0568000,LOUISVILLE METRO POLICE DEPT,Accepted,JEFFERSON,KY1531,,EASTWOOD FISHERVILLE,RD,,,,,,,,38.190924915,-85.453910748,5.768,1/4/2022 12:00:00 AM,0306,1,1,0,0,CLEAR,ICE,False,RAN OFF ROADWAY (1 VEHICLE WITH/EARTH EMBANKMENT/DITCH),SINGLE VEHICLE,CURVE & GRADE,OTHER,,,1/4/2022 7:42:51 AM,False,7827,Accepted,
29542571,0568000,LOUISVILLE METRO POLICE DEPT,Accepted,JEFFERSON,I 0265,,I265 E,,,,,,,,,38.112353340,-85.690656112,10.862,1/4/2022 12:00:00 AM,1254,2,2,0,0,CLEAR,DRY,False,OTHER ROADWAY OR MID-BLOCK COLLISION,REAR END,STRAIGHT & LEVEL,DAYLIGHT,,,1/7/2022 7:23:56 AM,False,7751,Accepted,
29535854,0568000,LOUISVILLE METRO POLICE DEPT,Accepted,JEFFERSON,I 0265,,I265 N,,,,,,,,,38.300516010,-85.552903628,32.851,1/4/2022 12:00:00 AM,1834,1,1,0,0,CLOUDY,DRY,False,COLLISION WITH NON-FIXED OBJECT ,SINGLE VEHICLE,STRAIGHT & LEVEL,DARK-HWY LIGHTED/ON,,,1/5/2022 8:26:14 AM,False,2346,Accepted,
29535860,0568000,LOUISVILLE METRO POLICE DEPT,Accepted,JEFFERSON,KY0864,,POPLAR LEVEL,RD,,I 0264,I264 E EXIT14 ON RAMP FROM KY864 S,,,,,38.194532618,-85.707449318,11.253,1/4/2022 12:00:00 AM,2220,1,1,0,0,CLEAR,DRY,False,COLLISION WITH FIXED OBJECT IN INTERSECTION - FIRST EVENT COLLISION 09 - 32,SINGLE VEHICLE,STRAIGHT & HILLCREST,DARK-HWY LIGHTED/ON,,,1/5/2022 8:26:35 AM,False,5183,Accepted,
29535861,0568000,LOUISVILLE METRO POLICE DEPT,Accepted,JEFFERSON,,,BLUEGRASS,AVE,,KY1931,MANSLICK,,,,,38.179365963,-85.794211708,0.253,1/4/2022 12:00:00 AM,2105,3,3,0,0,CLEAR,DRY,False,OPPOSITE DIRECTION - BOTH VEHICLES GOING STRAIGHT AHEAD,SIDESWIPE-OPPOSITE DIRECTION,STRAIGHT & GRADE,DARK-HWY NOT LIGHTED,,,1/5/2022 8:26:38 AM,False,7040,Accepted,
29535835,0568000,LOUISVILLE METRO POLICE DEPT,Accepted,JEFFERSON,I 0071,,,,,,,,,,,38.274011409,-85.696822492,0.268,1/4/2022 12:00:00 AM,1250,2,2,0,0,CLEAR,DRY,False,OTHER RAMP RELATED COLLISIONS NOT LISTED ABOVE,REAR END,STRAIGHT & LEVEL,DAYLIGHT,I 0071,ZORN AVE,1/5/2022 8:25:03 AM,False,7028,Accepted,
29535843,0568000,LOUISVILLE METRO POLICE DEPT,Accepted,JEFFERSON,KY0155,,TAYLORSVILLE,RD,,,YORKSHIRE,,,,,38.220065055,-85.627899588,13.438,1/4/2022 12:00:00 AM,1544,3,3,0,0,CLEAR,DRY,False,OTHER INTERSECTION COLLISIONS,REAR END,STRAIGHT & LEVEL,DAYLIGHT,,,1/5/2022 8:25:36 AM,False,5247,Accepted,
29802297,0568000,LOUISVILLE METRO POLICE DEPT,Accepted,JEFFERSON,,,RURAL,WAY,,,RED LEAF,,,,,38.171298995,-85.661419409,0.107,1/4/2022 12:00:00 AM,1554,2,2,0,0,CLEAR,DRY,False,SIDESWIPE-SAME DIRECTION,SIDESWIPE-SAME DIRECTION,STRAIGHT & LEVEL,DAYLIGHT,,,3/11/2022 7:17:10 AM,False,5203,Accepted,
29667762,0568000,LOUISVILLE METRO POLICE DEPT,Accepted,JEFFERSON,KY1447,,WESTPORT,RD,,KY1747,HURSTBOURNE,,,,,38.288457414,-85.570338880,5.345,1/4/2022 12:00:00 AM,1938,2,2,0,1,CLEAR,WET,False,SIDESWIPE-SAME DIRECTION,SIDESWIPE-SAME DIRECTION,STRAIGHT & LEVEL,DARK-HWY LIGHTED/ON,,,2/7/2022 8:39:37 AM,False,5030,Accepted,
29540003,0568000,LOUISVILLE METRO POLICE DEPT,Accepted,JEFFERSON,I 0065,,,,,,,,,,,38.112427287,-85.700727301,0.495,1/4/2022 12:00:00 AM,0714,2,2,0,0,CLEAR,OTHER,False,OTHER RAMP RELATED COLLISIONS NOT LISTED ABOVE,ANGLE,CURVE & GRADE,DARK-HWY LIGHTED/ON,I 0065,I 0265,1/6/2022 8:13:13 AM,False,7720,Accepted,
29535856,0568000,LOUISVILLE METRO POLICE DEPT,Accepted,JEFFERSON,KY0061,,PRESTON,HWY,,,OAKLAWN,,,,,38.148819669,-85.692554800,4.727,1/4/2022 12:00:00 AM,1925,2,2,0,0,CLEAR,DRY,False,OTHER INTERSECTION COLLISIONS,REAR END,STRAIGHT & LEVEL,DARK-HWY NOT LIGHTED,,,1/5/2022 8:26:20 AM,False,5336,Accepted,
29535857,0568000,LOUISVILLE METRO POLICE DEPT,Accepted,JEFFERSON,US0150,1172,BROADWAY,,E,,,,BARRET,,ST ANTHONY,38.244059865,-85.731304639,3.863,1/4/2022 12:00:00 AM,2200,2,2,0,0,CLEAR,DRY,False,1 VEHICLE PARKED POSITION (NOT PARKING LOT/DRIVEWAY),REAR END,STRAIGHT & LEVEL,DARK-HWY LIGHTED/ON,,,1/5/2022 8:26:24 AM,False,5274,Accepted,
29535858,0568000,LOUISVILLE METRO POLICE DEPT,Accepted,JEFFERSON,,,WINGFIELD,LN,,,BEECH,,,,,38.219588246,-85.805699013,0.618,1/4/2022 12:00:00 AM,1939,3,3,0,1,CLEAR,DRY,True,OPPOSITE DIRECTION - BOTH VEHICLES GOING STRAIGHT AHEAD,SIDESWIPE-OPPOSITE DIRECTION,STRAIGHT & LEVEL,DARK-HWY LIGHTED/ON,,,1/5/2022 8:26:28 AM,False,5057,Accepted,
29535875,0568000,LOUISVILLE METRO POLICE DEPT,Accepted,JEFFERSON,I 0265,10,I265 W,,,,,,,,,38.110503852,-85.682802866,11.376,1/4/2022 12:00:00 AM,1810,2,2,0,1,CLOUDY,DRY,False,REAR END IN TRAFFIC LANES BOTH VEHICLES MOVING,REAR END,STRAIGHT & LEVEL,DARK-HWY LIGHTED/ON,,,1/5/2022 8:27:05 AM,False,7799,Accepted,
29535516,0560600,WEST BUECHEL POLICE DEPT.,Accepted,JEFFERSON,US0031E,3614,BUECHEL,BYP,,,,,,,,38.198370782,-85.661177292,10.980,1/4/2022 12:00:00 AM,1743,2,2,0,0,CLEAR,DRY,False,1 VEHICLE ENTERING/LEAVING ENTRANCE,ANGLE,STRAIGHT & LEVEL,OTHER,,,1/5/2022 6:54:01 AM,False,1290,Accepted,
29535830,0568000,LOUISVILLE METRO POLICE DEPT,Accepted,JEFFERSON,,,4TH,ST,S,,HEYWOOD,,,,,38.206445327,-85.765393886,3.492,1/4/2022 12:00:00 AM,0701,2,2,0,2,CLEAR,DRY,False,ANGLE COLLISION - OTHER,ANGLE,STRAIGHT & LEVEL,DAWN,,,1/5/2022 8:24:44 AM,False,5183,Accepted,
29535839,0568000,LOUISVILLE METRO POLICE DEPT,Accepted,JEFFERSON,KY1631,,CRITTENDEN,DR,,I 0264,I264 E EXIT11 OFF RAMP TO  CRITTENDEN DR,,,,,38.188618402,-85.750725485,0.047,1/4/2022 12:00:00 AM,1219,2,2,0,0,CLEAR,DRY,False,ANGLE COLLISION - OTHER,ANGLE,STRAIGHT & LEVEL,DAYLIGHT,,,1/5/2022 8:25:23 AM,False,4693,Accepted,
29535840,0568000,LOUISVILLE METRO POLICE DEPT,Accepted,JEFFERSON,,,FEGENBUSH,LN,,,,,,,,38.185725858,-85.638167653,0.106,1/4/2022 12:00:00 AM,1316,2,2,0,0,CLEAR,DRY,False,OTHER ROADWAY OR MID-BLOCK COLLISION,OPPOSING LEFT TURN,STRAIGHT & LEVEL,DAYLIGHT,,,1/5/2022 8:25:26 AM,False,4693,Accepted,
29535841,0568000,LOUISVILLE METRO POLICE DEPT,Accepted,JEFFERSON,,,JEFFERSON,ST,E,,BROOK,,,,,38.253131444,-85.750390279,0.958,1/4/2022 12:00:00 AM,1400,2,2,0,0,CLOUDY,DRY,False,ANGLE COLLISION - OTHER,ANGLE,STRAIGHT & LEVEL,DAYLIGHT,,,1/5/2022 8:25:29 AM,False,2406,Accepted,
29535848,0568000,LOUISVILLE METRO POLICE DEPT,Accepted,JEFFERSON,KY0061,,PRESTON,HWY,,,ANTLE,,,,,38.087499713,-85.667580002,0.270,1/4/2022 12:00:00 AM,1451,2,2,0,0,CLEAR,DRY,False,SIDESWIPE-SAME DIRECTION,SIDESWIPE-SAME DIRECTION,STRAIGHT & LEVEL,DAYLIGHT,,,1/5/2022 8:25:54 AM,False,2324,Accepted,
29535849,0568000,LOUISVILLE METRO POLICE DEPT,Accepted,JEFFERSON,I 0265,,,,,,,,,,,38.108617451,-85.673872414,0.160,1/4/2022 12:00:00 AM,1451,1,1,0,0,CLEAR,DRY,False,COLLISION WITH FIXED OBJECT NOT IN GORE ,SINGLE VEHICLE,CURVE & LEVEL,DAYLIGHT,KY0061,I 0265,1/5/2022 8:25:57 AM,False,2324,Accepted,
29535834,0568000,LOUISVILLE METRO POLICE DEPT,Accepted,JEFFERSON,,,MELLWOOD,AVE,,,ZORN,,,,,38.273532923,-85.696317047,1.487,1/4/2022 12:00:00 AM,1101,2,2,0,0,CLEAR,DRY,False,ANGLE COLLISION - OTHER,ANGLE,STRAIGHT & LEVEL,DAYLIGHT,,,1/5/2022 8:25:00 AM,False,7023,Accepted,
29535842,0568000,LOUISVILLE METRO POLICE DEPT,Accepted,JEFFERSON,,,BASHFORD MANOR,LN,,,,,ADELE,US0031E,BARDSTOWN,38.201773489,-85.666822537,0.152,1/4/2022 12:00:00 AM,1351,2,2,0,1,CLEAR,DRY,False,REAR END IN TRAFFIC LANES BOTH VEHICLES MOVING,REAR END,STRAIGHT & LEVEL,DAYLIGHT,,,1/5/2022 8:25:33 AM,False,5247,Accepted,
29531226,0568000,LOUISVILLE METRO POLICE DEPT,Accepted,JEFFERSON,,1630,ARLING,AVE,,,,,,,,38.174280400,-85.790076030,0.438,1/4/2022 12:00:00 AM,0212,2,2,0,0,CLEAR,DRY,True,1 VEHICLE PARKED POSITION (NOT PARKING LOT/DRIVEWAY),HEAD ON,CURVE & HILLCREST,DARK-HWY LIGHTED/ON,,,1/4/2022 7:42:54 AM,False,5183,Accepted,
29531218,0568000,LOUISVILLE METRO POLICE DEPT,Accepted,JEFFERSON,KY1931,,GREENWOOD,RD,,,DAISY,,,,,38.143911093,-85.850337184,2.549,1/3/2022 12:00:00 AM,2221,1,1,0,1,CLEAR,DRY,False,COLLISION WITH FIXED OBJECT IN INTERSECTION - FIRST EVENT COLLISION 09 - 32,SINGLE VEHICLE,STRAIGHT & LEVEL,DARK-HWY NOT LIGHTED,,,1/4/2022 7:42:26 AM,False,5212,Accepted,
29531219,0568000,LOUISVILLE METRO POLICE DEPT,Accepted,JEFFERSON,KY1932,,BRECKENRIDGE,LN,,KY6158,PUMP STATE ACCESS,,,,,38.195557855,-85.625359817,0.965,1/3/2022 12:00:00 AM,2245,2,2,0,0,CLEAR,ICE,False,COLLISION WITH PARKED VEHICLE,SIDESWIPE-SAME DIRECTION,STRAIGHT & GRADE,DARK-HWY LIGHTED/ON,,,1/4/2022 7:42:29 AM,False,2081,Accepted,
29531220,0568000,LOUISVILLE METRO POLICE DEPT,Accepted,JEFFERSON,KY0155,,TAYLORSVILLE,RD,,,,,,,,38.223010662,-85.670390748,15.696,1/3/2022 12:00:00 AM,1820,2,2,0,0,CLOUDY,DRY,False,REAR END IN TRAFFIC LANES BOTH VEHICLES MOVING,REAR END,STRAIGHT & LEVEL,DARK-HWY LIGHTED/ON,,,1/4/2022 7:42:33 AM,False,7022,Accepted,
29531221,0568000,LOUISVILLE METRO POLICE DEPT,Accepted,JEFFERSON,I 0265,,I265 E,,,,,,,,,38.112071158,-85.690989372,10.850,1/3/2022 12:00:00 AM,2006,2,2,0,0,CLEAR,DRY,False,REAR END IN TRAFFIC LANES BOTH VEHICLES MOVING,REAR END,STRAIGHT & LEVEL,DARK-HWY NOT LIGHTED,,,1/4/2022 7:42:36 AM,False,5138,Accepted,
29531209,0568000,LOUISVILLE METRO POLICE DEPT,Accepted,JEFFERSON,KY1747,,HURSTBOURNE,PKWY,S,,AMBROSSE,,,,,38.195851482,-85.603626519,9.387,1/3/2022 12:00:00 AM,1159,2,2,0,1,CLEAR,DRY,False,OPPOSING LEFT TURN,OPPOSING LEFT TURN,STRAIGHT & LEVEL,DAYLIGHT,,,1/4/2022 7:41:50 AM,False,4693,Accepted,
29531213,0568000,LOUISVILLE METRO POLICE DEPT,Accepted,JEFFERSON,KY1934,,GREENBELT,HWY,,,ASHBY,,,,,38.110742376,-85.894266718,1.902,1/3/2022 12:00:00 AM,1759,2,2,0,0,CLEAR,DRY,False,ANGLE COLLISION - OTHER,ANGLE,STRAIGHT & LEVEL,DARK-HWY NOT LIGHTED,,,1/4/2022 7:42:06 AM,False,7205,Accepted,
29535855,0568000,LOUISVILLE METRO POLICE DEPT,Accepted,JEFFERSON,KY1020,,2ND,ST,S,,JEFFERSON,,,,,38.253755787,-85.753851597,12.647,1/3/2022 12:00:00 AM,1945,2,2,0,0,CLEAR,DRY,False,OTHER INTERSECTION COLLISIONS,REAR END,STRAIGHT & LEVEL,DARK-HWY LIGHTED/ON,,,1/5/2022 8:26:17 AM,False,5268,Accepted,
29535831,0568000,LOUISVILLE METRO POLICE DEPT,Accepted,JEFFERSON,,,MUHAMMAD ALI,BLVD,E,,BROOK,,,,,38.250569767,-85.751578661,0.979,1/3/2022 12:00:00 AM,1610,2,2,0,0,CLEAR,DRY,False,SIDESWIPE-SAME DIRECTION,SIDESWIPE-SAME DIRECTION,STRAIGHT & LEVEL,DAYLIGHT,,,1/5/2022 8:24:48 AM,False,7862,Accepted,
29535833,0568000,LOUISVILLE METRO POLICE DEPT,Accepted,JEFFERSON,,,BANK,ST,,I 0264,I264 E EXIT1 OFF RAMP TO,,,,,38.272023061,-85.809752799,0.465,1/3/2022 12:00:00 AM,1157,2,2,0,2,CLEAR,DRY,False,ANGLE COLLISION - OTHER,ANGLE,STRAIGHT & LEVEL,DAYLIGHT,,,1/5/2022 8:24:55 AM,False,5282,Accepted,
29535836,0568000,LOUISVILLE METRO POLICE DEPT,Accepted,JEFFERSON,I 0065,,I65 N,,,,,I 0065,I65 N EXIT132 ON RAMP FROM  CRITTENDEN DR,I 0065,I65 N RAMP FROM I264,38.195429077,-85.733147854,131.150,1/3/2022 12:00:00 AM,1553,2,2,0,0,CLEAR,DRY,False,SIDESWIPE COLLISION - SAME DIRECTION,SIDESWIPE-SAME DIRECTION,STRAIGHT & LEVEL,DAYLIGHT,,,1/5/2022 8:25:09 AM,False,5394,Accepted,
29535837,0568000,LOUISVILLE METRO POLICE DEPT,Accepted,JEFFERSON,,,ARLING,AVE,,,HAZELWOOD,,,,,38.174022357,-85.793390854,0.620,1/3/2022 12:00:00 AM,1318,3,3,0,1,CLEAR,DRY,False,OPPOSING LEFT TURN,OPPOSING LEFT TURN,STRAIGHT & LEVEL,DAYLIGHT,,,1/5/2022 8:25:15 AM,False,5378,Accepted,
29535851,0568000,LOUISVILLE METRO POLICE DEPT,Accepted,JEFFERSON,,,BRECKINRIDGE,ST,E,,,,,,,38.241191158,-85.752505155,1.509,1/3/2022 12:00:00 AM,1214,2,2,0,1,CLEAR,DRY,False,1 VEHICLE ENTERING/LEAVING ENTRANCE,ANGLE,STRAIGHT & LEVEL,DAYLIGHT,,,1/5/2022 8:26:03 AM,False,5258,Accepted,