IncidentID,AgencyORI,AgencyName,IncidentStatusDesc,County,RdwyNumber,Street,RoadwayName,StreetSfx,StreetDir,IntersectionRdwy,IntersectionRdwyName,BetweenStRdwy1,BetweenStRdwyName1,BetweenStRdwy2,BetweenStRdwyName2,Latitude,Longitude,Milepoint,CollisionDate,CollisionTime,UnitsInvolved,MotorVehiclesInvolved,NumberKilled,NumberInjured,Weather,RdwyConditionCode,HitandRun,DirAnalysisCode,MannerofCollision,RdwyCharacter,LightCondition,RampFromRdwyId,RampToRdwyId,AcceptedDate,IsSecondaryCollision,OwnerBadge,IncidentStatus,
29535853,0568000,LOUISVILLE METRO POLICE DEPT,Accepted,JEFFERSON,KY0864,,FEGENBUSH,LN,,KY0864,BEULAH CHURCH,,,,,38.137646606,-85.613440361,4.250,1/3/2022 12:00:00 AM,1533,2,2,0,1,CLEAR,DRY,False,ANGLE COLLISION - ONE VEHICLE TURNING LEFT,ANGLE,STRAIGHT & LEVEL,DAYLIGHT,,,1/5/2022 8:26:10 AM,False,7484,Accepted,
29526336,0568000,LOUISVILLE METRO POLICE DEPT,Accepted,JEFFERSON,,,DUNCAN,ST,,US0150,22ND,,,,,38.262573846,-85.785815448,0.487,1/3/2022 12:00:00 AM,0315,2,2,0,1,CLEAR,DRY,True,ANGLE COLLISION - OTHER,ANGLE,STRAIGHT & LEVEL,DARK-HWY LIGHTED/ON,,,1/3/2022 7:52:45 AM,False,5306,Accepted,
29531206,0568000,LOUISVILLE METRO POLICE DEPT,Accepted,JEFFERSON,US0031W,,DIXIE,HWY,,KY1931,GREENWOOD,,,,,38.143514990,-85.839747393,11.686,1/3/2022 12:00:00 AM,1139,2,2,0,0,CLEAR,DRY,False,OTHER INTERSECTION COLLISIONS,REAR END,STRAIGHT & LEVEL,DAYLIGHT,,,1/4/2022 7:41:01 AM,False,2021,Accepted,
29531207,0568000,LOUISVILLE METRO POLICE DEPT,Accepted,JEFFERSON,US0060,8905,SHELBYVILLE,RD,,,,,,,,38.248459767,-85.602144608,6.477,1/3/2022 12:00:00 AM,1239,2,2,0,0,CLEAR,DRY,True,SIDESWIPE COLLISION - SAME DIRECTION,SIDESWIPE-SAME DIRECTION,STRAIGHT & LEVEL,DAYLIGHT,,,1/4/2022 7:41:08 AM,False,7876,Accepted,
29531208,0568000,LOUISVILLE METRO POLICE DEPT,Accepted,JEFFERSON,US0031E,,BARDSTOWN,RD,,I 0264,I264 E EXIT16 ON RAMP FROM US31E N,,,,,38.209740665,-85.669929074,11.913,1/3/2022 12:00:00 AM,0825,2,2,0,0,CLEAR,DRY,False,SIDESWIPE-SAME DIRECTION,SIDESWIPE-SAME DIRECTION,STRAIGHT & LEVEL,DAYLIGHT,,,1/4/2022 7:41:15 AM,False,4693,Accepted,
29531214,0568000,LOUISVILLE METRO POLICE DEPT,Accepted,JEFFERSON,KY1065,,OUTER,LOOP,,,ROBBS,,,,,38.138012476,-85.665264868,7.231,1/3/2022 12:00:00 AM,1208,2,2,0,2,CLEAR,DRY,False,ANGLE COLLISION - OTHER,ANGLE,STRAIGHT & LEVEL,DAYLIGHT,,,1/4/2022 7:42:10 AM,False,5314,Accepted,
29531215,0568000,LOUISVILLE METRO POLICE DEPT,Accepted,JEFFERSON,US0031W,,DIXIE,HWY,,,DIXIE GARDEN,,,,,38.099037445,-85.871954180,7.979,1/3/2022 12:00:00 AM,1622,2,2,0,0,CLEAR,DRY,False,ANGLE COLLISION - OTHER,ANGLE,STRAIGHT & LEVEL,DAYLIGHT,,,1/4/2022 7:42:16 AM,False,7234,Accepted,
29531216,0568000,LOUISVILLE METRO POLICE DEPT,Accepted,JEFFERSON,,300,SHORT,ST,,,,,,,,38.263144140,-85.784737892,0.004,1/3/2022 12:00:00 AM,1822,2,2,0,0,CLEAR,DRY,False,1 VEHICLE PARKED POSITION (NOT PARKING LOT/DRIVEWAY),SIDESWIPE-SAME DIRECTION,STRAIGHT & LEVEL,DARK-HWY LIGHTED/ON,,,1/4/2022 7:42:19 AM,False,5158,Accepted,
29531217,0568000,LOUISVILLE METRO POLICE DEPT,Accepted,JEFFERSON,KY1065,,OUTER,LOOP,,,NOLTEMEYER WYNDE,,,,,38.138260181,-85.680451478,6.405,1/3/2022 12:00:00 AM,1815,2,2,0,0,CLEAR,DRY,False,ANGLE COLLISION - OTHER,ANGLE,STRAIGHT & LEVEL,DAYLIGHT,,,1/4/2022 7:42:22 AM,False,5042,Accepted,
29653241,0568000,LOUISVILLE METRO POLICE DEPT,Accepted,JEFFERSON,,2225,BROADWAY,,W,,,,,,,38.249296931,-85.788124347,0.006,1/3/2022 12:00:00 AM,1129,3,2,0,1,CLEAR,DRY,False,1 VEHICLE ENTERING/LEAVING ENTRANCE,ANGLE,STRAIGHT & LEVEL,DAYLIGHT,,,2/2/2022 8:20:38 AM,False,5108,Accepted,
29592468,0566900,LOUISVILLE AIRPORT POLICE,Accepted,JEFFERSON,,4500,TOLL PLAZA,RD,,,,,,,,38.187739334,-85.740867548,0.003,1/3/2022 12:00:00 AM,1524,2,2,0,0,CLEAR,DRY,True,COLLISION IN PARKING LOT,SIDESWIPE-OPPOSITE DIRECTION,STRAIGHT & LEVEL,OTHER,,,1/16/2022 3:49:09 PM,False,5844,Accepted,
29896298,0568000,LOUISVILLE METRO POLICE DEPT,Accepted,JEFFERSON,KY0148,,TAYLORSVILLE,RD,,,ENGLISH STATION,,,,,38.191407784,-85.471866355,0.270,1/3/2022 12:00:00 AM,1921,2,2,0,0,CLEAR,DRY,False,ANGLE COLLISION - OTHER,ANGLE,STRAIGHT & LEVEL,DAYLIGHT,,,4/4/2022 8:34:32 AM,False,5138,Accepted,
29526301,0568000,LOUISVILLE METRO POLICE DEPT,Accepted,JEFFERSON,,,VAUGHN MILL,RD,,KY1065,OUTER,,,,,38.138207970,-85.627764765,0.602,1/2/2022 12:00:00 AM,0435,1,1,0,0,RAINING,WET,False,COLLISION WITH FIXED OBJECT IN INTERSECTION - FIRST EVENT COLLISION 09 - 32,SINGLE VEHICLE,CURVE & LEVEL,DARK-HWY LIGHTED/OFF,,,1/3/2022 7:50:54 AM,False,5342,Accepted,
29526309,0568000,LOUISVILLE METRO POLICE DEPT,Accepted,JEFFERSON,US0031,,CLARK MEMORIAL,BRG,,,,,,,,38.259288666,-85.752639824,0.213,1/2/2022 12:00:00 AM,0543,3,3,0,1,RAINING,WET,False,SIDESWIPE COLLISION - OPPOSITE DIRECTION,SIDESWIPE-OPPOSITE DIRECTION,STRAIGHT & LEVEL,DARK-HWY LIGHTED/OFF,,,1/3/2022 7:51:23 AM,False,5367,Accepted,
29526310,0568000,LOUISVILLE METRO POLICE DEPT,Accepted,JEFFERSON,I 0064,,I64 E,,,,,,,,,38.258766189,-85.765284502,4.046,1/2/2022 12:00:00 AM,0759,1,1,0,0,CLOUDY,WET,False,OTHER ROADWAY OR MID-BLOCK COLLISION,SINGLE VEHICLE,STRAIGHT & LEVEL,DAYLIGHT,,,1/3/2022 7:51:28 AM,False,7904,Accepted,
29526311,0568000,LOUISVILLE METRO POLICE DEPT,Accepted,JEFFERSON,,,ORMSBY,AVE,W,,GARVIN,,,,,38.233006093,-85.762393305,0.366,1/2/2022 12:00:00 AM,1039,2,2,0,1,CLOUDY,WET,False,ANGLE COLLISION - OTHER,ANGLE,STRAIGHT & LEVEL,DAYLIGHT,,,1/3/2022 7:51:31 AM,False,7619,Accepted,
29526318,0568000,LOUISVILLE METRO POLICE DEPT,Accepted,JEFFERSON,,1115,PENILE,RD,,,,,,,,38.114349401,-85.785999721,0.113,1/2/2022 12:00:00 AM,1318,1,1,0,0,RAINING,WET,False,COLLISION WITH FIXED OBJECT NON - INTERSECTION - FIRST EVENT COLLISION 09 - 32 EXCLUDING 16,SINGLE VEHICLE,STRAIGHT & LEVEL,DAYLIGHT,,,1/3/2022 7:51:47 AM,False,2098,Accepted,
29526327,0568000,LOUISVILLE METRO POLICE DEPT,Accepted,JEFFERSON,KY1065,,OUTER,LOOP,,,ALS,,,,,38.126300103,-85.774332952,1.119,1/2/2022 12:00:00 AM,1900,2,2,0,0,CLEAR,DRY,False,VEHICLE BACKING IN INTERSECTION,BACKING,STRAIGHT & LEVEL,DARK-HWY LIGHTED/ON,,,1/3/2022 7:52:13 AM,False,7263,Accepted,
29526328,0568000,LOUISVILLE METRO POLICE DEPT,Accepted,JEFFERSON,,220,KINGSTON,AVE,W,,,,,,,38.173032214,-85.767516297,0.199,1/2/2022 12:00:00 AM,1041,2,2,0,0,RAINING,WET,False,1 VEHICLE PARKED POSITION (NOT PARKING LOT/DRIVEWAY),REAR END,STRAIGHT & LEVEL,DAYLIGHT,,,1/3/2022 7:52:16 AM,False,5230,Accepted,
29526335,0568000,LOUISVILLE METRO POLICE DEPT,Accepted,JEFFERSON,KY0841,,GENE SNYDER,FWY,,,,,,,,38.115529546,-85.707563216,9.909,1/2/2022 12:00:00 AM,1900,2,2,0,0,CLEAR,DRY,False,SIDESWIPE COLLISION - SAME DIRECTION,SIDESWIPE-SAME DIRECTION,STRAIGHT & LEVEL,DARK-HWY LIGHTED/ON,,,1/3/2022 7:52:42 AM,False,5198,Accepted,
29540006,0568000,LOUISVILLE METRO POLICE DEPT,Accepted,JEFFERSON,US0031E,,BARDSTOWN,RD,,KY1747,HURSTBOURNE,,,,,38.169146341,-85.605426006,7.226,1/2/2022 12:00:00 AM,1801,2,2,0,0,CLEAR,DRY,False,OTHER INTERSECTION COLLISIONS,REAR END,STRAIGHT & LEVEL,DARK-HWY NOT LIGHTED,,,1/6/2022 8:13:23 AM,False,7755,Accepted,
29539994,0568000,LOUISVILLE METRO POLICE DEPT,Accepted,JEFFERSON,,,DIXIE,HWY,,,GARLAND,,,,,38.243276875,-85.784379719,0.415,1/2/2022 12:00:00 AM,1931,2,2,0,0,CLEAR,DRY,False,SIDESWIPE-SAME DIRECTION,SIDESWIPE-SAME DIRECTION,STRAIGHT & LEVEL,DARK-HWY LIGHTED/ON,,,1/6/2022 8:12:44 AM,False,5402,Accepted,
29535874,0568000,LOUISVILLE METRO POLICE DEPT,Accepted,JEFFERSON,,,MARKET,ST,W,,,,,,,38.260363158,-85.801584183,0.832,1/2/2022 12:00:00 AM,1413,2,1,0,1,CLOUDY,DRY,True,COLLISION WITH BICYCLIST NON INTERSECTION,SINGLE VEHICLE,STRAIGHT & LEVEL,DAYLIGHT,,,1/5/2022 8:27:02 AM,False,7628,Accepted,
29526330,0568000,LOUISVILLE METRO POLICE DEPT,Accepted,JEFFERSON,,,3RD,ST,S,,LANSING,,,,,38.192575776,-85.764949742,0.552,1/2/2022 12:00:00 AM,1928,2,1,0,1,CLEAR,DRY,True,OTHER INTERSECTION COLLISIONS,SINGLE VEHICLE,STRAIGHT & LEVEL,DARK-HWY NOT LIGHTED,,,1/3/2022 7:52:23 AM,False,7402,Accepted,
29526338,0568000,LOUISVILLE METRO POLICE DEPT,Accepted,JEFFERSON,,7814,MANGO,DR,,,,,,,,38.139997368,-85.856903093,0.309,1/2/2022 12:00:00 AM,2319,1,1,0,0,CLEAR,DRY,False,OTHER ROADWAY OR MID-BLOCK COLLISION,SINGLE VEHICLE,STRAIGHT & LEVEL,DARK-HWY LIGHTED/ON,,,1/3/2022 7:52:53 AM,False,7166,Accepted,
29531202,0568000,LOUISVILLE METRO POLICE DEPT,Accepted,JEFFERSON,KY0061,7100,PRESTON,HWY,,,,,,,,38.149305547,-85.692794390,4.623,1/2/2022 12:00:00 AM,1317,2,2,0,0,CLOUDY,DRY,False,COLLISION IN PARKING LOT,ANGLE,STRAIGHT & LEVEL,DAYLIGHT,,,1/4/2022 7:40:37 AM,False,7799,Accepted,
29526321,0568000,LOUISVILLE METRO POLICE DEPT,Accepted,JEFFERSON,US0031W,,DR W J HODGE,ST,,,MADISON,,,,,38.253325150,-85.785790110,19.958,1/2/2022 12:00:00 AM,1515,3,3,0,1,CLOUDY,DRY,True,ANGLE COLLISION - OTHER,ANGLE,STRAIGHT & LEVEL,DAYLIGHT,,,1/3/2022 7:51:50 AM,False,7463,Accepted,
29526322,0568000,LOUISVILLE METRO POLICE DEPT,Accepted,JEFFERSON,US0031E,,BARDSTOWN,RD,,I 0265,I265 E EXIT17 OFF RAMP TO US31E,,,,,38.139364823,-85.582223398,4.755,1/2/2022 12:00:00 AM,1458,2,2,0,3,CLOUDY,DRY,False,ANGLE COLLISION - OTHER,ANGLE,STRAIGHT & LEVEL,DAYLIGHT,,,1/3/2022 7:51:54 AM,False,6878,Accepted,
29526329,0568000,LOUISVILLE METRO POLICE DEPT,Accepted,JEFFERSON,,3027,RIVER PARK,DR,,,,,,,,38.253820553,-85.802164359,1.361,1/2/2022 12:00:00 AM,1214,2,2,0,0,CLEAR,DRY,False,1 VEHICLE PARKED POSITION (NOT PARKING LOT/DRIVEWAY),REAR END,STRAIGHT & LEVEL,DAYLIGHT,,,1/3/2022 7:52:20 AM,False,5338,Accepted,
29531204,0568000,LOUISVILLE METRO POLICE DEPT,Accepted,JEFFERSON,,,39TH,ST,S,,LARKWOOD,,,,,38.258699658,-85.814864505,1.225,1/2/2022 12:00:00 AM,1624,2,2,0,1,CLEAR,DRY,False,ANGLE COLLISION - OTHER,ANGLE,STRAIGHT & LEVEL,DAYLIGHT,,,1/4/2022 7:40:45 AM,False,5129,Accepted,
29526313,0568000,LOUISVILLE METRO POLICE DEPT,Accepted,JEFFERSON,,,12TH,ST,S,,OAK,,,,,38.236252144,-85.773585015,1.166,1/2/2022 12:00:00 AM,1306,2,2,0,0,CLOUDY,DRY,True,ANGLE COLLISION - OTHER,ANGLE,STRAIGHT & LEVEL,DAYLIGHT,,,1/3/2022 7:51:40 AM,False,5355,Accepted,
29526324,0568000,LOUISVILLE METRO POLICE DEPT,Accepted,JEFFERSON,I 0065,,I65 S,,,,,,,,,38.206619645,-85.748424204,132.381,1/2/2022 12:00:00 AM,0816,1,1,0,1,CLOUDY,WET,False,COLLISION WITH FIXED OBJECT NON - INTERSECTION - FIRST EVENT COLLISION 09 - 32 EXCLUDING 16,SINGLE VEHICLE,CURVE & HILLCREST,DARK-HWY LIGHTED/ON,,,1/3/2022 7:52:01 AM,False,7402,Accepted,
29526457,0560600,WEST BUECHEL POLICE DEPT.,Accepted,JEFFERSON,,,PRODUCE,RD,,,PETERSBURG,,,,,38.189716321,-85.672397793,1.291,1/2/2022 12:00:00 AM,1718,2,2,0,0,CLOUDY,DRY,False,ANGLE COLLISION - OTHER,ANGLE,STRAIGHT & LEVEL,DAYLIGHT,,,1/3/2022 8:18:59 AM,False,1292,Accepted,
29788526,0568000,LOUISVILLE METRO POLICE DEPT,Accepted,JEFFERSON,US0031W,,DIXIE,HWY,,,,,,,,38.121208369,-85.855633030,9.746,1/2/2022 12:00:00 AM,0649,2,2,0,0,CLOUDY,WET,False,1 VEHICLE ENTERING/LEAVING ENTRANCE,ANGLE,STRAIGHT & LEVEL,DARK-HWY LIGHTED/ON,,,3/8/2022 8:32:14 AM,False,7244,Accepted,
29878277,0568000,LOUISVILLE METRO POLICE DEPT,Accepted,JEFFERSON,,,BROADWAY,,W,,34TH,,,,,38.249882215,-85.808092434,1.083,1/1/2022 12:00:00 AM,1300,3,3,0,0,RAINING,WET,False,REAR END - ONE VEHICLE TURNING RIGHT,REAR END,STRAIGHT & LEVEL,DAYLIGHT,,,3/30/2022 8:15:25 AM,False,5160,Accepted,
29572106,0568000,LOUISVILLE METRO POLICE DEPT,Accepted,JEFFERSON,I 0065,,I65 N,,,I 0065,I65 N EXIT131 OFF RAMP TO  FREEDOM WAY N,,,,,38.189140434,-85.728170841,130.635,1/1/2022 12:00:00 AM,1148,2,2,0,1,RAINING,WET,False,OTHER INTERSECTION COLLISIONS,REAR END,STRAIGHT & HILLCREST,DAYLIGHT,,,1/11/2022 8:07:57 AM,False,7341,Accepted,
29521975,0561000,JEFFERSONTOWN POLICE DEPT,Accepted,JEFFERSON,I 0064,,I64 E,,,,,,,,,38.222738206,-85.515346341,18.448,1/1/2022 12:00:00 AM,1007,1,1,0,0,RAINING,WET,False,OTHER ROADWAY OR MID-BLOCK COLLISION,SINGLE VEHICLE,STRAIGHT & LEVEL,DAYLIGHT,,,1/1/2022 3:45:38 PM,False,8318,Accepted,
29526333,0568000,LOUISVILLE METRO POLICE DEPT,Accepted,JEFFERSON,I 0065,,I65 N,,,,,,,,,38.207183382,-85.750343170,132.511,1/1/2022 12:00:00 AM,2040,1,1,0,2,RAINING,WET,False,COLLISION WITH FIXED OBJECT NON - INTERSECTION - FIRST EVENT COLLISION 09 - 32 EXCLUDING 16,SINGLE VEHICLE,CURVE & LEVEL,DARK-HWY NOT LIGHTED,,,1/3/2022 7:52:35 AM,False,5213,Accepted,
29535650,0566900,LOUISVILLE AIRPORT POLICE,Accepted,JEFFERSON,,600,LOWER TERMINAL,DR,,,,,,,,38.187899784,-85.739375303,0.414,1/1/2022 12:00:00 AM,2010,1,1,0,0,RAINING,WET,False,COLLISION WITH FIXED OBJECT NON - INTERSECTION - FIRST EVENT COLLISION 09 - 32 EXCLUDING 16,SINGLE VEHICLE,CURVE & HILLCREST,DARK-HWY LIGHTED/ON,,,1/5/2022 7:14:38 AM,False,5831,Accepted,
29526331,0568000,LOUISVILLE METRO POLICE DEPT,Accepted,JEFFERSON,KY0061,,PRESTON,HWY,,,GLEN ROSE,,,,,38.114056266,-85.676012339,2.121,1/1/2022 12:00:00 AM,0444,2,2,0,0,RAINING,WET,False,COLLISION WITH PARKED VEHICLE,REAR END,STRAIGHT & LEVEL,DARK-HWY LIGHTED/ON,,,1/3/2022 7:52:27 AM,False,5264,Accepted,
29526298,0568000,LOUISVILLE METRO POLICE DEPT,Accepted,JEFFERSON,US0150,,BROADWAY,,W,,10TH,,,,,38.247169541,-85.768310584,1.831,1/1/2022 12:00:00 AM,1933,2,2,0,1,RAINING,WATER (STANDING OR MOVING),True,ANGLE COLLISION - OTHER,ANGLE,STRAIGHT & LEVEL,DARK-HWY LIGHTED/ON,,,1/3/2022 7:50:42 AM,False,5275,Accepted,
29526299,0568000,LOUISVILLE METRO POLICE DEPT,Accepted,JEFFERSON,,,RUSSETT,BLVD,,,ROBINWOOD,,,,,38.165584082,-85.665107260,0.182,1/1/2022 12:00:00 AM,2119,1,1,0,0,RAINING,WET,True,OTHER INTERSECTION COLLISIONS,SINGLE VEHICLE,STRAIGHT & LEVEL,DARK-HWY LIGHTED/ON,,,1/3/2022 7:50:46 AM,False,5326,Accepted,
29526305,0568000,LOUISVILLE METRO POLICE DEPT,Accepted,JEFFERSON,,,CRUMS,LN,,KY1931,MANSLICK,,,,,38.189230786,-85.801334324,0.430,1/1/2022 12:00:00 AM,2232,2,2,0,1,RAINING,WET,False,OPPOSING LEFT TURN,OPPOSING LEFT TURN,STRAIGHT & LEVEL,DARK-HWY LIGHTED/ON,,,1/3/2022 7:51:02 AM,False,7426,Accepted,
29526307,0568000,LOUISVILLE METRO POLICE DEPT,Accepted,JEFFERSON,KY0022,,BROWNSBORO,RD,,,CHAMBERLAIN,,,,,38.312808360,-85.567450620,4.437,1/1/2022 12:00:00 AM,1959,2,2,0,0,RAINING,WET,False,OPPOSING LEFT TURN,OPPOSING LEFT TURN,STRAIGHT & LEVEL,DARK-HWY LIGHTED/ON,,,1/3/2022 7:51:13 AM,False,7159,Accepted,
29526288,0568000,LOUISVILLE METRO POLICE DEPT,Accepted,JEFFERSON,KY0864,,LOGAN,ST,,,KENTUCKY,,,,,38.236851413,-85.739523433,14.869,1/1/2022 12:00:00 AM,1310,2,2,0,1,RAINING,WATER (STANDING OR MOVING),False,COLLISION WITH PARKED VEHICLE,REAR END,STRAIGHT & LEVEL,DAYLIGHT,,,1/3/2022 7:50:02 AM,False,5388,Accepted,
29526291,0568000,LOUISVILLE METRO POLICE DEPT,Accepted,JEFFERSON,,,BROOK,ST,S,,BURNETT,,,,,38.226577784,-85.755059431,1.436,1/1/2022 12:00:00 AM,1244,2,2,0,0,RAINING,WET,False,COLLISION WITH FIXED OBJECT IN INTERSECTION - FIRST EVENT COLLISION 09 - 32,ANGLE,STRAIGHT & LEVEL,DAYLIGHT,,,1/3/2022 7:50:14 AM,False,7619,Accepted,
29526296,0568000,LOUISVILLE METRO POLICE DEPT,Accepted,JEFFERSON,KY0146,,LA GRANGE,RD,,I 0265,I265 S EXIT30 ON RAMP FROM KY146,,,,,38.284453016,-85.514572436,7.202,1/1/2022 12:00:00 AM,1803,2,2,0,1,RAINING,WET,False,OPPOSING LEFT TURN,OPPOSING LEFT TURN,STRAIGHT & LEVEL,DARK-HWY NOT LIGHTED,,,1/3/2022 7:50:34 AM,False,7633,Accepted,
29526297,0568000,LOUISVILLE METRO POLICE DEPT,Accepted,JEFFERSON,KY1747,,HURSTBOURNE,PKWY,S,,VASSEL,,,,,38.158945702,-85.626329009,6.069,1/1/2022 12:00:00 AM,1455,2,2,0,1,RAINING,WET,False,OTHER INTERSECTION COLLISIONS,REAR END,STRAIGHT & LEVEL,DAYLIGHT,,,1/3/2022 7:50:38 AM,False,7812,Accepted,
29535866,0568000,LOUISVILLE METRO POLICE DEPT,Accepted,JEFFERSON,KY1142,922,PALATKA,RD,,,,,,,,38.150521511,-85.775799570,1.482,1/1/2022 12:00:00 AM,1025,1,1,0,0,RAINING,WET,True,OTHER ROADWAY OR MID-BLOCK COLLISION,SINGLE VEHICLE,,DAYLIGHT,,,1/5/2022 8:26:52 AM,False,7427,Accepted,
29535867,0568000,LOUISVILLE METRO POLICE DEPT,Accepted,JEFFERSON,KY1865,4807,NEW CUT,RD,,,,,,,,38.168705025,-85.780967577,4.266,1/1/2022 12:00:00 AM,1304,2,2,0,0,RAINING,WATER (STANDING OR MOVING),False,REAR END IN TRAFFIC LANES BOTH VEHICLES MOVING,REAR END,STRAIGHT & LEVEL,DAYLIGHT,,,1/5/2022 8:26:55 AM,False,7427,Accepted,
29526263,0568000,LOUISVILLE METRO POLICE DEPT,Accepted,JEFFERSON,I 0264,,I264 W,,,,,,,,,38.190569734,-85.726879046,12.238,1/1/2022 12:00:00 AM,0321,2,2,0,0,RAINING,WET,False,1 VEHICLE ENTERING/LEAVING ENTRANCE,ANGLE,STRAIGHT & LEVEL,DARK-HWY LIGHTED/ON,,,1/3/2022 7:48:16 AM,False,5302,Accepted,
29526264,0568000,LOUISVILLE METRO POLICE DEPT,Accepted,JEFFERSON,,2000,RIVER,RD,,,,,,,,38.267580793,-85.717109750,1.739,1/1/2022 12:00:00 AM,0259,2,2,0,1,RAINING,WET,True,HEAD-ON COLLISION,HEAD ON,STRAIGHT & LEVEL,DARK-HWY NOT LIGHTED,,,1/3/2022 7:48:21 AM,False,5029,Accepted,
29526265,0568000,LOUISVILLE METRO POLICE DEPT,Accepted,JEFFERSON,KY1865,,NEW CUT,RD,,KY1065,OUTER,,,,,38.126228558,-85.776210992,1.252,1/1/2022 12:00:00 AM,0519,2,2,0,2,RAINING,WET,False,HEAD-ON COLLISION,HEAD ON,STRAIGHT & LEVEL,DARK-HWY LIGHTED/OFF,,,1/3/2022 7:48:27 AM,False,7362,Accepted,
29526280,0568000,LOUISVILLE METRO POLICE DEPT,Accepted,JEFFERSON,KY0061,8302,PRESTON,HWY,,,,,,,,38.132794336,-85.683674559,3.635,1/1/2022 12:00:00 AM,1000,2,2,0,0,RAINING,WET,False,1 VEHICLE ENTERING/LEAVING ENTRANCE,ANGLE,STRAIGHT & LEVEL,DAYLIGHT,,,1/3/2022 7:49:28 AM,False,7799,Accepted,
29535871,0568000,LOUISVILLE METRO POLICE DEPT,Accepted,JEFFERSON,KY1931,,MANSLICK,RD,,KY1931,ST ANDREWS CHURCH,,,,,38.155377902,-85.801925524,5.488,1/1/2022 12:00:00 AM,1658,2,2,0,1,RAINING,WET,False,HEAD-ON COLLISION,HEAD ON,STRAIGHT & LEVEL,DAYLIGHT,,,1/5/2022 8:26:58 AM,False,7427,Accepted,
29526262,0568000,LOUISVILLE METRO POLICE DEPT,Accepted,JEFFERSON,KY2052,,SHEPHERDSVILLE,RD,,,BUECHEL BANK,,,,,38.178744307,-85.659282799,2.772,1/1/2022 12:00:00 AM,0246,2,2,0,0,RAINING,WET,True,ANGLE COLLISION - ONE VEHICLE TURNING LEFT,ANGLE,STRAIGHT & LEVEL,DARK-HWY LIGHTED/ON,,,1/3/2022 7:48:12 AM,False,5328,Accepted,
29526325,0568000,LOUISVILLE METRO POLICE DEPT,Accepted,JEFFERSON,,,BUECHEL BANK,RD,,,,,,,,38.178051408,-85.650282280,1.072,1/1/2022 12:00:00 AM,1526,1,1,0,0,RAINING,WET,False,OTHER COLLISIONS ON SHOULDER,SINGLE VEHICLE,CURVE & LEVEL,DAYLIGHT,,,1/3/2022 7:52:04 AM,False,5346,Accepted,
29526278,0568000,LOUISVILLE METRO POLICE DEPT,Accepted,JEFFERSON,KY2052,,SHEPHERDSVILLE,RD,,,,,BARNES,,GEORGIA,38.145734771,-85.660070170,0.489,1/1/2022 12:00:00 AM,0825,1,1,0,2,RAINING,WET,False,OTHER ROADWAY OR MID-BLOCK COLLISION,SINGLE VEHICLE,CURVE & HILLCREST,DAYLIGHT,,,1/3/2022 7:49:19 AM,False,6878,Accepted,
29526283,0568000,LOUISVILLE METRO POLICE DEPT,Accepted,JEFFERSON,,,RIVERPORT,DR,,KY1934,GREENBELT,,,,,38.161057153,-85.881650860,0.716,1/1/2022 12:00:00 AM,1113,2,2,0,0,RAINING,WET,False,ANGLE COLLISION - OTHER,ANGLE,STRAIGHT & LEVEL,DAYLIGHT,,,1/3/2022 7:49:42 AM,False,7723,Accepted,
29526284,0568000,LOUISVILLE METRO POLICE DEPT,Accepted,JEFFERSON,KY0061,9500,PRESTON,HWY,,,,,,,,38.112979112,-85.675861169,2.068,1/1/2022 12:00:00 AM,1200,2,2,0,0,RAINING,WET,False,COLLISION IN PARKING LOT,BACKING,STRAIGHT & GRADE,DAYLIGHT,,,1/3/2022 7:49:46 AM,False,2089,Accepted,
29526285,0568000,LOUISVILLE METRO POLICE DEPT,Accepted,JEFFERSON,KY0061,,SHELBY,ST,S,US0060A,EASTERN,,,,,38.214537437,-85.742451447,10.089,1/1/2022 12:00:00 AM,0745,1,1,0,0,CLOUDY,WET,False,COLLISION WITH FIXED OBJECT IN INTERSECTION - FIRST EVENT COLLISION 09 - 32,SINGLE VEHICLE,STRAIGHT & LEVEL,DAWN,,,1/3/2022 7:49:51 AM,False,5120,Accepted,
29526286,0568000,LOUISVILLE METRO POLICE DEPT,Accepted,JEFFERSON,KY0864,,SHELBY,ST,S,,KENTUCKY,,,,,38.236938420,-85.740860771,14.949,1/1/2022 12:00:00 AM,1010,2,2,0,0,RAINING,WET,False,SIDESWIPE-SAME DIRECTION,SIDESWIPE-SAME DIRECTION,STRAIGHT & LEVEL,OTHER,,,1/3/2022 7:49:54 AM,False,5120,Accepted,
29526292,0568000,LOUISVILLE METRO POLICE DEPT,Accepted,JEFFERSON,KY1450,,BLUE LICK,RD,,,,,,,,38.099564665,-85.695191516,0.968,1/1/2022 12:00:00 AM,1358,2,2,0,1,RAINING,WATER (STANDING OR MOVING),False,HEAD-ON COLLISION,HEAD ON,STRAIGHT & LEVEL,DAYLIGHT,,,1/3/2022 7:50:18 AM,False,7989,Accepted,