IncidentID,AgencyORI,AgencyName,IncidentStatusDesc,County,RdwyNumber,Street,RoadwayName,StreetSfx,StreetDir,IntersectionRdwy,IntersectionRdwyName,BetweenStRdwy1,BetweenStRdwyName1,BetweenStRdwy2,BetweenStRdwyName2,Latitude,Longitude,Milepoint,CollisionDate,CollisionTime,UnitsInvolved,MotorVehiclesInvolved,NumberKilled,NumberInjured,Weather,RdwyConditionCode,HitandRun,DirAnalysisCode,MannerofCollision,RdwyCharacter,LightCondition,RampFromRdwyId,RampToRdwyId,AcceptedDate,IsSecondaryCollision,OwnerBadge,IncidentStatus,
29526293,0568000,LOUISVILLE METRO POLICE DEPT,Accepted,JEFFERSON,I 0065,,I65 N,,,,,,,,,38.206729176,-85.748224169,132.388,1/1/2022 12:00:00 AM,1311,1,1,0,0,RAINING,WET,False,COLLISION WITH FIXED OBJECT NON - INTERSECTION - FIRST EVENT COLLISION 09 - 32 EXCLUDING 16,SINGLE VEHICLE,CURVE & HILLCREST,DAYLIGHT,,,1/3/2022 7:50:22 AM,False,7402,Accepted,
29526294,0568000,LOUISVILLE METRO POLICE DEPT,Accepted,JEFFERSON,KY1447,,WESTPORT,RD,,,CREEK,,,,,38.275881116,-85.604905229,3.269,1/1/2022 12:00:00 AM,0534,2,2,0,0,RAINING,WET,True,ANGLE COLLISION - OTHER,ANGLE,STRAIGHT & GRADE,DARK (UNKNOWN ROADWAY LIGHTING),,,1/3/2022 7:50:26 AM,False,5228,Accepted,
29526295,0568000,LOUISVILLE METRO POLICE DEPT,Accepted,JEFFERSON,US0031E,,BARDSTOWN,RD,,,,,,,,38.153713250,-85.589039749,5.830,1/1/2022 12:00:00 AM,1750,2,2,0,0,RAINING,WET,False,REAR END IN TRAFFIC LANES BOTH VEHICLES MOVING,REAR END,STRAIGHT & LEVEL,DARK-HWY NOT LIGHTED,,,1/3/2022 7:50:30 AM,False,7755,Accepted,
29526300,0568000,LOUISVILLE METRO POLICE DEPT,Accepted,JEFFERSON,KY1934,,CANE RUN,RD,,KY1727,TERRY,,,,,38.178082607,-85.861836606,7.184,1/1/2022 12:00:00 AM,2238,2,2,0,3,RAINING,WET,False,REAR END - ONE VEHICLE TURNING RIGHT,REAR END,STRAIGHT & LEVEL,DARK-HWY LIGHTED/ON,,,1/3/2022 7:50:50 AM,False,5224,Accepted,
29526303,0568000,LOUISVILLE METRO POLICE DEPT,Accepted,JEFFERSON,US0060A,1330,BERRY,BLVD,,,LENTZ,,,,,38.196371637,-85.784989417,1.358,1/1/2022 12:00:00 AM,2330,3,3,0,0,RAINING,WET,True,ANGLE COLLISION - OTHER,ANGLE,STRAIGHT & LEVEL,DARK-HWY LIGHTED/ON,,,1/3/2022 7:50:58 AM,False,7435,Accepted,
29526269,0568000,LOUISVILLE METRO POLICE DEPT,Accepted,JEFFERSON,US0060A,,EASTERN,PKWY,,,DELOR,,,,,38.217095498,-85.738537680,4.854,1/1/2022 12:00:00 AM,0214,2,2,0,3,RAINING,WET,False,OPPOSING LEFT TURN,OPPOSING LEFT TURN,STRAIGHT & LEVEL,DARK-HWY LIGHTED/ON,,,1/3/2022 7:48:44 AM,False,5304,Accepted,
29526270,0568000,LOUISVILLE METRO POLICE DEPT,Accepted,JEFFERSON,I 0071,,I71 N,,,,,,,,,38.269715666,-85.705059970,1.207,1/1/2022 12:00:00 AM,0410,1,1,0,0,RAINING,WET,False,OTHER COLLISIONS ON SHOULDER,SINGLE VEHICLE,STRAIGHT & LEVEL,DARK-HWY NOT LIGHTED,,,1/3/2022 7:48:48 AM,False,5330,Accepted,
29526275,0568000,LOUISVILLE METRO POLICE DEPT,Accepted,JEFFERSON,KY1865,,TAYLOR,BLVD,,,,,WALTER,,BROOKLINE,38.175525457,-85.782627959,4.745,1/1/2022 12:00:00 AM,0114,2,2,0,2,RAINING,WET,True,REAR END IN TRAFFIC LANES BOTH VEHICLES MOVING,REAR END,STRAIGHT & LEVEL,DARK-HWY LIGHTED/ON,,,1/3/2022 7:49:02 AM,False,7426,Accepted,
29526261,0568000,LOUISVILLE METRO POLICE DEPT,Accepted,JEFFERSON,I 0265,,I265 E,,,,,,,,,38.131745420,-85.601355007,16.078,1/1/2022 12:00:00 AM,0154,1,1,0,0,FOG WITH RAIN,WET,False,OTHER COLLISIONS ON SHOULDER,SINGLE VEHICLE,STRAIGHT & LEVEL,DARK-HWY LIGHTED/OFF,,,1/3/2022 7:48:06 AM,False,5169,Accepted,
29840454,0568000,LOUISVILLE METRO POLICE DEPT,Accepted,JEFFERSON,US0031W,7106,DIXIE,HWY,,,TEXTILE,,,,,38.147690174,-85.838042553,11.934,1/1/2022 12:00:00 AM,0342,1,1,0,1,CLEAR,DRY,False,COLLISION WITH FIXED OBJECT IN INTERSECTION - FIRST EVENT COLLISION 09 - 32,SINGLE VEHICLE,STRAIGHT & LEVEL,DARK (UNKNOWN ROADWAY LIGHTING),,,3/21/2022 8:23:17 AM,False,5223,Accepted,
29859431,0568000,LOUISVILLE METRO POLICE DEPT,Accepted,JEFFERSON,,,BROADWAY,,W,,,,,,,38.249894838,-85.807844717,1.069,1/1/2022 12:00:00 AM,1656,2,2,0,0,CLEAR,DRY,False,OTHER ROADWAY OR MID-BLOCK COLLISION,REAR END,STRAIGHT & LEVEL,DAYLIGHT,,,3/25/2022 8:19:47 AM,False,5160,Accepted,
29549968,0560400,SHIVELY POLICE DEPARTMENT,Accepted,JEFFERSON,US0031W,2301,DIXIE,HWY,,,,,,,,38.216261110,-85.795244579,17.146,1/1/2022 12:00:00 AM,0151,1,1,0,0,CLOUDY,DRY,True,COLLISION WITH FIXED OBJECT NON - INTERSECTION - FIRST EVENT COLLISION 09 - 32 EXCLUDING 16,SINGLE VEHICLE,STRAIGHT & LEVEL,DARK-HWY LIGHTED/ON,,,1/10/2022 10:06:26 AM,False,7109,Accepted,
29549564,0568000,LOUISVILLE METRO POLICE DEPT,Accepted,JEFFERSON,,1465,4TH,ST,S,,,,,,,38.227208586,-85.761699716,2.048,12/31/2021 12:00:00 AM,0628,2,2,0,0,CLEAR,DRY,False,1 VEHICLE PARKED POSITION (NOT PARKING LOT/DRIVEWAY),SIDESWIPE-SAME DIRECTION,STRAIGHT & LEVEL,DAYLIGHT,,,1/10/2022 8:39:52 AM,False,5152,Accepted,
29576563,0568000,LOUISVILLE METRO POLICE DEPT,Accepted,JEFFERSON,,305,28TH,ST,S,,,,,,,38.258017252,-85.796781901,0.184,12/31/2021 12:00:00 AM,1440,1,1,0,0,CLEAR,DRY,True,OTHER ROADWAY OR MID-BLOCK COLLISION,SINGLE VEHICLE,STRAIGHT & LEVEL,DAYLIGHT,,,1/12/2022 8:14:17 AM,False,5173,Accepted,
29526267,0568000,LOUISVILLE METRO POLICE DEPT,Accepted,JEFFERSON,US0031W,,DIXIE,HWY,,,,,ORELL,,OLD DIXIE,38.074706564,-85.884472189,6.160,12/31/2021 12:00:00 AM,2204,2,2,0,1,RAINING,WET,False,1 VEHICLE ENTERING/LEAVING ENTRANCE,ANGLE,STRAIGHT & LEVEL,DARK-HWY LIGHTED/ON,,,1/3/2022 7:48:35 AM,False,7166,Accepted,
29526234,0568000,LOUISVILLE METRO POLICE DEPT,Accepted,JEFFERSON,,,CASTLEWOOD,AVE,,KY1703,BAXTER,,,,,38.230256374,-85.716313409,0.001,12/31/2021 12:00:00 AM,0328,1,1,0,0,CLOUDY,WET,False,COLLISION WITH FIXED OBJECT IN INTERSECTION - FIRST EVENT COLLISION 09 - 32,SINGLE VEHICLE,STRAIGHT & HILLCREST,DARK-HWY LIGHTED/ON,,,1/3/2022 7:45:48 AM,False,5250,Accepted,
29526258,0568000,LOUISVILLE METRO POLICE DEPT,Accepted,JEFFERSON,I 0071,,I71 S,,,,,I 0071,I71 S EXIT5 RAMP TO I264 W,I 0071,I71 S RAMP FROM I264,38.290193976,-85.645141051,5.158,12/31/2021 12:00:00 AM,2139,1,1,0,2,RAINING,WET,False,OTHER COLLISIONS ON SHOULDER,SINGLE VEHICLE,CURVE & LEVEL,DARK (UNKNOWN ROADWAY LIGHTING),,,1/3/2022 7:47:50 AM,False,5228,Accepted,
29526260,0568000,LOUISVILLE METRO POLICE DEPT,Accepted,JEFFERSON,,,INDIAN,TRL,W,KY0061,PRESTON,,,,,38.169631367,-85.707551211,0.004,12/31/2021 12:00:00 AM,2112,1,1,0,0,RAINING,WET,False,COLLISION WITH FIXED OBJECT IN INTERSECTION - FIRST EVENT COLLISION 09 - 32,SINGLE VEHICLE,STRAIGHT & LEVEL,DARK (UNKNOWN ROADWAY LIGHTING),,,1/3/2022 7:48:00 AM,False,5326,Accepted,
29526243,0568000,LOUISVILLE METRO POLICE DEPT,Accepted,JEFFERSON,,,DIXIE,HWY,,,DUMESNIL,,,,,38.236399053,-85.787185367,0.910,12/31/2021 12:00:00 AM,1450,3,3,0,1,CLEAR,DRY,False,OTHER INTERSECTION COLLISIONS,REAR END,STRAIGHT & LEVEL,DAYLIGHT,,,1/3/2022 7:46:27 AM,False,5032,Accepted,
29526250,0568000,LOUISVILLE METRO POLICE DEPT,Accepted,JEFFERSON,KY1020,,3RD,ST,S,,CENTRAL,,,,,38.204758361,-85.763973869,9.472,12/31/2021 12:00:00 AM,1306,2,2,0,0,CLEAR,DRY,False,ANGLE COLLISION - ONE VEHICLE TURNING LEFT,ANGLE,STRAIGHT & LEVEL,DAYLIGHT,,,1/3/2022 7:47:00 AM,False,5221,Accepted,
29526276,0568000,LOUISVILLE METRO POLICE DEPT,Accepted,JEFFERSON,I 0071,,I71 S,,,,,,,,,38.309728385,-85.592369486,8.418,12/31/2021 12:00:00 AM,2221,2,2,0,1,RAINING,WET,False,SIDESWIPE COLLISION - SAME DIRECTION,SIDESWIPE-SAME DIRECTION,CURVE & LEVEL,DARK-HWY NOT LIGHTED,,,1/3/2022 7:49:07 AM,False,7159,Accepted,
29526277,0568000,LOUISVILLE METRO POLICE DEPT,Accepted,JEFFERSON,,,PAGES,LN,W,US0031W,DIXIE,,,,,38.130138319,-85.847934086,0.005,12/31/2021 12:00:00 AM,2200,2,2,0,3,RAINING,WET,False,OPPOSING LEFT TURN,OPPOSING LEFT TURN,STRAIGHT & LEVEL,DARK-HWY LIGHTED/ON,,,1/3/2022 7:49:12 AM,False,7365,Accepted,
29526245,0568000,LOUISVILLE METRO POLICE DEPT,Accepted,JEFFERSON,KY0061,5213,PRESTON,HWY,,,,,,,,38.172506481,-85.710184900,6.668,12/31/2021 12:00:00 AM,1631,1,1,0,0,CLOUDY,DRY,True,COLLISION IN PARKING LOT,SINGLE VEHICLE,STRAIGHT & LEVEL,DAYLIGHT,,,1/3/2022 7:46:37 AM,False,7341,Accepted,
29526326,0568000,LOUISVILLE METRO POLICE DEPT,Accepted,JEFFERSON,US0031E,,BARDSTOWN,RD,,,,,KENILWORTH,,ROANOKE,38.227748288,-85.699991534,14.044,12/31/2021 12:00:00 AM,1402,2,2,0,0,CLOUDY,WET,False,SIDESWIPE COLLISION - SAME DIRECTION,SIDESWIPE-SAME DIRECTION,STRAIGHT & LEVEL,DAYLIGHT,,,1/3/2022 7:52:08 AM,False,2100,Accepted,
29526334,0568000,LOUISVILLE METRO POLICE DEPT,Accepted,JEFFERSON,,,SOUTHERN,AVE,,,HEMLOCK,,,,,38.231998345,-85.803629556,0.098,12/31/2021 12:00:00 AM,0900,3,2,0,1,CLEAR,DRY,False,COLLISION WITH PARKED VEHICLE,SIDESWIPE-SAME DIRECTION,STRAIGHT & LEVEL,DARK-HWY LIGHTED/ON,,,1/3/2022 7:52:38 AM,True,5362,Accepted,
29526287,0568000,LOUISVILLE METRO POLICE DEPT,Accepted,JEFFERSON,,,WALTER,AVE,,KY1865,TAYLOR,,,,,38.175795301,-85.782683687,0.283,12/31/2021 12:00:00 AM,1017,2,2,0,0,CLEAR,DRY,True,COLLISION WITH PARKED VEHICLE,SIDESWIPE-SAME DIRECTION,STRAIGHT & HILLCREST,DAYLIGHT,,,1/3/2022 7:49:58 AM,False,5397,Accepted,
29526337,0568000,LOUISVILLE METRO POLICE DEPT,Accepted,JEFFERSON,,2639,GRAND,AVE,,,,,,,,38.240635749,-85.797449583,0.640,12/31/2021 12:00:00 AM,1942,2,2,0,1,RAINING,WET,False,1 VEHICLE PARKED POSITION (NOT PARKING LOT/DRIVEWAY),SIDESWIPE-OPPOSITE DIRECTION,STRAIGHT & LEVEL,DARK-HWY LIGHTED/ON,,,1/3/2022 7:52:48 AM,False,5216,Accepted,
29526266,0568000,LOUISVILLE METRO POLICE DEPT,Accepted,JEFFERSON,KY0061,,SHELBY,ST,S,,MINOMA,,,,,38.213988153,-85.742083926,10.057,12/31/2021 12:00:00 AM,1940,2,2,0,0,CLOUDY,DRY,False,SIDESWIPE-SAME DIRECTION,SIDESWIPE-SAME DIRECTION,STRAIGHT & LEVEL,DARK-HWY LIGHTED/ON,,,1/3/2022 7:48:32 AM,False,5349,Accepted,
29526271,0568000,LOUISVILLE METRO POLICE DEPT,Accepted,JEFFERSON,US0031E,,BARDSTOWN,RD,,,,,,,,38.227636425,-85.699783556,13.999,12/31/2021 12:00:00 AM,2354,2,2,0,0,RAINING,WET,False,1 VEHICLE PARKED POSITION (NOT PARKING LOT/DRIVEWAY),REAR END,STRAIGHT & LEVEL,DARK-HWY LIGHTED/ON,,,1/3/2022 7:48:53 AM,False,5104,Accepted,
29526247,0568000,LOUISVILLE METRO POLICE DEPT,Accepted,JEFFERSON,,,26TH,ST,S,,KENTUCKY,,,,,38.242691550,-85.795679927,1.249,12/31/2021 12:00:00 AM,1757,2,2,0,0,CLEAR,DRY,False,ANGLE COLLISION - OTHER,ANGLE,STRAIGHT & LEVEL,DARK-HWY LIGHTED/ON,,,1/3/2022 7:46:49 AM,False,5032,Accepted,
29526249,0568000,LOUISVILLE METRO POLICE DEPT,Accepted,JEFFERSON,KY1865,,TAYLOR,BLVD,,,OAKWOOD,,,,,38.177083391,-85.782759588,4.851,12/31/2021 12:00:00 AM,1800,2,2,0,1,CLEAR,DRY,False,OPPOSING LEFT TURN,OPPOSING LEFT TURN,STRAIGHT & LEVEL,DARK-HWY LIGHTED/ON,,,1/3/2022 7:46:54 AM,False,5397,Accepted,
29526255,0568000,LOUISVILLE METRO POLICE DEPT,Accepted,JEFFERSON,,,15TH,ST,S,US0150,BROADWAY,,,,,38.248315941,-85.776580848,1.578,12/31/2021 12:00:00 AM,2255,2,2,0,1,RAINING,WET,False,ANGLE COLLISION - OTHER,ANGLE,STRAIGHT & LEVEL,DARK-HWY LIGHTED/ON,,,1/3/2022 7:47:37 AM,False,7987,Accepted,
29526257,0568000,LOUISVILLE METRO POLICE DEPT,Accepted,JEFFERSON,US0031E,,BARDSTOWN,RD,,,STEVENS,,,,,38.231369795,-85.706956258,14.497,12/31/2021 12:00:00 AM,2327,3,3,0,0,RAINING,WET,False,OTHER INTERSECTION COLLISIONS,REAR END,STRAIGHT & LEVEL,DARK-HWY LIGHTED/ON,,,1/3/2022 7:47:45 AM,False,7488,Accepted,
29526223,0568000,LOUISVILLE METRO POLICE DEPT,Accepted,JEFFERSON,,630,ST CATHERINE,ST,E,,,,,,,38.235031147,-85.744505945,0.714,12/31/2021 12:00:00 AM,0217,3,3,0,0,CLEAR,DRY,False,1 VEHICLE PARKED POSITION (NOT PARKING LOT/DRIVEWAY),REAR END,STRAIGHT & LEVEL,DARK-HWY LIGHTED/ON,,,1/3/2022 7:45:26 AM,False,5196,Accepted,
29521652,0566900,LOUISVILLE AIRPORT POLICE,Accepted,JEFFERSON,,600,LOWER TERMINAL,DR,,,,,,,,38.186522245,-85.741586628,0.247,12/31/2021 12:00:00 AM,1106,2,2,0,0,CLOUDY,WET,False,SIDESWIPE COLLISION - SAME DIRECTION,SIDESWIPE-SAME DIRECTION,STRAIGHT & LEVEL,DAYLIGHT,,,1/1/2022 8:48:47 AM,False,5826,Accepted,
29526246,0568000,LOUISVILLE METRO POLICE DEPT,Accepted,JEFFERSON,US0031W,,DIXIE,HWY,,,,,,,,38.165249015,-85.830374103,13.066,12/31/2021 12:00:00 AM,1619,2,2,0,3,CLEAR,DRY,False,REAR END IN TRAFFIC LANES BOTH VEHICLES MOVING,REAR END,STRAIGHT & LEVEL,DAYLIGHT,,,1/3/2022 7:46:42 AM,False,7244,Accepted,
29522731,0560600,WEST BUECHEL POLICE DEPT.,Accepted,JEFFERSON,,1900,BASHFORD MANOR,LN,,,,,,,,38.201028740,-85.668212997,0.242,12/31/2021 12:00:00 AM,2300,2,2,0,0,RAINING,WET,True,COLLISION IN PARKING LOT,BACKING,STRAIGHT & LEVEL,DARK (UNKNOWN ROADWAY LIGHTING),,,1/2/2022 12:08:11 AM,False,1300,Accepted,
29531203,0568000,LOUISVILLE METRO POLICE DEPT,Accepted,JEFFERSON,I 0065,,I65 S,,,,,,,,,38.205252794,-85.742513471,132.029,12/31/2021 12:00:00 AM,1331,2,2,0,2,CLOUDY,DRY,False,SIDESWIPE COLLISION - SAME DIRECTION,SIDESWIPE-SAME DIRECTION,STRAIGHT & LEVEL,DAYLIGHT,,,1/4/2022 7:40:42 AM,False,7751,Accepted,
29526282,0568000,LOUISVILLE METRO POLICE DEPT,Accepted,JEFFERSON,KY1020,1135,2ND,ST,S,,,,,,,38.235454491,-85.756870521,11.415,12/31/2021 12:00:00 AM,1903,2,2,0,0,CLEAR,DRY,False,1 VEHICLE PARKED POSITION (NOT PARKING LOT/DRIVEWAY),SIDESWIPE-SAME DIRECTION,STRAIGHT & LEVEL,DUSK,,,1/3/2022 7:49:38 AM,False,5180,Accepted,
29526241,0568000,LOUISVILLE METRO POLICE DEPT,Accepted,JEFFERSON,KY1747,6600,FERN VALLEY,RD,,KY0061,PRESTON,,,,,38.156650301,-85.697382395,1.701,12/31/2021 12:00:00 AM,0754,2,2,0,0,CLEAR,DRY,True,HEAD-ON COLLISION,HEAD ON,STRAIGHT & LEVEL,DAYLIGHT,,,1/3/2022 7:46:18 AM,False,7799,Accepted,
29526204,0568000,LOUISVILLE METRO POLICE DEPT,Accepted,JEFFERSON,KY1020,9509,NATIONAL,TPKE,,,FAIRDALE,,,,,38.112480502,-85.747679496,2.662,12/30/2021 12:00:00 AM,1928,1,1,0,0,CLOUDY,DRY,True,OTHER INTERSECTION COLLISIONS,SINGLE VEHICLE,CURVE & LEVEL,DARK-HWY NOT LIGHTED,,,1/3/2022 7:44:11 AM,False,5293,Accepted,
29526221,0568000,LOUISVILLE METRO POLICE DEPT,Accepted,JEFFERSON,KY1020,,2ND,ST,S,US0150,BROADWAY,,,,,38.246162391,-85.755051184,12.119,12/30/2021 12:00:00 AM,2121,2,1,0,1,CLEAR,DRY,False,COLLISION WITH PEDESTRIAN IN INTERSECTION,SINGLE VEHICLE,STRAIGHT & LEVEL,DARK-HWY LIGHTED/ON,,,1/3/2022 7:45:14 AM,False,5354,Accepted,
29526222,0568000,LOUISVILLE METRO POLICE DEPT,Accepted,JEFFERSON,US0060A,,EASTERN,PKWY,,,BARRET,,,,,38.226512328,-85.720427197,6.105,12/30/2021 12:00:00 AM,2355,1,1,0,0,CLEAR,DRY,False,COLLISION WITH FIXED OBJECT IN INTERSECTION - FIRST EVENT COLLISION 09 - 32,SINGLE VEHICLE,STRAIGHT & HILLCREST,DARK-HWY LIGHTED/ON,,,1/3/2022 7:45:21 AM,False,5274,Accepted,
29526332,0568000,LOUISVILLE METRO POLICE DEPT,Accepted,JEFFERSON,KY1065,,OUTER,LOOP,,,,,SHEPHERDSVILLE,,DONEGAL,38.138944954,-85.656785867,7.700,12/30/2021 12:00:00 AM,1643,2,2,0,2,CLOUDY,WET,False,1 VEHICLE ENTERING/LEAVING ENTRANCE,ANGLE,STRAIGHT & LEVEL,DAYLIGHT,,,1/3/2022 7:52:31 AM,False,5141,Accepted,
29535864,0568000,LOUISVILLE METRO POLICE DEPT,Accepted,JEFFERSON,,,12TH,ST,S,US0150,BROADWAY,,,,,38.247514080,-85.771645626,0.383,12/30/2021 12:00:00 AM,2247,2,2,0,0,CLOUDY,DRY,True,OTHER INTERSECTION COLLISIONS,REAR END,STRAIGHT & LEVEL,DARK-HWY LIGHTED/ON,,,1/5/2022 8:26:45 AM,False,5152,Accepted,
29526188,0568000,LOUISVILLE METRO POLICE DEPT,Accepted,JEFFERSON,,5704,ARCHTREE,PL,,,,,,,,38.099335415,-85.655478632,0.048,12/30/2021 12:00:00 AM,1212,1,1,0,1,RAINING,WET,False,COLLISION WITH FIXED OBJECT NON - INTERSECTION - FIRST EVENT COLLISION 09 - 32 EXCLUDING 16,SINGLE VEHICLE,STRAIGHT & LEVEL,DAYLIGHT,,,1/3/2022 7:43:19 AM,False,7354,Accepted,
29526189,0568000,LOUISVILLE METRO POLICE DEPT,Accepted,JEFFERSON,KY1747,,HURSTBOURNE,PKWY,S,,STONY BROOK,,,,,38.171074371,-85.604331956,7.632,12/30/2021 12:00:00 AM,0906,2,2,0,0,CLOUDY,WET,False,OTHER INTERSECTION COLLISIONS,REAR END,STRAIGHT & LEVEL,DAYLIGHT,,,1/3/2022 7:43:23 AM,False,5328,Accepted,
29526190,0568000,LOUISVILLE METRO POLICE DEPT,Accepted,JEFFERSON,,,6TH,ST,S,,BRECKINRIDGE,,,,,38.242259411,-85.762365281,1.025,12/30/2021 12:00:00 AM,1208,2,2,0,0,CLOUDY,WET,False,ANGLE COLLISION - OTHER,ANGLE,STRAIGHT & LEVEL,DAYLIGHT,,,1/3/2022 7:43:27 AM,False,7249,Accepted,
29526191,0568000,LOUISVILLE METRO POLICE DEPT,Accepted,JEFFERSON,,,POPLAR VIEW,DR,,,CLARION,,,,,38.183733933,-85.851119015,0.176,12/30/2021 12:00:00 AM,1220,1,1,0,0,CLEAR,WET,False,COLLISION WITH FIXED OBJECT IN INTERSECTION - FIRST EVENT COLLISION 09 - 32,SINGLE VEHICLE,STRAIGHT & LEVEL,DAYLIGHT,,,1/3/2022 7:43:31 AM,False,5240,Accepted,
29526197,0568000,LOUISVILLE METRO POLICE DEPT,Accepted,JEFFERSON,KY0155,,TAYLORSVILLE,RD,,,OLD TAYLORSVILLE,,,,,38.190560033,-85.492405219,5.141,12/30/2021 12:00:00 AM,0740,2,2,0,3,CLEAR,WET,False,OTHER INTERSECTION COLLISIONS,REAR END,STRAIGHT & GRADE,DAYLIGHT,,,1/3/2022 7:43:52 AM,False,5314,Accepted,
29515736,0568000,LOUISVILLE METRO POLICE DEPT,Accepted,JEFFERSON,KY2051,2909,ROCKFORD,LN,,,,,,,,38.180998244,-85.852968584,1.736,12/30/2021 12:00:00 AM,0001,1,1,0,0,RAINING,WET,False,COLLISION WITH FIXED OBJECT NON - INTERSECTION - FIRST EVENT COLLISION 09 - 32 EXCLUDING 16,SINGLE VEHICLE,CURVE & LEVEL,DARK (UNKNOWN ROADWAY LIGHTING),,,12/30/2021 8:20:09 AM,False,5059,Accepted,
29518854,0560300,ST. MATTHEWS POLICE DEPARTMENT,Accepted,JEFFERSON,I 0064,,I64 W,,,,,,,,,38.235648105,-85.650198323,10.761,12/30/2021 12:00:00 AM,1446,2,2,0,1,CLOUDY,DRY,False,REAR END IN TRAFFIC LANES BOTH VEHICLES MOVING,REAR END,STRAIGHT & LEVEL,DAYLIGHT,,,12/31/2021 8:21:24 AM,False,9171,Accepted,
29526187,0568000,LOUISVILLE METRO POLICE DEPT,Accepted,JEFFERSON,,,SIX MILE,LN,,,,,,,,38.198574949,-85.602492845,2.895,12/30/2021 12:00:00 AM,1316,2,2,0,0,CLOUDY,WET,False,REAR END IN TRAFFIC LANES BOTH VEHICLES MOVING,REAR END,STRAIGHT & GRADE,DAYLIGHT,,,1/3/2022 7:43:13 AM,False,4693,Accepted,
29526224,0568000,LOUISVILLE METRO POLICE DEPT,Accepted,JEFFERSON,KY1631,2704,CRITTENDEN,DR,,,,,,,,38.205002738,-85.750803145,1.176,12/30/2021 12:00:00 AM,2009,2,2,0,1,CLEAR,DRY,False,1 VEHICLE ENTERING/LEAVING ENTRANCE,ANGLE,STRAIGHT & LEVEL,DARK-HWY LIGHTED/ON,,,1/3/2022 7:45:31 AM,False,5316,Accepted,
29526231,0568000,LOUISVILLE METRO POLICE DEPT,Accepted,JEFFERSON,I 0064,,I64 W,,,,,I 0064,I64 W EXIT7 OFF RAMP TO  MELLWOOD AVE,I 0064,I64 W EXIT7 OFF RAMP TO  MELLWOOD AVE,38.251716557,-85.716832618,6.859,12/30/2021 12:00:00 AM,0034,2,2,0,0,RAINING,WET,False,SIDESWIPE COLLISION - SAME DIRECTION,SIDESWIPE-SAME DIRECTION,STRAIGHT & LEVEL,DARK-HWY LIGHTED/ON,,,1/3/2022 7:45:44 AM,False,5250,Accepted,
29526237,0568000,LOUISVILLE METRO POLICE DEPT,Accepted,JEFFERSON,,2106,BUECHEL BANK,RD,,,,,BRUCE,,MISTY WOODS,38.188658205,-85.647427526,0.256,12/30/2021 12:00:00 AM,2027,1,1,0,1,CLOUDY,WET,False,COLLISION IN PARKING LOT,SINGLE VEHICLE,STRAIGHT & LEVEL,DARK-HWY LIGHTED/ON,,,1/3/2022 7:46:02 AM,False,5315,Accepted,
29526274,0568000,LOUISVILLE METRO POLICE DEPT,Accepted,JEFFERSON,KY1065,,OUTER,LOOP,,I 0065,I65 N EXIT127 OFF RAMP TO KY1065,,,,,38.136790761,-85.702230173,5.177,12/30/2021 12:00:00 AM,1817,2,2,0,0,CLOUDY,WET,False,OTHER INTERSECTION COLLISIONS,REAR END,STRAIGHT & LEVEL,DARK-HWY LIGHTED/ON,,,1/3/2022 7:48:57 AM,False,5141,Accepted,
29526213,0568000,LOUISVILLE METRO POLICE DEPT,Accepted,JEFFERSON,US0031W,,DIXIE,HWY,,,ORELL,,,,,38.082572643,-85.881549234,6.726,12/30/2021 12:00:00 AM,2300,2,1,0,1,CLEAR,DRY,False,COLLISION WITH PEDESTRIAN IN INTERSECTION,SINGLE VEHICLE,STRAIGHT & LEVEL,DARK-HWY LIGHTED/ON,,,1/3/2022 7:44:36 AM,False,5279,Accepted,
29526214,0568000,LOUISVILLE METRO POLICE DEPT,Accepted,JEFFERSON,KY0061,7121,PRESTON,HWY,,,,,,,,38.147103728,-85.691511585,4.603,12/30/2021 12:00:00 AM,1931,3,2,0,1,CLOUDY,WET,True,COLLISION WITH PEDESTRIAN NON - INTERSECTION,HEAD ON,STRAIGHT & LEVEL,DARK-HWY NOT LIGHTED,,,1/3/2022 7:44:42 AM,False,5336,Accepted,
29526216,0568000,LOUISVILLE METRO POLICE DEPT,Accepted,JEFFERSON,I 0065,,I65 N,,,,,,,,,38.124746524,-85.701838157,125.833,12/30/2021 12:00:00 AM,2211,1,1,0,1,CLOUDY,WET,False,COLLISION WITH FIXED OBJECT NON - INTERSECTION - FIRST EVENT COLLISION 09 - 32 EXCLUDING 16,SINGLE VEHICLE,STRAIGHT & LEVEL,DARK-HWY LIGHTED/ON,,,1/3/2022 7:44:47 AM,False,5336,Accepted,