IncidentID,AgencyORI,AgencyName,IncidentStatusDesc,County,RdwyNumber,Street,RoadwayName,StreetSfx,StreetDir,IntersectionRdwy,IntersectionRdwyName,BetweenStRdwy1,BetweenStRdwyName1,BetweenStRdwy2,BetweenStRdwyName2,Latitude,Longitude,Milepoint,CollisionDate,CollisionTime,UnitsInvolved,MotorVehiclesInvolved,NumberKilled,NumberInjured,Weather,RdwyConditionCode,HitandRun,DirAnalysisCode,MannerofCollision,RdwyCharacter,LightCondition,RampFromRdwyId,RampToRdwyId,AcceptedDate,IsSecondaryCollision,OwnerBadge,IncidentStatus,
29526185,0568000,LOUISVILLE METRO POLICE DEPT,Accepted,JEFFERSON,,,CLARK STATION,RD,,,,,,,,38.195576784,-85.418233481,3.216,12/30/2021 12:00:00 AM,1033,1,1,0,1,RAINING,WET,False,RAN OFF ROADWAY (1 VEHICLE WITH/EARTH EMBANKMENT/DITCH),SINGLE VEHICLE,STRAIGHT & GRADE,DAYLIGHT,,,1/3/2022 7:43:01 AM,False,7698,Accepted,
29526186,0568000,LOUISVILLE METRO POLICE DEPT,Accepted,JEFFERSON,KY1447,,WESTPORT,RD,,,,,,,,38.296196285,-85.553252384,6.388,12/30/2021 12:00:00 AM,1230,2,2,0,0,RAINING,WET,False,1 VEHICLE ENTERING/LEAVING ENTRANCE,ANGLE,STRAIGHT & LEVEL,DAYLIGHT,,,1/3/2022 7:43:07 AM,False,2346,Accepted,
29526193,0568000,LOUISVILLE METRO POLICE DEPT,Accepted,JEFFERSON,,,ROBBS,LN,,,,,GAYEWAY,,SHEPHERDSVILLE,38.134938400,-85.661444652,0.294,12/30/2021 12:00:00 AM,1608,2,2,0,0,CLOUDY,WET,False,1 VEHICLE ENTERING/LEAVING ENTRANCE,ANGLE,CURVE & LEVEL,DAYLIGHT,,,1/3/2022 7:43:39 AM,False,2324,Accepted,
29526194,0568000,LOUISVILLE METRO POLICE DEPT,Accepted,JEFFERSON,I 0071,,I71 N,,,,,,,,,38.300383989,-85.614327406,7.043,12/30/2021 12:00:00 AM,0954,4,4,0,0,RAINING,WATER (STANDING OR MOVING),True,REAR END IN TRAFFIC LANES BOTH VEHICLES MOVING,REAR END,STRAIGHT & HILLCREST,DAYLIGHT,,,1/3/2022 7:43:43 AM,False,7751,Accepted,
29526195,0568000,LOUISVILLE METRO POLICE DEPT,Accepted,JEFFERSON,US0031W,,DIXIE,HWY,,,BLEVINS GAP,,,,,38.071695231,-85.884764367,5.947,12/30/2021 12:00:00 AM,1542,3,3,0,1,CLOUDY,DRY,False,ANGLE COLLISION - OTHER,ANGLE,STRAIGHT & LEVEL,DAYLIGHT,,,1/3/2022 7:43:47 AM,False,2936,Accepted,
29515732,0568000,LOUISVILLE METRO POLICE DEPT,Accepted,JEFFERSON,,,34TH,ST,S,,DUMESNIL,,,,,38.237629793,-85.810593501,1.722,12/30/2021 12:00:00 AM,0127,4,4,0,1,CLEAR,WET,True,ANGLE COLLISION - OTHER,ANGLE,STRAIGHT & LEVEL,DARK-HWY LIGHTED/ON,,,12/30/2021 8:19:59 AM,False,5261,Accepted,
29549494,0568000,LOUISVILLE METRO POLICE DEPT,Accepted,JEFFERSON,KY1703,,BAXTER,AVE,,,HEPBURN,,,,,38.239286306,-85.723528855,5.608,12/30/2021 12:00:00 AM,1150,2,2,0,0,CLOUDY,WET,False,ANGLE COLLISION - OTHER,ANGLE,STRAIGHT & LEVEL,DAYLIGHT,,,1/10/2022 8:37:44 AM,False,7793,Accepted,
29535844,0568000,LOUISVILLE METRO POLICE DEPT,Accepted,JEFFERSON,US0031W,8318,DIXIE,HWY,,,,,PAGES,,HILLVIEW,38.130823624,-85.847510304,10.556,12/30/2021 12:00:00 AM,0043,2,2,0,0,RAINING,WET,False,1 VEHICLE ENTERING/LEAVING ENTRANCE,ANGLE,STRAIGHT & LEVEL,DARK-HWY LIGHTED/ON,,,1/5/2022 8:25:39 AM,False,2905,Accepted,
29535845,0568000,LOUISVILLE METRO POLICE DEPT,Accepted,JEFFERSON,,,CIRCLE OF CHAMPIONS,,,,KFEC GATE2 DR,,,,,38.197503146,-85.748833319,1.814,12/30/2021 12:00:00 AM,1759,2,2,0,0,CLEAR,DRY,False,ANGLE COLLISION - OTHER,ANGLE,CURVE & LEVEL,DARK-HWY LIGHTED/ON,,,1/5/2022 8:25:43 AM,False,7398,Accepted,
29526268,0568000,LOUISVILLE METRO POLICE DEPT,Accepted,JEFFERSON,,,RIVER PARK,DR,,,34TH,,,,,38.254462473,-85.807580113,1.062,12/30/2021 12:00:00 AM,2030,2,2,0,1,CLEAR,DRY,False,ANGLE COLLISION - OTHER,ANGLE,STRAIGHT & LEVEL,DARK-HWY LIGHTED/ON,,,1/3/2022 7:48:39 AM,False,5384,Accepted,
29526236,0568000,LOUISVILLE METRO POLICE DEPT,Accepted,JEFFERSON,,,ROY WILKINS,AVE,,,,,,,,38.254747722,-85.765274988,0.199,12/30/2021 12:00:00 AM,2003,3,3,0,2,CLEAR,DRY,False,1 VEHICLE ENTERING/LEAVING ENTRANCE,ANGLE,STRAIGHT & LEVEL,DARK-HWY LIGHTED/ON,,,1/3/2022 7:45:57 AM,False,5122,Accepted,
29526218,0568000,LOUISVILLE METRO POLICE DEPT,Accepted,JEFFERSON,KY1694,,BROWNSBORO,RD,,,SUMMIT PARK,,,,,38.318625028,-85.561506814,0.210,12/30/2021 12:00:00 AM,1905,2,2,0,0,CLEAR,DRY,False,OTHER INTERSECTION COLLISIONS,REAR END,STRAIGHT & LEVEL,DUSK,,,1/3/2022 7:44:59 AM,False,5030,Accepted,
29526220,0568000,LOUISVILLE METRO POLICE DEPT,Accepted,JEFFERSON,,,VAUGHN MILL,RD,,,,,,,,38.131079543,-85.628851522,1.004,12/30/2021 12:00:00 AM,2006,2,2,0,0,CLOUDY,WET,False,HEAD-ON COLLISION,HEAD ON,STRAIGHT & LEVEL,DARK-HWY NOT LIGHTED,,,1/3/2022 7:45:10 AM,False,5116,Accepted,
29526228,0568000,LOUISVILLE METRO POLICE DEPT,Accepted,JEFFERSON,KY1703,,NEWBURG,RD,,,TREVILIAN,,,,,38.213663703,-85.701161036,3.390,12/30/2021 12:00:00 AM,2000,3,3,0,0,CLEAR,DRY,False,OTHER INTERSECTION COLLISIONS,REAR END,STRAIGHT & LEVEL,DARK-HWY LIGHTED/ON,,,1/3/2022 7:45:40 AM,False,5296,Accepted,
29526183,0568000,LOUISVILLE METRO POLICE DEPT,Accepted,JEFFERSON,,7213,GLOBAL,DR,,,,,,,,38.139589886,-85.888126095,0.037,12/30/2021 12:00:00 AM,0700,2,2,0,1,FOG WITH RAIN,WET,True,COLLISION IN PARKING LOT,REAR END,STRAIGHT & GRADE,DAWN,,,1/3/2022 7:42:48 AM,False,7144,Accepted,
29526208,0568000,LOUISVILLE METRO POLICE DEPT,Accepted,JEFFERSON,US0031W,9070,DIXIE,HWY,,,,,WITTEN,,ELZIE,38.123970697,-85.853459351,9.975,12/30/2021 12:00:00 AM,2030,2,2,0,0,CLEAR,DRY,False,SIDESWIPE COLLISION - SAME DIRECTION,SIDESWIPE-SAME DIRECTION,STRAIGHT & LEVEL,DARK-HWY LIGHTED/ON,,,1/3/2022 7:44:25 AM,False,5211,Accepted,
29526203,0568000,LOUISVILLE METRO POLICE DEPT,Accepted,JEFFERSON,I 0064,,,,,,,,,,,38.275434284,-85.809488282,0.186,12/29/2021 12:00:00 AM,0854,2,2,0,0,CLOUDY,WET,True,OTHER RAMP RELATED COLLISIONS NOT LISTED ABOVE,SIDESWIPE-SAME DIRECTION,CURVE & LEVEL,DAYLIGHT,I 0064,I 0264,1/3/2022 7:44:07 AM,False,6360,Accepted,
29526211,0568000,LOUISVILLE METRO POLICE DEPT,Accepted,JEFFERSON,KY1865,,NEW CUT,RD,,KY1065,OUTER,,,,,38.126402813,-85.776176548,1.261,12/29/2021 12:00:00 AM,1902,2,2,0,0,RAINING,WET,False,OTHER INTERSECTION COLLISIONS,REAR END,STRAIGHT & LEVEL,DARK (UNKNOWN ROADWAY LIGHTING),,,1/3/2022 7:44:30 AM,False,7483,Accepted,
29515679,0565000,LYNDON POLICE DEPARTMENT,Accepted,JEFFERSON,KY1747,,HURSTBOURNE,PKWY,N,,TAMARISK,,,,,38.258558928,-85.578923558,14.381,12/29/2021 12:00:00 AM,2308,1,1,0,1,RAINING,WET,False,COLLISION WITH FIXED OBJECT IN INTERSECTION - FIRST EVENT COLLISION 09 - 32,SINGLE VEHICLE,CURVE & LEVEL,DARK-HWY LIGHTED/ON,,,12/30/2021 7:57:04 AM,False,1371,Accepted,
29515733,0568000,LOUISVILLE METRO POLICE DEPT,Accepted,JEFFERSON,KY1020,,NATIONAL,TPKE,,,GLENGARRY,,,,,38.123633365,-85.748496997,3.448,12/29/2021 12:00:00 AM,2038,2,2,0,2,RAINING,WET,False,ANGLE COLLISION - ONE VEHICLE TURNING LEFT,ANGLE,STRAIGHT & LEVEL,DARK (UNKNOWN ROADWAY LIGHTING),,,12/30/2021 8:20:03 AM,False,5312,Accepted,
29526219,0568000,LOUISVILLE METRO POLICE DEPT,Accepted,JEFFERSON,,,WATTERSON,TRL,S,,WILDWOOD,,,,,38.176067750,-85.622753722,0.191,12/29/2021 12:00:00 AM,2059,2,2,0,0,RAINING,WET,False,SIDESWIPE-SAME DIRECTION,SIDESWIPE-SAME DIRECTION,STRAIGHT & LEVEL,DARK-HWY LIGHTED/ON,,,1/3/2022 7:45:06 AM,False,5153,Accepted,
29526225,0568000,LOUISVILLE METRO POLICE DEPT,Accepted,JEFFERSON,KY1932,,BRECKENRIDGE,LN,,KY0155,TAYLORSVILLE,,,,,38.221460362,-85.631910951,2.983,12/29/2021 12:00:00 AM,1940,3,3,0,0,RAINING,WET,True,OTHER INTERSECTION COLLISIONS,REAR END,STRAIGHT & LEVEL,DARK-HWY LIGHTED/ON,,,1/3/2022 7:45:35 AM,False,5332,Accepted,
29526235,0568000,LOUISVILLE METRO POLICE DEPT,Accepted,JEFFERSON,I 0064,,I64 W,,,,,I 0064,I64 W EXIT8 ON RAMP FROM  GRINSTEAD DR,I 0064,I64 W EXIT8 ON RAMP FROM  GRINSTEAD DR,38.250165085,-85.711023214,7.195,12/29/2021 12:00:00 AM,2311,2,2,0,0,RAINING,WET,False,SIDESWIPE COLLISION - SAME DIRECTION,SIDESWIPE-SAME DIRECTION,CURVE & LEVEL,DARK-HWY LIGHTED/ON,,,1/3/2022 7:45:52 AM,False,5250,Accepted,
29531223,0568000,LOUISVILLE METRO POLICE DEPT,Accepted,JEFFERSON,,,1ST,ST,S,,ST CATHERINE,,,,,38.236889207,-85.754945078,1.336,12/29/2021 12:00:00 AM,2206,2,2,0,1,RAINING,WET,False,ANGLE COLLISION - OTHER,ANGLE,STRAIGHT & LEVEL,DARK-HWY LIGHTED/ON,,,1/4/2022 7:42:45 AM,False,5373,Accepted,
29535852,0568000,LOUISVILLE METRO POLICE DEPT,Accepted,JEFFERSON,,,DIXIE,HWY,,,,,,,,38.236374246,-85.787248207,0.909,12/29/2021 12:00:00 AM,1400,2,2,0,0,CLEAR,DRY,False,OTHER ROADWAY OR MID-BLOCK COLLISION,REAR END,STRAIGHT & LEVEL,DAYLIGHT,,,1/5/2022 8:26:07 AM,False,5114,Accepted,
29528347,KSP0400,KY STATE POLICE POST 04,Accepted,JEFFERSON,I 0264,,I264 W,,,,,,,,,38.191835711,-85.714570741,12.916,12/29/2021 12:00:00 AM,1730,2,2,0,0,RAINING,WET,True,REAR END IN TRAFFIC LANES BOTH VEHICLES MOVING,REAR END,CURVE & LEVEL,DARK-HWY LIGHTED/ON,,,1/3/2022 1:34:03 PM,False,922,Accepted,
29572125,0568000,LOUISVILLE METRO POLICE DEPT,Accepted,JEFFERSON,US0031W,10713,DIXIE,HWY,,,,,BROWNS PARK,,DIXIE GARDEN,38.098110618,-85.870652850,8.016,12/29/2021 12:00:00 AM,0030,1,1,0,0,RAINING,WET,False,COLLISION IN PARKING LOT,SINGLE VEHICLE,STRAIGHT & LEVEL,DARK-HWY LIGHTED/ON,,,1/11/2022 8:08:52 AM,False,6758,Accepted,
29515731,0568000,LOUISVILLE METRO POLICE DEPT,Accepted,JEFFERSON,I 0071,,I71 N,,,I 0264,I264 W,,,,,38.289648832,-85.648751878,4.933,12/29/2021 12:00:00 AM,2218,1,1,0,0,CLEAR,WET,False,COLLISION WITH FIXED OBJECT IN INTERSECTION - FIRST EVENT COLLISION 09 - 32,SINGLE VEHICLE,CURVE & HILLCREST,DAWN,,,12/30/2021 8:19:56 AM,False,5030,Accepted,
29515724,0568000,LOUISVILLE METRO POLICE DEPT,Accepted,JEFFERSON,US0042,,BROWNSBORO,RD,,,,,,,,38.260105098,-85.716657929,1.033,12/29/2021 12:00:00 AM,1735,2,2,0,0,CLEAR,DRY,False,OTHER ROADWAY OR MID-BLOCK COLLISION,REAR END,STRAIGHT & LEVEL,DUSK,,,12/30/2021 8:19:37 AM,False,7028,Accepted,
29515716,0568000,LOUISVILLE METRO POLICE DEPT,Accepted,JEFFERSON,KY1703,,NEWBURG,RD,,,SPEED,,,,,38.222969342,-85.710670160,4.287,12/29/2021 12:00:00 AM,1314,2,2,0,0,CLOUDY,DRY,True,OTHER INTERSECTION COLLISIONS,REAR END,STRAIGHT & LEVEL,DAYLIGHT,,,12/30/2021 8:19:10 AM,False,7570,Accepted,
29515721,0568000,LOUISVILLE METRO POLICE DEPT,Accepted,JEFFERSON,I 0265,,I265 E,,,,,I 0265,I265 E EXIT14 OFF RAMP TO  SMYRNA PKWY,I 0265,I265 E EXIT12 ON RAMP FROM KY61 N,38.116225560,-85.655297967,12.890,12/29/2021 12:00:00 AM,1658,2,2,0,0,CLEAR,DRY,True,SIDESWIPE COLLISION - SAME DIRECTION,SIDESWIPE-SAME DIRECTION,STRAIGHT & LEVEL,DAYLIGHT,,,12/30/2021 8:19:26 AM,False,2324,Accepted,
29526201,0568000,LOUISVILLE METRO POLICE DEPT,Accepted,JEFFERSON,KY0022,,BROWNSBORO,RD,,,,,,,,38.310614590,-85.570787689,4.226,12/29/2021 12:00:00 AM,1947,2,2,0,0,CLEAR,WET,False,SIDESWIPE COLLISION - SAME DIRECTION,SIDESWIPE-SAME DIRECTION,STRAIGHT & LEVEL,DARK-HWY LIGHTED/ON,,,1/3/2022 7:44:00 AM,False,5401,Accepted,
29526202,0568000,LOUISVILLE METRO POLICE DEPT,Accepted,JEFFERSON,KY1447,,WESTPORT,RD,,,,,,,,38.280716744,-85.590312270,4.128,12/29/2021 12:00:00 AM,2316,1,1,0,0,CLEAR,WET,False,COLLISION WITH FIXED OBJECT NON - INTERSECTION - FIRST EVENT COLLISION 09 - 32 EXCLUDING 16,SINGLE VEHICLE,STRAIGHT & LEVEL,DARK-HWY LIGHTED/ON,,,1/3/2022 7:44:04 AM,False,5401,Accepted,
29526192,0568000,LOUISVILLE METRO POLICE DEPT,Accepted,JEFFERSON,KY1631,,CRITTENDEN,DR,,,BOXLEY,,,,,38.205364252,-85.750810260,1.202,12/29/2021 12:00:00 AM,1211,2,2,0,0,CLOUDY,DRY,False,SIDESWIPE-SAME DIRECTION,SIDESWIPE-SAME DIRECTION,STRAIGHT & LEVEL,DAYLIGHT,,,1/3/2022 7:43:35 AM,False,2745,Accepted,
29512290,0568000,LOUISVILLE METRO POLICE DEPT,Accepted,JEFFERSON,US0031W,,DIXIE,HWY,,KY0907,VALLEY STATION,,,,,38.107636856,-85.866714739,8.633,12/29/2021 12:00:00 AM,0013,2,2,0,2,RAINING,WET,False,ANGLE COLLISION - OTHER,ANGLE,STRAIGHT & LEVEL,DARK-HWY NOT LIGHTED,,,12/29/2021 8:13:47 AM,False,7264,Accepted,
29515707,0568000,LOUISVILLE METRO POLICE DEPT,Accepted,JEFFERSON,I 0064,,I64 W,,,,,I 0064,I64 TURN AROUND9,I 0064,I64 W EXIT10 ON RAMP FROM KY2048,38.240999259,-85.679879355,9.141,12/29/2021 12:00:00 AM,0954,2,2,0,0,CLOUDY,DRY,True,SIDESWIPE COLLISION - SAME DIRECTION,SIDESWIPE-SAME DIRECTION,CURVE & LEVEL,DAYLIGHT,,,12/30/2021 8:18:41 AM,False,5006,Accepted,
29515713,0568000,LOUISVILLE METRO POLICE DEPT,Accepted,JEFFERSON,KY0061,,PRESTON,ST,S,,BRANDEIS,,,,,38.219555845,-85.747755754,10.635,12/29/2021 12:00:00 AM,1030,2,2,0,0,CLOUDY,WET,False,COLLISION WITH PARKED VEHICLE,ANGLE,STRAIGHT & LEVEL,DAYLIGHT,,,12/30/2021 8:19:01 AM,False,5175,Accepted,
29515714,0568000,LOUISVILLE METRO POLICE DEPT,Accepted,JEFFERSON,KY1747,,HURSTBOURNE,PKWY,,,WATTERSON,,,,,38.162777710,-85.612968750,6.848,12/29/2021 12:00:00 AM,0918,2,2,0,0,CLOUDY,WET,False,ANGLE COLLISION - OTHER,ANGLE,STRAIGHT & LEVEL,DAYLIGHT,,,12/30/2021 8:19:04 AM,False,4693,Accepted,
29512291,0568000,LOUISVILLE METRO POLICE DEPT,Accepted,JEFFERSON,I 0265,,I265 W,,,,,,,,,38.139299039,-85.591591973,16.808,12/29/2021 12:00:00 AM,0206,1,1,0,0,RAINING,WET,False,OTHER COLLISIONS ON SHOULDER,SINGLE VEHICLE,STRAIGHT & LEVEL,DARK-HWY NOT LIGHTED,,,12/29/2021 8:13:51 AM,False,5169,Accepted,
29515720,0568000,LOUISVILLE METRO POLICE DEPT,Accepted,JEFFERSON,,,RIVER PARK,DR,,,,,,,,38.253812586,-85.801812044,1.380,12/29/2021 12:00:00 AM,0810,1,1,0,0,CLOUDY,WET,False,COLLISION WITH FIXED OBJECT NON - INTERSECTION - FIRST EVENT COLLISION 09 - 32 EXCLUDING 16,SINGLE VEHICLE,STRAIGHT & LEVEL,DAYLIGHT,,,12/30/2021 8:19:23 AM,False,5344,Accepted,
29515717,0568000,LOUISVILLE METRO POLICE DEPT,Accepted,JEFFERSON,KY0907,,SOUTHSIDE,DR,,,,,,,,38.148228760,-85.772680200,6.535,12/29/2021 12:00:00 AM,1510,2,2,0,1,CLOUDY,DRY,False,1 VEHICLE ENTERING/LEAVING ENTRANCE,ANGLE,STRAIGHT & LEVEL,DAYLIGHT,,,12/30/2021 8:19:14 AM,False,7331,Accepted,
29515718,0568000,LOUISVILLE METRO POLICE DEPT,Accepted,JEFFERSON,I 0265,,,,,,,,,,,38.145525187,-85.545054023,0.009,12/29/2021 12:00:00 AM,1644,2,2,0,0,CLOUDY,DRY,True,OTHER RAMP RELATED COLLISIONS NOT LISTED ABOVE,REAR END,STRAIGHT & LEVEL,,I 0265,KY1819,12/30/2021 8:19:17 AM,False,7698,Accepted,
29515719,0568000,LOUISVILLE METRO POLICE DEPT,Accepted,JEFFERSON,KY0841,,GENE SNYDER,FWY,,I 0071,I71 N EXIT35B RAMP TO I71 S,,,,,38.315153149,-85.582245436,34.747,12/29/2021 12:00:00 AM,1126,2,2,0,0,CLOUDY,DRY,False,OTHER INTERSECTION COLLISIONS,REAR END,STRAIGHT & LEVEL,DAYLIGHT,,,12/30/2021 8:19:20 AM,False,7316,Accepted,
29515712,0568000,LOUISVILLE METRO POLICE DEPT,Accepted,JEFFERSON,,,BROOK,ST,S,US0150,BROADWAY,,,,,38.245381159,-85.751730597,2.769,12/29/2021 12:00:00 AM,1130,2,2,0,0,CLOUDY,DRY,False,COLLISION WITH PARKED VEHICLE,SIDESWIPE-SAME DIRECTION,STRAIGHT & LEVEL,DAYLIGHT,,,12/30/2021 8:18:58 AM,False,7037,Accepted,
29515729,0568000,LOUISVILLE METRO POLICE DEPT,Accepted,JEFFERSON,I 0064,,I64 W,,,,,,,,,38.243046661,-85.695209211,8.281,12/29/2021 12:00:00 AM,2146,1,1,0,0,RAINING,WET,False,OTHER COLLISIONS ON SHOULDER,SINGLE VEHICLE,CURVE & GRADE,DARK-HWY LIGHTED/ON,,,12/30/2021 8:19:50 AM,False,2034,Accepted,
29515737,0568000,LOUISVILLE METRO POLICE DEPT,Accepted,JEFFERSON,,2124,CHEROKEE,PKWY,,,,,CHEROKEE,,EVERETT,38.236057788,-85.710873948,0.084,12/29/2021 12:00:00 AM,2105,2,2,0,0,RAINING,WET,True,1 VEHICLE PARKED POSITION (NOT PARKING LOT/DRIVEWAY),REAR TO REAR,STRAIGHT & HILLCREST,DARK-HWY LIGHTED/ON,,,12/30/2021 8:20:12 AM,False,5274,Accepted,
29515727,0568000,LOUISVILLE METRO POLICE DEPT,Accepted,JEFFERSON,,,34TH,ST,S,,JEFFERSON,,,,,38.259944632,-85.807146512,0.158,12/29/2021 12:00:00 AM,1402,1,1,0,0,CLEAR,DRY,True,COLLISION WITH FIXED OBJECT IN INTERSECTION - FIRST EVENT COLLISION 09 - 32,SINGLE VEHICLE,STRAIGHT & LEVEL,DAYLIGHT,,,12/30/2021 8:19:43 AM,False,7363,Accepted,
29526316,0568000,LOUISVILLE METRO POLICE DEPT,Accepted,JEFFERSON,US0031W,,DIXIE,HWY,,KY1849,MOORMAN,,,,,38.085412169,-85.879897162,6.940,12/29/2021 12:00:00 AM,1256,2,2,0,1,CLOUDY,DRY,False,OPPOSING LEFT TURN,OPPOSING LEFT TURN,STRAIGHT & LEVEL,DAYLIGHT,,,1/3/2022 7:51:43 AM,False,2098,Accepted,
29531210,0568000,LOUISVILLE METRO POLICE DEPT,Accepted,JEFFERSON,KY1020,2906,3RD,ST,S,,,,,,,38.210188436,-85.762999744,9.864,12/29/2021 12:00:00 AM,1708,3,3,0,0,CLEAR,DRY,False,SIDESWIPE COLLISION - OPPOSITE DIRECTION,SIDESWIPE-OPPOSITE DIRECTION,STRAIGHT & LEVEL,DAYLIGHT,,,1/4/2022 7:41:55 AM,False,5405,Accepted,
29526289,0568000,LOUISVILLE METRO POLICE DEPT,Accepted,JEFFERSON,KY1020,,3RD,ST,S,,,,ORMSBY,,OAK,38.233885375,-85.758862674,11.250,12/28/2021 12:00:00 AM,1031,2,2,0,0,CLOUDY,DRY,False,1 VEHICLE PARKED POSITION (NOT PARKING LOT/DRIVEWAY),REAR END,STRAIGHT & LEVEL,DAYLIGHT,,,1/3/2022 7:50:06 AM,False,7619,Accepted,
29526206,0568000,LOUISVILLE METRO POLICE DEPT,Accepted,JEFFERSON,US0060,,SHELBYVILLE,RD,,,ENGLISH STATION,,,,,38.240589013,-85.493563247,12.576,12/28/2021 12:00:00 AM,0138,2,2,0,1,CLEAR,DRY,False,OTHER INTERSECTION COLLISIONS,REAR END,STRAIGHT & LEVEL,DARK-HWY LIGHTED/ON,,,1/3/2022 7:44:20 AM,False,5329,Accepted,
29512293,0568000,LOUISVILLE METRO POLICE DEPT,Accepted,JEFFERSON,I 0065,,I65 S,,,,,,,,,38.239566681,-85.753334310,134.828,12/28/2021 12:00:00 AM,2351,2,2,0,0,RAINING,WET,False,SIDESWIPE COLLISION - SAME DIRECTION,SIDESWIPE-SAME DIRECTION,STRAIGHT & LEVEL,DARK-HWY LIGHTED/OFF,,,12/29/2021 8:13:58 AM,False,5213,Accepted,
29526238,0568000,LOUISVILLE METRO POLICE DEPT,Accepted,JEFFERSON,US0060A,,EASTERN,PKWY,,KY0061,PRESTON,,,,,38.214595893,-85.743104273,4.550,12/28/2021 12:00:00 AM,1359,2,2,0,0,CLEAR,DRY,False,ANGLE COLLISION - OTHER,ANGLE,STRAIGHT & LEVEL,DAYLIGHT,,,1/3/2022 7:46:06 AM,False,5120,Accepted,
29508525,0568000,LOUISVILLE METRO POLICE DEPT,Accepted,JEFFERSON,KY1727,,TERRY,RD,,,PAGES,,,,,38.131022321,-85.874231986,0.638,12/28/2021 12:00:00 AM,0429,2,2,0,0,RAINING,WET,False,ANGLE COLLISION - OTHER,ANGLE,STRAIGHT & LEVEL,DARK-HWY LIGHTED/ON,,,12/28/2021 8:19:54 AM,False,7166,Accepted,
29512260,0568000,LOUISVILLE METRO POLICE DEPT,Accepted,JEFFERSON,US0031W,,DIXIE,HWY,,,VESPER,,,,,38.105876157,-85.867851181,8.497,12/28/2021 12:00:00 AM,1233,2,2,0,0,RAINING,WET,False,ANGLE COLLISION - OTHER,ANGLE,STRAIGHT & LEVEL,DAYLIGHT,,,12/29/2021 8:11:50 AM,False,2098,Accepted,
29512269,0568000,LOUISVILLE METRO POLICE DEPT,Accepted,JEFFERSON,KY1934,,CANE RUN,RD,,,,,,,,38.183214186,-85.855562818,7.681,12/28/2021 12:00:00 AM,1530,2,2,0,0,CLOUDY,WET,True,1 VEHICLE ENTERING/LEAVING ENTRANCE,ANGLE,CURVE & LEVEL,DAYLIGHT,,,12/29/2021 8:12:25 AM,False,5208,Accepted,
29512277,0568000,LOUISVILLE METRO POLICE DEPT,Accepted,JEFFERSON,KY0907,,3RD ST,RD,,KY1065,OUTER,,,,,38.127750442,-85.794625599,4.674,12/28/2021 12:00:00 AM,1743,2,2,0,3,CLOUDY,WET,False,HEAD-ON COLLISION,HEAD ON,STRAIGHT & LEVEL,DUSK,,,12/29/2021 8:12:56 AM,False,7356,Accepted,
29512285,0568000,LOUISVILLE METRO POLICE DEPT,Accepted,JEFFERSON,,,WATTERSON,TRL,S,,,,,,,38.166603240,-85.621498282,0.897,12/28/2021 12:00:00 AM,1647,4,4,0,1,CLEAR,WET,False,HEAD-ON COLLISION,HEAD ON,CURVE & HILLCREST,DAYLIGHT,,,12/29/2021 8:13:29 AM,False,5346,Accepted,
29512286,0568000,LOUISVILLE METRO POLICE DEPT,Accepted,JEFFERSON,I 0264,,I264 W,,,,,,,,,38.192818114,-85.712492812,13.047,12/28/2021 12:00:00 AM,2106,2,2,0,0,RAINING,WET,False,REAR END IN TRAFFIC LANES BOTH VEHICLES MOVING,REAR END,STRAIGHT & LEVEL,DARK (UNKNOWN ROADWAY LIGHTING),,,12/29/2021 8:13:33 AM,False,5326,Accepted,
29512294,0568000,LOUISVILLE METRO POLICE DEPT,Accepted,JEFFERSON,I 0064,,I64 E,,,I 0064,I64 W EXIT19B RAMP TO I265 N,,,,,38.222905525,-85.504345401,18.986,12/28/2021 12:00:00 AM,2110,1,1,0,0,RAINING,WET,False,COLLISION WITH FIXED OBJECT IN INTERSECTION - FIRST EVENT COLLISION 09 - 32,SINGLE VEHICLE,CURVE & GRADE,DARK-HWY LIGHTED/ON,,,12/29/2021 8:14:02 AM,False,5329,Accepted,
29515701,0568000,LOUISVILLE METRO POLICE DEPT,Accepted,JEFFERSON,KY0061,,PRESTON,HWY,,KY1065,OUTER,,,,,38.138325293,-85.686589588,3.950,12/28/2021 12:00:00 AM,2127,2,2,0,0,RAINING,WET,True,ANGLE COLLISION - ONE VEHICLE TURNING LEFT,ANGLE,STRAIGHT & LEVEL,DARK-HWY NOT LIGHTED,,,12/30/2021 8:18:18 AM,False,5115,Accepted,
29512261,0568000,LOUISVILLE METRO POLICE DEPT,Accepted,JEFFERSON,US0060A,1325,EASTERN,PKWY,,,,,,,,38.226749337,-85.720122617,6.129,12/28/2021 12:00:00 AM,1252,2,2,0,0,RAINING,WET,False,OTHER ROADWAY OR MID-BLOCK COLLISION,REAR END,STRAIGHT & GRADE,DAYLIGHT,,,12/29/2021 8:11:54 AM,False,7403,Accepted,