IncidentID,AgencyORI,AgencyName,IncidentStatusDesc,County,RdwyNumber,Street,RoadwayName,StreetSfx,StreetDir,IntersectionRdwy,IntersectionRdwyName,BetweenStRdwy1,BetweenStRdwyName1,BetweenStRdwy2,BetweenStRdwyName2,Latitude,Longitude,Milepoint,CollisionDate,CollisionTime,UnitsInvolved,MotorVehiclesInvolved,NumberKilled,NumberInjured,Weather,RdwyConditionCode,HitandRun,DirAnalysisCode,MannerofCollision,RdwyCharacter,LightCondition,RampFromRdwyId,RampToRdwyId,AcceptedDate,IsSecondaryCollision,OwnerBadge,IncidentStatus,
29515710,0568000,LOUISVILLE METRO POLICE DEPT,Accepted,JEFFERSON,I 0264,,I264 E,,,,,,,,,38.189629988,-85.739459980,11.538,12/28/2021 12:00:00 AM,1535,2,2,0,2,CLOUDY,DRY,False,1 VEHICLE ENTERING/LEAVING ENTRANCE,ANGLE,STRAIGHT & LEVEL,DAYLIGHT,,,12/30/2021 8:18:50 AM,False,2308,Accepted,
29510854,0560400,SHIVELY POLICE DEPARTMENT,Accepted,JEFFERSON,US0031W,4800,DIXIE,HWY,,,,,,,,38.173395068,-85.824179445,13.746,12/28/2021 12:00:00 AM,1822,2,2,0,0,RAINING,WET,False,REAR END IN TRAFFIC LANES BOTH VEHICLES MOVING,REAR END,STRAIGHT & LEVEL,DARK-HWY LIGHTED/ON,,,12/28/2021 6:56:19 PM,False,7082,Accepted,
29512266,0568000,LOUISVILLE METRO POLICE DEPT,Accepted,JEFFERSON,KY1932,,BRECKENRIDGE,LN,,,BERKSHIRE,,,,,38.222456915,-85.632680849,3.066,12/28/2021 12:00:00 AM,1307,2,2,0,0,CLOUDY,WET,False,ANGLE COLLISION - OTHER,ANGLE,STRAIGHT & LEVEL,DAYLIGHT,,,12/29/2021 8:12:11 AM,False,4693,Accepted,
29512267,0568000,LOUISVILLE METRO POLICE DEPT,Accepted,JEFFERSON,KY1819,,BILLTOWN,RD,,,,KY6328,KENDRICK,KY1819,SEATONVILLE,38.143361044,-85.542820441,4.913,12/28/2021 12:00:00 AM,1430,2,2,0,0,CLOUDY,WET,False,1 VEHICLE ENTERING/LEAVING ENTRANCE,ANGLE,STRAIGHT & LEVEL,DAYLIGHT,,,12/29/2021 8:12:16 AM,False,6878,Accepted,
29512274,0568000,LOUISVILLE METRO POLICE DEPT,Accepted,JEFFERSON,,,FLOYD,ST,S,,CHESTNUT,,,,,38.247960644,-85.749272439,0.530,12/28/2021 12:00:00 AM,1539,4,4,0,0,CLOUDY,WET,False,ANGLE COLLISION - OTHER,ANGLE,STRAIGHT & LEVEL,DAYLIGHT,,,12/29/2021 8:12:45 AM,False,7229,Accepted,
29512275,0568000,LOUISVILLE METRO POLICE DEPT,Accepted,JEFFERSON,KY1747,,FERN VALLEY,RD,,,PARAMOUNT PARK,,,,,38.157113278,-85.712394672,1.085,12/28/2021 12:00:00 AM,1644,3,3,0,1,CLEAR,DRY,False,ANGLE COLLISION - OTHER,ANGLE,STRAIGHT & LEVEL,DAYLIGHT,,,12/29/2021 8:12:49 AM,True,2321,Accepted,
29512283,0568000,LOUISVILLE METRO POLICE DEPT,Accepted,JEFFERSON,US0031E,4400,BARDSTOWN,RD,,,,,,,,38.185465344,-85.634613675,9.219,12/28/2021 12:00:00 AM,1414,2,2,0,0,CLOUDY,WET,False,REAR END IN TRAFFIC LANES BOTH VEHICLES MOVING,REAR END,STRAIGHT & LEVEL,DAYLIGHT,,,12/29/2021 8:13:21 AM,False,5346,Accepted,
29512284,0568000,LOUISVILLE METRO POLICE DEPT,Accepted,JEFFERSON,,,FERN RIDGE,RD,,,,,,,,38.164073492,-85.632222750,0.087,12/28/2021 12:00:00 AM,1607,2,2,0,0,CLOUDY,WET,False,COLLISION IN PARKING LOT,BACKING,STRAIGHT & LEVEL,DAYLIGHT,,,12/29/2021 8:13:25 AM,False,5346,Accepted,
29512265,0568000,LOUISVILLE METRO POLICE DEPT,Accepted,JEFFERSON,KY0864,,POPLAR LEVEL,RD,,,,,,,,38.187419542,-85.701795592,10.666,12/28/2021 12:00:00 AM,1111,2,2,0,1,RAINING,WET,False,OTHER ROADWAY OR MID-BLOCK COLLISION,OPPOSING LEFT TURN,STRAIGHT & LEVEL,DAYLIGHT,,,12/29/2021 8:12:07 AM,False,4693,Accepted,
29512273,0568000,LOUISVILLE METRO POLICE DEPT,Accepted,JEFFERSON,KY0022,,BROWNSBORO,RD,,,SUMMIT PLAZA,,,,,38.306933310,-85.575392987,3.876,12/28/2021 12:00:00 AM,1144,2,2,0,0,RAINING,WET,False,OTHER INTERSECTION COLLISIONS,REAR END,STRAIGHT & LEVEL,DAYLIGHT,,,12/29/2021 8:12:41 AM,False,7316,Accepted,
29512281,0568000,LOUISVILLE METRO POLICE DEPT,Accepted,JEFFERSON,KY1931,,MANSLICK,RD,,,MARCH,,,,,38.191626370,-85.800849909,8.101,12/28/2021 12:00:00 AM,1722,2,2,0,0,CLOUDY,WET,False,ANGLE COLLISION - OTHER,ANGLE,STRAIGHT & LEVEL,DARK-HWY LIGHTED/ON,,,12/29/2021 8:13:13 AM,False,7468,Accepted,
29512256,0568000,LOUISVILLE METRO POLICE DEPT,Accepted,JEFFERSON,,,7TH,ST,S,,DAVIES,,,,,38.224276461,-85.771027416,0.451,12/28/2021 12:00:00 AM,0404,1,1,0,1,RAINING,WET,False,COLLISION WITH FIXED OBJECT IN INTERSECTION - FIRST EVENT COLLISION 09 - 32,SINGLE VEHICLE,CURVE & GRADE,DARK-HWY LIGHTED/ON,,,12/29/2021 8:11:35 AM,False,6886,Accepted,
29512264,0568000,LOUISVILLE METRO POLICE DEPT,Accepted,JEFFERSON,KY0864,,POPLAR LEVEL,RD,,,,,,,,38.171235142,-85.684592568,9.187,12/28/2021 12:00:00 AM,0818,2,2,0,0,RAINING,WET,False,REAR END IN TRAFFIC LANES BOTH VEHICLES MOVING,REAR END,STRAIGHT & LEVEL,DAYLIGHT,,,12/29/2021 8:12:03 AM,False,4693,Accepted,
29526251,0568000,LOUISVILLE METRO POLICE DEPT,Accepted,JEFFERSON,,,COOPER CHAPEL,RD,,KY0061,PRESTON,,,,,38.103572577,-85.672507861,0.003,12/28/2021 12:00:00 AM,2018,2,2,0,0,CLOUDY,WET,False,OTHER INTERSECTION COLLISIONS,REAR END,STRAIGHT & GRADE,DARK-HWY NOT LIGHTED,,,1/3/2022 7:47:05 AM,False,5198,Accepted,
29526253,0568000,LOUISVILLE METRO POLICE DEPT,Accepted,JEFFERSON,KY1065,,OUTER,LOOP,,,,I 0065,I65 N EXIT127 ON RAMP FROM KY1065,I 0065,I65 S EXIT127 OFF RAMP TO KY1065,38.137182484,-85.708951080,4.811,12/28/2021 12:00:00 AM,2200,1,1,0,1,RAINING,WET,False,COLLISION WITH FIXED OBJECT NON - INTERSECTION - FIRST EVENT COLLISION 09 - 32 EXCLUDING 16,SINGLE VEHICLE,STRAIGHT & LEVEL,DARK-HWY NOT LIGHTED,,,1/3/2022 7:47:29 AM,False,5198,Accepted,
29512297,0568000,LOUISVILLE METRO POLICE DEPT,Accepted,JEFFERSON,KY0061,,PRESTON,HWY,,,,,SPRINGVIEW,KY2845,MANSLICK,38.119319553,-85.677583659,2.542,12/28/2021 12:00:00 AM,1845,3,3,0,2,RAINING,WET,False,REAR END IN TRAFFIC LANES BOTH VEHICLES MOVING,REAR END,STRAIGHT & LEVEL,DARK-HWY NOT LIGHTED,,,12/29/2021 8:14:21 AM,False,5141,Accepted,
29512278,0568000,LOUISVILLE METRO POLICE DEPT,Accepted,JEFFERSON,US0031E,,BARDSTOWN,RD,,,,,ICHABOD,,BRENTLINGER,38.132460639,-85.578776164,4.248,12/28/2021 12:00:00 AM,1013,2,2,0,0,RAINING,WET,False,SIDESWIPE COLLISION - SAME DIRECTION,SIDESWIPE-SAME DIRECTION,STRAIGHT & LEVEL,DAYLIGHT,,,12/29/2021 8:13:00 AM,False,2324,Accepted,
29512279,0568000,LOUISVILLE METRO POLICE DEPT,Accepted,JEFFERSON,,,CALHOUN,AVE,,US0060A,TAYLOR,,,,,38.203037498,-85.780330525,0.001,12/28/2021 12:00:00 AM,1230,2,1,0,1,CLOUDY,WET,True,COLLISION WITH PEDESTRIAN IN INTERSECTION,SINGLE VEHICLE,STRAIGHT & LEVEL,DAYLIGHT,,,12/29/2021 8:13:04 AM,False,5230,Accepted,
29512280,0568000,LOUISVILLE METRO POLICE DEPT,Accepted,JEFFERSON,KY1934,,CANE RUN,RD,,KY2049,CRUMS,,,,,38.199877280,-85.836558770,9.242,12/28/2021 12:00:00 AM,1823,3,3,0,0,RAINING,WET,True,REAR END - ONE VEHICLE TURNING LEFT,REAR END,STRAIGHT & LEVEL,DAYLIGHT,,,12/29/2021 8:13:09 AM,False,5208,Accepted,
29512263,0568000,LOUISVILLE METRO POLICE DEPT,Accepted,JEFFERSON,,,LEXINGTON,RD,,,,,SPRING,,ETLEY,38.245550588,-85.705912059,1.674,12/28/2021 12:00:00 AM,1246,1,1,0,0,RAINING,WET,False,COLLISION WITH FIXED OBJECT NON - INTERSECTION - FIRST EVENT COLLISION 09 - 32 EXCLUDING 16,SINGLE VEHICLE,CURVE & LEVEL,DAYLIGHT,,,12/29/2021 8:11:58 AM,False,2413,Accepted,
29512270,0568000,LOUISVILLE METRO POLICE DEPT,Accepted,JEFFERSON,US0031E,,BARDSTOWN,RD,,,ELLWOOD,,,,,38.237696715,-85.719779639,15.339,12/28/2021 12:00:00 AM,1540,2,2,0,0,CLOUDY,WET,False,SIDESWIPE-SAME DIRECTION,SIDESWIPE-SAME DIRECTION,STRAIGHT & LEVEL,DAYLIGHT,,,12/29/2021 8:12:29 AM,False,7900,Accepted,
29512288,0568000,LOUISVILLE METRO POLICE DEPT,Accepted,JEFFERSON,KY1447,,WESTPORT,RD,,,,,MAPLE FOREST,,LAKE LOUISVILLA,38.304904933,-85.519774160,8.282,12/28/2021 12:00:00 AM,1828,1,1,0,1,RAINING,WET,False,COLLISION WITH FIXED OBJECT NON - INTERSECTION - FIRST EVENT COLLISION 09 - 32 EXCLUDING 16,SINGLE VEHICLE,CURVE & GRADE,DARK-HWY NOT LIGHTED,,,12/29/2021 8:13:40 AM,False,7633,Accepted,
29512295,0568000,LOUISVILLE METRO POLICE DEPT,Accepted,JEFFERSON,I 0065,,I65 N,,,I 0065,I65 N EXIT134A OFF RAMP TO KY61,,,,,38.225106891,-85.751208487,133.807,12/28/2021 12:00:00 AM,2234,2,2,0,0,RAINING,WET,False,SIDESWIPE-SAME DIRECTION,SIDESWIPE-SAME DIRECTION,CURVE & LEVEL,DARK-HWY NOT LIGHTED,,,12/29/2021 8:14:08 AM,False,5267,Accepted,
29512296,0568000,LOUISVILLE METRO POLICE DEPT,Accepted,JEFFERSON,I 0264,,I264 W,,,,,I 0264,I264 W EXIT16 OFF RAMP TO US31E,I 0264,I264 W EXIT17 ON RAMP FROM KY155,38.214362743,-85.665562486,16.051,12/27/2021 12:00:00 AM,1747,1,1,0,1,CLOUDY,DRY,False,COLLISION WITH FIXED OBJECT NON - INTERSECTION - FIRST EVENT COLLISION 09 - 32 EXCLUDING 16,SINGLE VEHICLE,STRAIGHT & LEVEL,DARK (UNKNOWN ROADWAY LIGHTING),,,12/29/2021 8:14:14 AM,False,7751,Accepted,
29526242,0568000,LOUISVILLE METRO POLICE DEPT,Accepted,JEFFERSON,,4400BLK,FEGENBUSH,LN,,,,,,,,38.187119417,-85.637975079,0.010,12/27/2021 12:00:00 AM,1614,2,2,0,3,CLEAR,DRY,False,1 VEHICLE ENTERING/LEAVING ENTRANCE,ANGLE,STRAIGHT & LEVEL,DAYLIGHT,,,1/3/2022 7:46:23 AM,False,5276,Accepted,
29508504,0568000,LOUISVILLE METRO POLICE DEPT,Accepted,JEFFERSON,,,ROY WILKINS,AVE,,US0031W,MARKET,,,,,38.256097498,-85.764989413,0.094,12/27/2021 12:00:00 AM,1457,2,2,0,3,CLEAR,DRY,False,ANGLE COLLISION - ONE VEHICLE TURNING LEFT,ANGLE,STRAIGHT & GRADE,DAYLIGHT,,,12/28/2021 8:19:11 AM,False,5251,Accepted,
29508505,0568000,LOUISVILLE METRO POLICE DEPT,Accepted,JEFFERSON,,,RIVER PARK,DR,,,,I 0264,I264 W EXIT2 OFF RAMP TO  MUHAMMAD ALI BLVD,,32ND,38.254316556,-85.805940320,1.114,12/27/2021 12:00:00 AM,0910,1,1,0,1,CLOUDY,DRY,False,OTHER ROADWAY OR MID-BLOCK COLLISION,SINGLE VEHICLE,STRAIGHT & LEVEL,DAYLIGHT,,,12/28/2021 8:19:15 AM,False,5251,Accepted,
29512255,0568000,LOUISVILLE METRO POLICE DEPT,Accepted,JEFFERSON,,6702,ENTERPRISE,DR,,,,,,,,38.154456598,-85.749131649,0.768,12/27/2021 12:00:00 AM,1722,1,1,0,0,CLEAR,DRY,True,COLLISION WITH FIXED OBJECT NON - INTERSECTION - FIRST EVENT COLLISION 09 - 32 EXCLUDING 16,SINGLE VEHICLE,STRAIGHT & LEVEL,DAYLIGHT,,,12/29/2021 8:11:30 AM,False,7263,Accepted,
29504260,0568000,LOUISVILLE METRO POLICE DEPT,Accepted,JEFFERSON,,,12TH,ST,S,,WILSON,,,,,38.232915280,-85.774247393,1.398,12/27/2021 12:00:00 AM,0200,1,1,0,1,CLEAR,DRY,False,COLLISION WITH FIXED OBJECT IN INTERSECTION - FIRST EVENT COLLISION 09 - 32,SINGLE VEHICLE,STRAIGHT & LEVEL,DARK-HWY LIGHTED/ON,,,12/27/2021 8:37:42 AM,False,5256,Accepted,
29508479,0568000,LOUISVILLE METRO POLICE DEPT,Accepted,JEFFERSON,US0031W,,DIXIE,HWY,,,,,,,,38.168393329,-85.828472623,13.262,12/27/2021 12:00:00 AM,0637,2,2,0,0,CLOUDY,WET,False,REAR END IN TRAFFIC LANES BOTH VEHICLES MOVING,REAR END,STRAIGHT & LEVEL,DARK-HWY LIGHTED/ON,,,12/28/2021 8:17:14 AM,False,7244,Accepted,
29508477,0568000,LOUISVILLE METRO POLICE DEPT,Accepted,JEFFERSON,KY3077,,RIVER,RD,,,3RD,,,,,38.258545431,-85.754472069,0.375,12/27/2021 12:00:00 AM,0800,2,2,0,0,CLOUDY,WET,False,ANGLE COLLISION - OTHER,ANGLE,STRAIGHT & LEVEL,DAYLIGHT,,,12/28/2021 8:17:03 AM,False,7017,Accepted,
29508478,0568000,LOUISVILLE METRO POLICE DEPT,Accepted,JEFFERSON,I 0064,,I64 E,,,,,,,,,38.257824572,-85.740913722,5.460,12/27/2021 12:00:00 AM,0748,1,1,0,0,RAINING,WET,False,OTHER ROADWAY OR MID-BLOCK COLLISION,SINGLE VEHICLE,CURVE & GRADE,DAWN,,,12/28/2021 8:17:08 AM,False,7862,Accepted,
29508485,0568000,LOUISVILLE METRO POLICE DEPT,Accepted,JEFFERSON,,1629,13TH,ST,S,,,,,,,38.222658643,-85.777703895,2.065,12/27/2021 12:00:00 AM,1015,2,2,0,0,CLOUDY,WET,True,1 VEHICLE PARKED POSITION (NOT PARKING LOT/DRIVEWAY),SIDESWIPE-SAME DIRECTION,STRAIGHT & LEVEL,DAYLIGHT,,,12/28/2021 8:17:48 AM,False,5402,Accepted,
29508493,0568000,LOUISVILLE METRO POLICE DEPT,Accepted,JEFFERSON,,,DELL BROOKE,AVE,,,GOLDSMITH,,,,,38.207305218,-85.651564242,0.008,12/27/2021 12:00:00 AM,1130,2,2,0,0,CLOUDY,DRY,False,ANGLE COLLISION - OTHER,ANGLE,STRAIGHT & LEVEL,DAYLIGHT,,,12/28/2021 8:18:25 AM,False,4693,Accepted,
29508494,0568000,LOUISVILLE METRO POLICE DEPT,Accepted,JEFFERSON,I 0065,,I65 N,,,,,,,,,38.156408690,-85.717461691,128.191,12/27/2021 12:00:00 AM,1105,2,2,0,0,CLOUDY,DRY,False,SIDESWIPE COLLISION - SAME DIRECTION,SIDESWIPE-SAME DIRECTION,STRAIGHT & LEVEL,DAYLIGHT,,,12/28/2021 8:18:31 AM,False,4693,Accepted,
29508495,0568000,LOUISVILLE METRO POLICE DEPT,Accepted,JEFFERSON,KY1020,7000,SOUTHSIDE,DR,,,,,,,,38.156130753,-85.764647092,5.946,12/27/2021 12:00:00 AM,1300,2,2,0,0,CLEAR,DRY,False,1 VEHICLE ENTERING/LEAVING ENTRANCE,ANGLE,STRAIGHT & LEVEL,DAYLIGHT,,,12/28/2021 8:18:39 AM,False,7263,Accepted,
29508501,0568000,LOUISVILLE METRO POLICE DEPT,Accepted,JEFFERSON,,,MADISON,ST,W,US0031W,DR W J HODGE,,,,,38.253143575,-85.785843033,0.727,12/27/2021 12:00:00 AM,1644,2,2,0,0,CLEAR,DRY,False,ANGLE COLLISION - OTHER,ANGLE,STRAIGHT & LEVEL,DAYLIGHT,,,12/28/2021 8:18:59 AM,False,5105,Accepted,
29508502,0568000,LOUISVILLE METRO POLICE DEPT,Accepted,JEFFERSON,I 0071,,I71 N,,,,,I 0071,I71 N EXIT2 OFF RAMP TO  ZORN AVE,I 0064,I64 E RAMP TO I71 N,38.271437315,-85.702423173,1.396,12/27/2021 12:00:00 AM,1321,1,1,0,0,CLEAR,DRY,False,OTHER COLLISIONS ON SHOULDER,SINGLE VEHICLE,STRAIGHT & LEVEL,DAYLIGHT,,,12/28/2021 8:19:03 AM,False,2413,Accepted,
29508503,0568000,LOUISVILLE METRO POLICE DEPT,Accepted,JEFFERSON,,,BROADWAY,,W,US0031W,22ND,,,,,38.249198761,-85.788181581,0.002,12/27/2021 12:00:00 AM,0657,2,2,0,1,RAINING,WET,False,ANGLE COLLISION - OTHER,ANGLE,STRAIGHT & LEVEL,DAWN,,,12/28/2021 8:19:07 AM,False,5251,Accepted,
29512258,0568000,LOUISVILLE METRO POLICE DEPT,Accepted,JEFFERSON,KY1932,,BRECKENRIDGE,LN,,,,,WILLIS,US0060,SHELBYVILLE,38.252068652,-85.654732482,5.456,12/27/2021 12:00:00 AM,1431,2,2,0,0,CLOUDY,DRY,False,1 VEHICLE ENTERING/LEAVING ENTRANCE,ANGLE,STRAIGHT & LEVEL,DAYLIGHT,,,12/29/2021 8:11:43 AM,False,2673,Accepted,
29508500,0568000,LOUISVILLE METRO POLICE DEPT,Accepted,JEFFERSON,,,KINROSS,BLVD,,,,,JOHN ADAMS,,PENDLETON,38.062736025,-85.890049301,0.054,12/27/2021 12:00:00 AM,1437,2,2,0,0,CLOUDY,DRY,False,1 VEHICLE PARKED POSITION (NOT PARKING LOT/DRIVEWAY),BACKING,STRAIGHT & LEVEL,DAYLIGHT,,,12/28/2021 8:18:56 AM,False,6877,Accepted,
29508509,0568000,LOUISVILLE METRO POLICE DEPT,Accepted,JEFFERSON,KY1020,,NATIONAL,TPKE,,KY1065,OUTER,,,,,38.126884521,-85.748981232,3.666,12/27/2021 12:00:00 AM,1929,2,2,0,0,CLEAR,DRY,False,ANGLE COLLISION - ONE VEHICLE TURNING LEFT,ANGLE,STRAIGHT & LEVEL,DARK-HWY LIGHTED/ON,,,12/28/2021 8:19:27 AM,False,5224,Accepted,
29512268,0568000,LOUISVILLE METRO POLICE DEPT,Accepted,JEFFERSON,KY2051,,ROCKFORD,LN,,,,,TEANECK,KY2051,LEES,38.180636130,-85.852780903,1.711,12/27/2021 12:00:00 AM,1610,2,2,0,1,CLOUDY,DRY,False,HEAD-ON COLLISION,HEAD ON,CURVE & LEVEL,DAYLIGHT,,,12/29/2021 8:12:21 AM,False,2457,Accepted,
29508507,0568000,LOUISVILLE METRO POLICE DEPT,Accepted,JEFFERSON,KY1065,,OUTER,LOOP,,,NOLTEMEYER WYNDE,,,,,38.138286254,-85.680410506,6.415,12/27/2021 12:00:00 AM,2121,2,2,0,0,CLEAR,DRY,False,OTHER INTERSECTION COLLISIONS,REAR END,STRAIGHT & LEVEL,DARK (UNKNOWN ROADWAY LIGHTING),,,12/28/2021 8:19:23 AM,False,5101,Accepted,
29508480,0568000,LOUISVILLE METRO POLICE DEPT,Accepted,JEFFERSON,US0031E,,BARDSTOWN,RD,,,,,CEDAR CREEK,,WINGFIELD,38.137762672,-85.581360803,4.642,12/27/2021 12:00:00 AM,0923,3,3,0,2,CLOUDY,WET,False,REAR END IN TRAFFIC LANES BOTH VEHICLES MOVING,REAR END,STRAIGHT & LEVEL,DAYLIGHT,,,12/28/2021 8:17:19 AM,False,6878,Accepted,
29508482,0568000,LOUISVILLE METRO POLICE DEPT,Accepted,JEFFERSON,KY1450,,BLUE LICK,RD,,,OLD SCHOOL HOUSE,,,,,38.102782946,-85.693628260,1.183,12/27/2021 12:00:00 AM,0917,2,2,0,0,CLOUDY,WET,False,OPPOSITE DIRECTION - BOTH VEHICLES GOING STRAIGHT AHEAD,SIDESWIPE-OPPOSITE DIRECTION,CURVE & LEVEL,DAYLIGHT,,,12/28/2021 8:17:32 AM,False,2089,Accepted,
29508492,0568000,LOUISVILLE METRO POLICE DEPT,Accepted,JEFFERSON,,,FERN CREEK,RD,,,,,ELDORADO,,MOSSY OAKS,38.159307584,-85.585211184,1.166,12/27/2021 12:00:00 AM,1248,1,1,0,0,CLOUDY,DRY,False,OTHER ROADWAY OR MID-BLOCK COLLISION,SINGLE VEHICLE,STRAIGHT & LEVEL,DAYLIGHT,,,12/28/2021 8:18:18 AM,False,7755,Accepted,
29508489,0568000,LOUISVILLE METRO POLICE DEPT,Accepted,JEFFERSON,KY1230,,LOWER RIVER,RD,,KY1934,GREENBELT,,,,,38.098201978,-85.892094782,2.609,12/27/2021 12:00:00 AM,0707,2,2,0,0,CLOUDY,WET,False,HEAD-ON COLLISION,HEAD ON,CURVE & LEVEL,DARK-HWY NOT LIGHTED,,,12/28/2021 8:18:05 AM,False,6877,Accepted,
29508490,0568000,LOUISVILLE METRO POLICE DEPT,Accepted,JEFFERSON,US0060A,,TAYLOR,BLVD,,,ARCADE,,,,,38.202122853,-85.781476091,1.890,12/27/2021 12:00:00 AM,0846,2,2,0,0,CLOUDY,WET,True,SIDESWIPE-SAME DIRECTION,SIDESWIPE-SAME DIRECTION,STRAIGHT & LEVEL,DAYLIGHT,,,12/28/2021 8:18:09 AM,False,5378,Accepted,
29508491,0568000,LOUISVILLE METRO POLICE DEPT,Accepted,JEFFERSON,US0150,,DR W J HODGE,ST,,US0031W,MARKET,,,,,38.258352042,-85.784906280,0.841,12/27/2021 12:00:00 AM,1103,2,2,0,0,CLOUDY,WET,False,COLLISION WITH FIXED OBJECT IN INTERSECTION - FIRST EVENT COLLISION 09 - 32,ANGLE,STRAIGHT & LEVEL,DAYLIGHT,,,12/28/2021 8:18:14 AM,False,5124,Accepted,
29508498,0568000,LOUISVILLE METRO POLICE DEPT,Accepted,JEFFERSON,KY1531,4412,ROUTT,RD,,,,,,,,38.169362953,-85.470762111,4.989,12/27/2021 12:00:00 AM,1530,2,2,0,0,CLOUDY,DRY,False,VEHICLE BACKING NON INTERSECTION,BACKING,STRAIGHT & LEVEL,DAYLIGHT,,,12/28/2021 8:18:50 AM,False,6878,Accepted,
29508499,0568000,LOUISVILLE METRO POLICE DEPT,Accepted,JEFFERSON,,,RUNDILL,RD,,,MELODY,,,,,38.159914094,-85.793325041,2.928,12/27/2021 12:00:00 AM,1211,1,1,0,1,CLOUDY,WET,False,COLLISION WITH FIXED OBJECT IN INTERSECTION - FIRST EVENT COLLISION 09 - 32,SINGLE VEHICLE,CURVE & GRADE,DAYLIGHT,,,12/28/2021 8:18:53 AM,False,7768,Accepted,
29508497,0568000,LOUISVILLE METRO POLICE DEPT,Accepted,JEFFERSON,US0031E,,BARDSTOWN,RD,,,,US0031E,US31E CROSSOVER,US0031E,US31E CROSSOVER,38.201046408,-85.662883872,11.208,12/26/2021 12:00:00 AM,1635,2,2,0,1,CLEAR,DRY,False,OTHER ROADWAY OR MID-BLOCK COLLISION,OPPOSING LEFT TURN,STRAIGHT & LEVEL,DAYLIGHT,,,12/28/2021 8:18:46 AM,False,5288,Accepted,
29504254,0568000,LOUISVILLE METRO POLICE DEPT,Accepted,JEFFERSON,US0060,,SHELBYVILLE,RD,,,CHRISTIAN,,,,,38.248820029,-85.606626785,6.225,12/26/2021 12:00:00 AM,1804,2,2,0,2,CLEAR,DRY,False,ANGLE COLLISION - OTHER,ANGLE,STRAIGHT & LEVEL,DARK-HWY LIGHTED/ON,,,12/27/2021 8:37:17 AM,False,7436,Accepted,
29504245,0568000,LOUISVILLE METRO POLICE DEPT,Accepted,JEFFERSON,,,MUHAMMAD ALI,BLVD,W,US0031W,22ND,,,,,38.254433598,-85.787364463,1.905,12/26/2021 12:00:00 AM,1415,2,2,0,0,CLEAR,DRY,False,ANGLE COLLISION - OTHER,ANGLE,STRAIGHT & LEVEL,DAYLIGHT,,,12/27/2021 8:36:43 AM,False,5108,Accepted,
29504252,0568000,LOUISVILLE METRO POLICE DEPT,Accepted,JEFFERSON,,8304,MCNAIR,RD,,,,,,,,38.132885376,-85.794464856,0.181,12/26/2021 12:00:00 AM,0933,1,1,0,1,CLEAR,DRY,False,OTHER ROADWAY OR MID-BLOCK COLLISION,SINGLE VEHICLE,STRAIGHT & LEVEL,DAYLIGHT,,,12/27/2021 8:37:09 AM,False,7483,Accepted,
29504253,0568000,LOUISVILLE METRO POLICE DEPT,Accepted,JEFFERSON,KY1065,175,OUTER,LOOP,,,,,,,,38.126580289,-85.781609126,0.725,12/26/2021 12:00:00 AM,1424,2,2,0,0,CLEAR,DRY,False,REAR END IN TRAFFIC LANES BOTH VEHICLES MOVING,REAR END,STRAIGHT & LEVEL,DAYLIGHT,,,12/27/2021 8:37:13 AM,False,7483,Accepted,
29508523,0568000,LOUISVILLE METRO POLICE DEPT,Accepted,JEFFERSON,KY0061,,PRESTON,HWY,,KY6304,OLD PRESTON,,,,,38.096366092,-85.670338889,0.876,12/26/2021 12:00:00 AM,1301,3,3,0,3,CLEAR,DRY,False,ANGLE COLLISION - ONE VEHICLE TURNING LEFT,ANGLE,STRAIGHT & LEVEL,DAYLIGHT,,,12/28/2021 8:19:50 AM,False,5141,Accepted,
29515703,0568000,LOUISVILLE METRO POLICE DEPT,Accepted,JEFFERSON,KY0864,,POPLAR LEVEL,RD,,,,CR1015G,RANGELAND,CR1004G,INDIAN,38.167278549,-85.681842357,8.883,12/26/2021 12:00:00 AM,1739,6,6,0,0,CLOUDY,DRY,True,OTHER ROADWAY OR MID-BLOCK COLLISION,REAR END,STRAIGHT & LEVEL,DUSK,,,12/30/2021 8:18:26 AM,False,7431,Accepted,
29515726,0568000,LOUISVILLE METRO POLICE DEPT,Accepted,JEFFERSON,US0031W,,DIXIE,HWY,,KY1931,GREENWOOD,,,,,38.143482052,-85.839690166,11.690,12/26/2021 12:00:00 AM,1841,3,3,0,0,CLEAR,DRY,False,OTHER INTERSECTION COLLISIONS,REAR END,STRAIGHT & LEVEL,DARK-HWY LIGHTED/ON,,,12/30/2021 8:19:40 AM,False,5059,Accepted,