IncidentID,AgencyORI,AgencyName,IncidentStatusDesc,County,RdwyNumber,Street,RoadwayName,StreetSfx,StreetDir,IntersectionRdwy,IntersectionRdwyName,BetweenStRdwy1,BetweenStRdwyName1,BetweenStRdwy2,BetweenStRdwyName2,Latitude,Longitude,Milepoint,CollisionDate,CollisionTime,UnitsInvolved,MotorVehiclesInvolved,NumberKilled,NumberInjured,Weather,RdwyConditionCode,HitandRun,DirAnalysisCode,MannerofCollision,RdwyCharacter,LightCondition,RampFromRdwyId,RampToRdwyId,AcceptedDate,IsSecondaryCollision,OwnerBadge,IncidentStatus,
29526199,0568000,LOUISVILLE METRO POLICE DEPT,Accepted,JEFFERSON,US0031E,,BARDSTOWN,RD,,,,US0031E,BUECHEL,KY2251,KY2251 CROSSOVER,38.200658885,-85.662599407,11.182,12/26/2021 12:00:00 AM,1807,2,2,0,0,CLEAR,DRY,True,SIDESWIPE COLLISION - SAME DIRECTION,SIDESWIPE-SAME DIRECTION,STRAIGHT & LEVEL,DARK-HWY LIGHTED/ON,,,1/3/2022 7:43:56 AM,False,5247,Accepted,
29515735,0568000,LOUISVILLE METRO POLICE DEPT,Accepted,JEFFERSON,,31,WELBY,RD,,,,,,,,38.156414676,-85.834232910,0.006,12/26/2021 12:00:00 AM,2150,1,1,0,1,CLEAR,DRY,False,RAN OFF ROADWAY (1 VEHICLE WITH/EARTH EMBANKMENT/DITCH),SINGLE VEHICLE,CURVE & LEVEL,DUSK,,,12/30/2021 8:20:06 AM,False,5059,Accepted,
29504256,0568000,LOUISVILLE METRO POLICE DEPT,Accepted,JEFFERSON,KY2251,,BARDSTOWN,RD,,,HIKES,,,,,38.199052152,-85.660029481,1.042,12/26/2021 12:00:00 AM,1253,2,2,0,1,CLEAR,DRY,False,ANGLE COLLISION - OTHER,ANGLE,STRAIGHT & LEVEL,DAYLIGHT,,,12/27/2021 8:37:27 AM,False,5247,Accepted,
29504257,0568000,LOUISVILLE METRO POLICE DEPT,Accepted,JEFFERSON,,1651,PORTLAND,AVE,,,,,,,,38.264089028,-85.776742232,0.264,12/26/2021 12:00:00 AM,0300,2,2,0,0,CLEAR,DRY,True,1 VEHICLE PARKED POSITION (NOT PARKING LOT/DRIVEWAY),SIDESWIPE-SAME DIRECTION,STRAIGHT & LEVEL,DARK-HWY LIGHTED/ON,,,12/27/2021 8:37:31 AM,False,7325,Accepted,
29504234,0568000,LOUISVILLE METRO POLICE DEPT,Accepted,JEFFERSON,,,28TH,ST,S,,MARKET,,,,,38.259980329,-85.797745215,0.076,12/26/2021 12:00:00 AM,0002,1,1,0,0,CLEAR,DRY,True,OTHER INTERSECTION COLLISIONS,SINGLE VEHICLE,STRAIGHT & LEVEL,DARK-HWY LIGHTED/ON,,,12/27/2021 8:36:04 AM,False,5268,Accepted,
29504243,0568000,LOUISVILLE METRO POLICE DEPT,Accepted,JEFFERSON,,1920,UPPER HUNTERS,TRCE,,,,,,,,38.168597969,-85.830861422,0.130,12/26/2021 12:00:00 AM,1340,1,1,0,1,CLEAR,DRY,False,OTHER COLLISIONS ON SHOULDER,SINGLE VEHICLE,STRAIGHT & LEVEL,DAYLIGHT,,,12/27/2021 8:36:36 AM,False,7339,Accepted,
29504258,0568000,LOUISVILLE METRO POLICE DEPT,Accepted,JEFFERSON,KY0061,,PRESTON,HWY,,KY1747,FERN VALLEY,,,,,38.156913114,-85.696767640,5.349,12/26/2021 12:00:00 AM,2000,2,2,0,0,CLEAR,DRY,False,OPPOSING LEFT TURN,OPPOSING LEFT TURN,STRAIGHT & LEVEL,DARK-HWY LIGHTED/ON,,,12/27/2021 8:37:35 AM,False,7100,Accepted,
29504259,0568000,LOUISVILLE METRO POLICE DEPT,Accepted,JEFFERSON,KY1020,3800,SOUTHERN,PKWY,,,,,,,,38.198406846,-85.766887843,8.971,12/26/2021 12:00:00 AM,1956,2,2,0,0,CLEAR,DRY,False,HEAD-ON COLLISION,HEAD ON,CURVE & LEVEL,DARK-HWY LIGHTED/ON,,,12/27/2021 8:37:39 AM,False,5400,Accepted,
29515722,0568000,LOUISVILLE METRO POLICE DEPT,Accepted,JEFFERSON,KY0022,6000,BROWNSBORO,RD,,KY2050,HERR,,,,,38.284183430,-85.627476855,0.470,12/26/2021 12:00:00 AM,2043,1,1,0,0,CLEAR,DRY,False,COLLISION IN PARKING LOT,SINGLE VEHICLE,STRAIGHT & LEVEL,DARK-HWY LIGHTED/ON,,,12/30/2021 8:19:29 AM,False,7475,Accepted,
29515730,0568000,LOUISVILLE METRO POLICE DEPT,Accepted,JEFFERSON,KY2052,,SHEPHERDSVILLE,RD,,,WHISPERING HILLS,,,,,38.148607181,-85.659914696,0.689,12/26/2021 12:00:00 AM,2030,2,2,0,1,CLOUDY,WET,False,ANGLE COLLISION - OTHER,ANGLE,STRAIGHT & GRADE,DARK-HWY NOT LIGHTED,,,12/30/2021 8:19:53 AM,False,7415,Accepted,
30038878,0568000,LOUISVILLE METRO POLICE DEPT,Accepted,JEFFERSON,US0150,,BROADWAY,,E,KY0864,CAMPBELL,,,,,38.244538674,-85.737487103,3.514,12/26/2021 12:00:00 AM,0322,1,1,0,2,CLEAR,DRY,False,COLLISION WITH FIXED OBJECT IN INTERSECTION - FIRST EVENT COLLISION 09 - 32,SINGLE VEHICLE,STRAIGHT & LEVEL,DARK-HWY LIGHTED/ON,,,5/10/2022 8:16:05 AM,False,7720,Accepted,
29501894,0560300,ST. MATTHEWS POLICE DEPARTMENT,Accepted,JEFFERSON,US0060,,SHELBYVILLE,RD,,I 0264,I264 W EXIT20B OFF RAMP TO US60,,,,,38.250096242,-85.620478109,5.473,12/26/2021 12:00:00 AM,1400,2,2,0,0,CLOUDY,DRY,False,SIDESWIPE-SAME DIRECTION,SIDESWIPE-SAME DIRECTION,STRAIGHT & LEVEL,DAYLIGHT,,,12/26/2021 3:43:02 PM,False,9147,Accepted,
29549536,0568000,LOUISVILLE METRO POLICE DEPT,Accepted,JEFFERSON,I 0064,,,,,,,,,,,38.268414193,-85.782553998,0.153,12/26/2021 12:00:00 AM,1511,2,2,0,0,CLEAR,DRY,False,OTHER RAMP RELATED COLLISIONS NOT LISTED ABOVE,REAR END,STRAIGHT & LEVEL,DAYLIGHT,I 0064,US31W,1/10/2022 8:38:56 AM,False,7405,Accepted,
29504246,0568000,LOUISVILLE METRO POLICE DEPT,Accepted,JEFFERSON,,,TEXAS,AVE,,KY0864,GOSS,,,,,38.225932100,-85.733353714,0.846,12/26/2021 12:00:00 AM,1600,2,2,0,1,CLEAR,DRY,False,OPPOSING LEFT TURN,OPPOSING LEFT TURN,STRAIGHT & LEVEL,DAYLIGHT,,,12/27/2021 8:36:46 AM,False,5252,Accepted,
29504237,0568000,LOUISVILLE METRO POLICE DEPT,Accepted,JEFFERSON,KY2055,1406,MT HOLLY,RD,,,,,,,,38.096070407,-85.741716565,0.203,12/26/2021 12:00:00 AM,0457,1,1,0,0,CLEAR,DRY,False,OTHER ROADWAY OR MID-BLOCK COLLISION,SINGLE VEHICLE,STRAIGHT & LEVEL,DARK-HWY LIGHTED/ON,,,12/27/2021 8:36:15 AM,False,5209,Accepted,
29504238,0568000,LOUISVILLE METRO POLICE DEPT,Accepted,JEFFERSON,KY0061,,PRESTON,ST,S,,CALDWELL,,,,,38.239289055,-85.748570541,11.835,12/25/2021 12:00:00 AM,2227,1,1,0,0,CLEAR,DRY,False,COLLISION WITH FIXED OBJECT IN INTERSECTION - FIRST EVENT COLLISION 09 - 32,SINGLE VEHICLE,STRAIGHT & LEVEL,DARK-HWY LIGHTED/ON,,,12/27/2021 8:36:18 AM,False,5196,Accepted,
29504222,0568000,LOUISVILLE METRO POLICE DEPT,Accepted,JEFFERSON,,,DUMESNIL,ST,,,36TH,,,,,38.237938337,-85.813904232,0.352,12/25/2021 12:00:00 AM,1154,2,2,0,0,CLEAR,DRY,False,SIDESWIPE-SAME DIRECTION,SIDESWIPE-SAME DIRECTION,STRAIGHT & GRADE,DAYLIGHT,,,12/27/2021 8:35:22 AM,False,5280,Accepted,
29504212,0568000,LOUISVILLE METRO POLICE DEPT,Accepted,JEFFERSON,,,CHESTNUT,ST,W,,1ST,,,,,38.248472186,-85.752957775,2.631,12/25/2021 12:00:00 AM,0245,2,2,0,1,CLEAR,DRY,False,ANGLE COLLISION - OTHER,ANGLE,STRAIGHT & LEVEL,DARK-HWY LIGHTED/ON,,,12/27/2021 8:34:38 AM,False,5122,Accepted,
29504219,0568000,LOUISVILLE METRO POLICE DEPT,Accepted,JEFFERSON,,1257,MCCAWLEY,RD,,,,,,,,38.144273391,-85.683530160,0.367,12/25/2021 12:00:00 AM,0913,1,1,0,0,CLOUDY,DRY,True,OTHER COLLISIONS ON SHOULDER,SINGLE VEHICLE,CURVE & LEVEL,DAYLIGHT,,,12/27/2021 8:35:08 AM,False,7669,Accepted,
29526184,0568000,LOUISVILLE METRO POLICE DEPT,Accepted,JEFFERSON,,3504,DUMESNIL,ST,,,,,,,,38.237760110,-85.812571953,0.417,12/25/2021 12:00:00 AM,1520,2,2,0,0,CLEAR,DRY,False,1 VEHICLE PARKED POSITION (NOT PARKING LOT/DRIVEWAY),SIDESWIPE-SAME DIRECTION,CURVE & GRADE,DAYLIGHT,,,1/3/2022 7:42:55 AM,False,5257,Accepted,
29504250,0568000,LOUISVILLE METRO POLICE DEPT,Accepted,JEFFERSON,KY0864,,POPLAR LEVEL,RD,,KY1747,FERN VALLEY,,,,,38.157818238,-85.645886845,6.606,12/25/2021 12:00:00 AM,1910,4,4,0,2,CLEAR,DRY,False,SIDESWIPE-SAME DIRECTION,SIDESWIPE-SAME DIRECTION,STRAIGHT & LEVEL,DARK-HWY LIGHTED/ON,,,12/27/2021 8:37:01 AM,False,5040,Accepted,
29504235,0568000,LOUISVILLE METRO POLICE DEPT,Accepted,JEFFERSON,,,MITCHELL HILL,RD,,,,,KEYS FERRY,,HOLSCLAW HILL,38.094268651,-85.764030985,0.864,12/25/2021 12:00:00 AM,2036,1,1,0,0,CLEAR,DRY,False,COLLISION WITH FIXED OBJECT NON - INTERSECTION - FIRST EVENT COLLISION 09 - 32 EXCLUDING 16,SINGLE VEHICLE,CURVE & LEVEL,DARK (UNKNOWN ROADWAY LIGHTING),,,12/27/2021 8:36:08 AM,False,5312,Accepted,
29504209,0568000,LOUISVILLE METRO POLICE DEPT,Accepted,JEFFERSON,,,LONSDALE,AVE,,,,,,,,38.173774483,-85.786528122,0.388,12/25/2021 12:00:00 AM,0245,2,2,0,0,CLEAR,DRY,False,1 VEHICLE ENTERING/LEAVING ENTRANCE,ANGLE,STRAIGHT & LEVEL,DARK-HWY LIGHTED/ON,,,12/27/2021 8:34:32 AM,False,7560,Accepted,
29504223,0568000,LOUISVILLE METRO POLICE DEPT,Accepted,JEFFERSON,I 0065,,I65 S,,,,,,,,,38.093569777,-85.701203736,123.679,12/25/2021 12:00:00 AM,1025,1,1,0,2,CLOUDY,DRY,False,COLLISION WITH FIXED OBJECT NON - INTERSECTION - FIRST EVENT COLLISION 09 - 32 EXCLUDING 16,SINGLE VEHICLE,STRAIGHT & LEVEL,DAYLIGHT,,,12/27/2021 8:35:25 AM,False,7354,Accepted,
29504224,0568000,LOUISVILLE METRO POLICE DEPT,Accepted,JEFFERSON,,8800,BROAD RUN,RD,,,,,,,,38.115831506,-85.541838421,1.747,12/25/2021 12:00:00 AM,1337,1,1,0,0,CLOUDY,DRY,False,COLLISION WITH FIXED OBJECT NON - INTERSECTION - FIRST EVENT COLLISION 09 - 32 EXCLUDING 16,SINGLE VEHICLE,STRAIGHT & LEVEL,DAYLIGHT,,,12/27/2021 8:35:30 AM,False,7354,Accepted,
29504225,0568000,LOUISVILLE METRO POLICE DEPT,Accepted,JEFFERSON,KY0864,,BEULAH CHURCH,RD,,I 0265,I265 E EXIT15 OFF RAMP TO KY864,,,,,38.123761453,-85.614759286,3.273,12/25/2021 12:00:00 AM,1302,3,3,0,1,CLEAR,DRY,False,ANGLE COLLISION - ONE VEHICLE TURNING LEFT,ANGLE,STRAIGHT & LEVEL,DAYLIGHT,,,12/27/2021 8:35:33 AM,False,7465,Accepted,
29504231,0568000,LOUISVILLE METRO POLICE DEPT,Accepted,JEFFERSON,KY1020,6412,SOUTHSIDE,DR,,,,,,,,38.162989000,-85.764866487,6.410,12/25/2021 12:00:00 AM,2050,2,2,0,2,CLEAR,DRY,False,1 VEHICLE ENTERING/LEAVING ENTRANCE,ANGLE,STRAIGHT & LEVEL,DARK-HWY LIGHTED/ON,,,12/27/2021 8:35:57 AM,False,5209,Accepted,
29504215,0568000,LOUISVILLE METRO POLICE DEPT,Accepted,JEFFERSON,US0060,,SHELBYVILLE,RD,,,BURNLEY,,,,,38.244394694,-85.551404179,9.246,12/25/2021 12:00:00 AM,0250,1,1,0,1,CLEAR,DRY,False,COLLISION WITH FIXED OBJECT IN INTERSECTION - FIRST EVENT COLLISION 09 - 32,SINGLE VEHICLE,STRAIGHT & LEVEL,DARK-HWY LIGHTED/OFF,,,12/27/2021 8:34:50 AM,False,7440,Accepted,
29504240,0568000,LOUISVILLE METRO POLICE DEPT,Accepted,JEFFERSON,US0031E,1021,BARDSTOWN,RD,,,,,,,,38.238990373,-85.721933247,15.398,12/25/2021 12:00:00 AM,2335,2,2,0,1,CLEAR,DRY,False,1 VEHICLE PARKED POSITION (NOT PARKING LOT/DRIVEWAY),REAR END,STRAIGHT & LEVEL,DARK-HWY LIGHTED/ON,,,12/27/2021 8:36:25 AM,False,5296,Accepted,
29504241,0568000,LOUISVILLE METRO POLICE DEPT,Accepted,JEFFERSON,,,MUHAMMAD ALI,BLVD,W,,40TH,,,,,38.257642847,-85.816593842,3.512,12/25/2021 12:00:00 AM,1737,2,2,0,0,CLEAR,DRY,True,OTHER INTERSECTION COLLISIONS,REAR END,STRAIGHT & LEVEL,DUSK,,,12/27/2021 8:36:29 AM,False,7363,Accepted,
29512259,0568000,LOUISVILLE METRO POLICE DEPT,Accepted,JEFFERSON,KY0907,,VALLEY STATION,RD,,,,US0031W,DIXIE,,DEERING,38.105972889,-85.862022198,0.281,12/25/2021 12:00:00 AM,1800,1,1,0,0,CLOUDY,DRY,False,COLLISION WITH FIXED OBJECT NON - INTERSECTION - FIRST EVENT COLLISION 09 - 32 EXCLUDING 16,SINGLE VEHICLE,STRAIGHT & LEVEL,DARK-HWY NOT LIGHTED,,,12/29/2021 8:11:47 AM,False,2098,Accepted,
29504227,0568000,LOUISVILLE METRO POLICE DEPT,Accepted,JEFFERSON,,,CLARION,CT,,,ROCKFORD,,,,,38.182549012,-85.853747561,0.007,12/25/2021 12:00:00 AM,1442,1,1,0,0,CLEAR,DRY,True,COLLISION WITH FIXED OBJECT IN INTERSECTION - FIRST EVENT COLLISION 09 - 32,SINGLE VEHICLE,STRAIGHT & LEVEL,DAYLIGHT,,,12/27/2021 8:35:42 AM,False,7656,Accepted,
29504228,0568000,LOUISVILLE METRO POLICE DEPT,Accepted,JEFFERSON,,3115,TYLER,AVE,,,,,,,,38.274654141,-85.797932087,0.654,12/25/2021 12:00:00 AM,1633,1,1,0,0,CLEAR,DRY,True,COLLISION WITH FIXED OBJECT NON - INTERSECTION - FIRST EVENT COLLISION 09 - 32 EXCLUDING 16,SINGLE VEHICLE,STRAIGHT & LEVEL,DAYLIGHT,,,12/27/2021 8:35:46 AM,False,7325,Accepted,
29504236,0568000,LOUISVILLE METRO POLICE DEPT,Accepted,JEFFERSON,,,SOUTHWESTERN,PKWY,,,MARKET,,,,,38.265131260,-85.825655271,0.081,12/25/2021 12:00:00 AM,2319,1,1,0,1,CLEAR,DRY,False,COLLISION WITH FIXED OBJECT IN INTERSECTION - FIRST EVENT COLLISION 09 - 32,SINGLE VEHICLE,STRAIGHT & LEVEL,DARK-HWY LIGHTED/ON,,,12/27/2021 8:36:11 AM,False,5285,Accepted,
29549498,0568000,LOUISVILLE METRO POLICE DEPT,Accepted,JEFFERSON,US0031E,,MAIN,ST,W,US0031W,2ND,,,,,38.256278160,-85.753373219,17.884,12/25/2021 12:00:00 AM,2113,2,2,0,0,CLEAR,DRY,False,SIDESWIPE-SAME DIRECTION,SIDESWIPE-SAME DIRECTION,STRAIGHT & LEVEL,DARK-HWY LIGHTED/ON,,,1/10/2022 8:37:59 AM,False,5348,Accepted,
29504183,0568000,LOUISVILLE METRO POLICE DEPT,Accepted,JEFFERSON,,,CHEROKEE,RD,,,,,,,,38.236072625,-85.709602307,1.083,12/24/2021 12:00:00 AM,0203,2,2,0,0,CLEAR,DRY,False,1 VEHICLE PARKED POSITION (NOT PARKING LOT/DRIVEWAY),SIDESWIPE-SAME DIRECTION,STRAIGHT & LEVEL,DARK-HWY LIGHTED/ON,,,12/27/2021 8:33:19 AM,False,7488,Accepted,
29504190,0568000,LOUISVILLE METRO POLICE DEPT,Accepted,JEFFERSON,,,ST CATHERINE,ST,W,,1ST,,,,,38.236867200,-85.754908702,0.001,12/24/2021 12:00:00 AM,1245,2,2,0,0,CLOUDY,DRY,False,ANGLE COLLISION - OTHER,ANGLE,STRAIGHT & LEVEL,DAYLIGHT,,,12/27/2021 8:33:42 AM,False,7441,Accepted,
29504191,0568000,LOUISVILLE METRO POLICE DEPT,Accepted,JEFFERSON,KY1934,,GREENBELT,HWY,,,,,,,,38.170218211,-85.876056543,6.209,12/24/2021 12:00:00 AM,1344,2,2,0,3,CLOUDY,DRY,False,REAR END IN TRAFFIC LANES BOTH VEHICLES MOVING,REAR END,STRAIGHT & LEVEL,DAYLIGHT,,,12/27/2021 8:33:45 AM,False,5395,Accepted,
29504192,0568000,LOUISVILLE METRO POLICE DEPT,Accepted,JEFFERSON,KY0061,,PRESTON,HWY,,,PARK,,,,,38.118035836,-85.677232958,2.452,12/24/2021 12:00:00 AM,1503,2,2,0,0,CLOUDY,DRY,False,ANGLE COLLISION - OTHER,ANGLE,STRAIGHT & LEVEL,DAYLIGHT,,,12/27/2021 8:33:49 AM,False,7269,Accepted,
29504198,0568000,LOUISVILLE METRO POLICE DEPT,Accepted,JEFFERSON,I 0065,,I65 S,,,,,,,,,38.154147539,-85.716515291,128.018,12/24/2021 12:00:00 AM,2007,2,2,0,0,CLEAR,DRY,False,SIDESWIPE COLLISION - SAME DIRECTION,SIDESWIPE-SAME DIRECTION,STRAIGHT & LEVEL,DARK-HWY LIGHTED/ON,,,12/27/2021 8:34:11 AM,False,7100,Accepted,
29504206,0568000,LOUISVILLE METRO POLICE DEPT,Accepted,JEFFERSON,KY1694,,BROWNSBORO,RD,,,,,,,,38.315507575,-85.561047714,0.021,12/24/2021 12:00:00 AM,2236,1,1,0,0,CLEAR,DRY,False,COLLISION WITH FIXED OBJECT NON - INTERSECTION - FIRST EVENT COLLISION 09 - 32 EXCLUDING 16,SINGLE VEHICLE,STRAIGHT & LEVEL,DARK-HWY LIGHTED/ON,,,12/27/2021 8:34:26 AM,False,5401,Accepted,
29504203,0568000,LOUISVILLE METRO POLICE DEPT,Accepted,JEFFERSON,US0031E,,BARDSTOWN,RD,,,RICHLAND,,,,,38.189881861,-85.642938786,9.801,12/24/2021 12:00:00 AM,2341,2,2,0,0,CLEAR,DRY,False,OPPOSING LEFT TURN,OPPOSING LEFT TURN,STRAIGHT & LEVEL,DARK-HWY LIGHTED/ON,,,12/27/2021 8:34:19 AM,False,5153,Accepted,
29504204,0568000,LOUISVILLE METRO POLICE DEPT,Accepted,JEFFERSON,KY0841,,GENE SNYDER,FWY,,,,,,,,38.106520320,-85.813510194,3.834,12/24/2021 12:00:00 AM,1935,2,2,0,0,CLEAR,DRY,True,REAR END IN TRAFFIC LANES BOTH VEHICLES MOVING,REAR END,STRAIGHT & LEVEL,DARK-HWY LIGHTED/ON,,,12/27/2021 8:34:23 AM,False,5048,Accepted,
29504186,0568000,LOUISVILLE METRO POLICE DEPT,Accepted,JEFFERSON,KY0155,3339,TAYLORSVILLE,RD,,,,,,,,38.221895053,-85.654867525,14.873,12/24/2021 12:00:00 AM,1100,2,2,0,0,CLOUDY,DRY,False,COLLISION IN PARKING LOT,BACKING,STRAIGHT & LEVEL,DAYLIGHT,,,12/27/2021 8:33:26 AM,False,7793,Accepted,
29504187,0568000,LOUISVILLE METRO POLICE DEPT,Accepted,JEFFERSON,I 0264,,I264 E,,,,,,,,,38.203652781,-85.683615694,14.820,12/24/2021 12:00:00 AM,1130,2,2,0,0,CLOUDY,DRY,False,REAR END IN TRAFFIC LANES BOTH VEHICLES MOVING,REAR END,STRAIGHT & LEVEL,DAYLIGHT,,,12/27/2021 8:33:30 AM,False,7793,Accepted,
29504189,0568000,LOUISVILLE METRO POLICE DEPT,Accepted,JEFFERSON,KY0061,,JACKSON,ST,S,US0031E,MAIN,,,,,38.255089523,-85.743838146,12.982,12/24/2021 12:00:00 AM,1110,2,2,0,0,CLOUDY,DRY,False,VEHICLE BACKING IN INTERSECTION,BACKING,STRAIGHT & LEVEL,DAYLIGHT,,,12/27/2021 8:33:38 AM,False,6360,Accepted,
29504239,0568000,LOUISVILLE METRO POLICE DEPT,Accepted,JEFFERSON,KY1934,,GREENBELT,HWY,,,TRADE PORT,,,,,38.125425204,-85.893026136,2.881,12/24/2021 12:00:00 AM,2014,2,2,0,1,CLEAR,DRY,False,ANGLE COLLISION - ONE VEHICLE TURNING LEFT,ANGLE,STRAIGHT & LEVEL,DARK-HWY LIGHTED/ON,,,12/27/2021 8:36:22 AM,False,5136,Accepted,
29504220,0568000,LOUISVILLE METRO POLICE DEPT,Accepted,JEFFERSON,,1259,BURNETT,AVE,E,,,,,,,38.219587966,-85.735838403,1.315,12/24/2021 12:00:00 AM,1800,4,4,0,0,CLEAR,DRY,False,1 VEHICLE PARKED POSITION (NOT PARKING LOT/DRIVEWAY),REAR END,STRAIGHT & LEVEL,DARK-HWY NOT LIGHTED,,,12/27/2021 8:35:12 AM,False,5175,Accepted,
29504221,0568000,LOUISVILLE METRO POLICE DEPT,Accepted,JEFFERSON,,,6TH,ST,S,,MUHAMMAD ALI,,,,,38.251549792,-85.760820746,0.378,12/24/2021 12:00:00 AM,1648,2,2,0,0,CLOUDY,DRY,False,ANGLE COLLISION - OTHER,ANGLE,STRAIGHT & LEVEL,DAYLIGHT,,,12/27/2021 8:35:17 AM,False,5168,Accepted,
29504172,0568000,LOUISVILLE METRO POLICE DEPT,Accepted,JEFFERSON,,1702,HILL,ST,W,,17TH,,,,,38.227987667,-85.784781277,1.526,12/23/2021 12:00:00 AM,2244,1,1,0,1,CLEAR,DRY,False,COLLISION IN PARKING LOT,SINGLE VEHICLE,STRAIGHT & GRADE,DARK-HWY LIGHTED/ON,,,12/27/2021 8:32:35 AM,False,5353,Accepted,
29504180,0568000,LOUISVILLE METRO POLICE DEPT,Accepted,JEFFERSON,,728,ZORN,AVE,,,,,,,,38.268503718,-85.692292590,1.031,12/23/2021 12:00:00 AM,2329,1,1,0,0,CLEAR,DRY,True,COLLISION IN PARKING LOT,SINGLE VEHICLE,STRAIGHT & HILLCREST,DARK (UNKNOWN ROADWAY LIGHTING),,,12/27/2021 8:33:07 AM,False,7304,Accepted,
29504197,0568000,LOUISVILLE METRO POLICE DEPT,Accepted,JEFFERSON,KY0907,,SOUTHSIDE,DR,,KY1020,NATIONAL,,,,,38.152534469,-85.765636461,7.036,12/23/2021 12:00:00 AM,1605,2,1,0,1,CLOUDY,DRY,False,COLLISION WITH BICYCLE IN INTERSECTION,SINGLE VEHICLE,STRAIGHT & LEVEL,DAYLIGHT,,,12/27/2021 8:34:08 AM,False,7751,Accepted,
29504145,0568000,LOUISVILLE METRO POLICE DEPT,Accepted,JEFFERSON,I 0265,,I265 E,,,,,I 0265,I265 W EXIT17 ON RAMP FROM US31E,I 0265,I265 E EXIT17 ON RAMP FROM US31E,38.141683852,-85.583098134,17.290,12/23/2021 12:00:00 AM,1300,1,1,0,0,CLEAR,DRY,False,OTHER ROADWAY OR MID-BLOCK COLLISION,SINGLE VEHICLE,STRAIGHT & LEVEL,DAYLIGHT,,,12/27/2021 8:30:50 AM,False,2321,Accepted,
29504153,0568000,LOUISVILLE METRO POLICE DEPT,Accepted,JEFFERSON,,,4TH,ST,S,,BLOOM,,,,,38.222086912,-85.762622071,2.404,12/23/2021 12:00:00 AM,1726,2,2,0,0,CLEAR,DRY,False,ANGLE COLLISION - OTHER,ANGLE,STRAIGHT & LEVEL,DAYLIGHT,,,12/27/2021 8:31:24 AM,False,5120,Accepted,
29504130,0568000,LOUISVILLE METRO POLICE DEPT,Accepted,JEFFERSON,I 0264,,I264 W,,,,,,,,,38.188971636,-85.783480890,9.226,12/23/2021 12:00:00 AM,0648,2,2,0,0,CLOUDY,DRY,False,1 VEHICLE PARKED POSITION (NOT PARKING LOT/DRIVEWAY),SIDESWIPE-SAME DIRECTION,CURVE & HILLCREST,DARK-HWY NOT LIGHTED,,,12/27/2021 8:29:53 AM,False,4903,Accepted,
29504162,0568000,LOUISVILLE METRO POLICE DEPT,Accepted,JEFFERSON,US0060A,,WINKLER,AVE,,,4TH,,,,,38.210330012,-85.764660589,3.072,12/23/2021 12:00:00 AM,1318,3,3,0,1,CLOUDY,DRY,False,ANGLE COLLISION - OTHER,ANGLE,STRAIGHT & LEVEL,DAYLIGHT,,,12/27/2021 8:31:52 AM,False,7257,Accepted,
29504169,0568000,LOUISVILLE METRO POLICE DEPT,Accepted,JEFFERSON,KY1727,,TERRY,RD,,,WOOD,,,,,38.149563429,-85.870154396,1.945,12/23/2021 12:00:00 AM,1318,2,2,0,4,CLOUDY,DRY,False,HEAD-ON COLLISION,HEAD ON,STRAIGHT & LEVEL,DAYLIGHT,,,12/27/2021 8:32:23 AM,False,6877,Accepted,
29504170,0568000,LOUISVILLE METRO POLICE DEPT,Accepted,JEFFERSON,KY1727,8508,TERRY,RD,,,,,PAGES,,MANSE,38.130053607,-85.874311607,0.571,12/23/2021 12:00:00 AM,1755,2,2,0,0,CLOUDY,DRY,False,REAR END IN TRAFFIC LANES BOTH VEHICLES MOVING,REAR END,STRAIGHT & LEVEL,DARK-HWY NOT LIGHTED,,,12/27/2021 8:32:27 AM,False,6877,Accepted,
29504171,0568000,LOUISVILLE METRO POLICE DEPT,Accepted,JEFFERSON,,,CLARK STATION,RD,,,HOBBS,,,,,38.230235682,-85.424988241,0.367,12/23/2021 12:00:00 AM,2058,1,1,0,1,CLOUDY,DRY,False,COLLISION WITH FIXED OBJECT IN INTERSECTION - FIRST EVENT COLLISION 09 - 32,SINGLE VEHICLE,CURVE & GRADE,DARK-HWY NOT LIGHTED,,,12/27/2021 8:32:32 AM,False,6877,Accepted,
29504146,0568000,LOUISVILLE METRO POLICE DEPT,Accepted,JEFFERSON,US0060,,FRANKFORT,AVE,,,BIRCHWOOD,,,,,38.254760023,-85.690789549,1.596,12/23/2021 12:00:00 AM,1549,2,2,0,0,CLEAR,DRY,False,ANGLE COLLISION - ONE VEHICLE TURNING RIGHT,ANGLE,STRAIGHT & LEVEL,DAYLIGHT,,,12/27/2021 8:30:57 AM,False,7128,Accepted,