IncidentID,AgencyORI,AgencyName,IncidentStatusDesc,County,RdwyNumber,Street,RoadwayName,StreetSfx,StreetDir,IntersectionRdwy,IntersectionRdwyName,BetweenStRdwy1,BetweenStRdwyName1,BetweenStRdwy2,BetweenStRdwyName2,Latitude,Longitude,Milepoint,CollisionDate,CollisionTime,UnitsInvolved,MotorVehiclesInvolved,NumberKilled,NumberInjured,Weather,RdwyConditionCode,HitandRun,DirAnalysisCode,MannerofCollision,RdwyCharacter,LightCondition,RampFromRdwyId,RampToRdwyId,AcceptedDate,IsSecondaryCollision,OwnerBadge,IncidentStatus,
29504147,0568000,LOUISVILLE METRO POLICE DEPT,Accepted,JEFFERSON,,4000,LONE OAK,AVE,,KY1065,OUTER,,,,,38.137740566,-85.689517582,0.041,12/23/2021 12:00:00 AM,1557,3,3,0,0,CLEAR,DRY,False,ANGLE COLLISION - ONE VEHICLE TURNING LEFT,ANGLE,STRAIGHT & LEVEL,DAYLIGHT,,,12/27/2021 8:31:05 AM,False,7799,Accepted,
29504178,0568000,LOUISVILLE METRO POLICE DEPT,Accepted,JEFFERSON,KY0061,,PRESTON,HWY,,,PHILLIPS,,,,,38.197655190,-85.731592073,8.767,12/23/2021 12:00:00 AM,1943,2,2,0,2,CLEAR,DRY,False,ANGLE COLLISION - ONE VEHICLE TURNING LEFT,ANGLE,STRAIGHT & LEVEL,DARK-HWY LIGHTED/ON,,,12/27/2021 8:32:59 AM,False,5299,Accepted,
29504179,0568000,LOUISVILLE METRO POLICE DEPT,Accepted,JEFFERSON,KY1631,2500,CRITTENDEN,DR,,,,,,,,38.208563196,-85.751133936,1.397,12/23/2021 12:00:00 AM,2105,2,2,0,0,CLEAR,DRY,True,COLLISION IN PARKING LOT,ANGLE,STRAIGHT & LEVEL,OTHER,,,12/27/2021 8:33:03 AM,False,5299,Accepted,
29504155,0568000,LOUISVILLE METRO POLICE DEPT,Accepted,JEFFERSON,,,COOPER CHAPEL,RD,,,CHARLESWOOD,,,,,38.103391992,-85.662025679,0.575,12/23/2021 12:00:00 AM,1614,3,3,0,2,CLEAR,DRY,False,ANGLE COLLISION - OTHER,ANGLE,STRAIGHT & LEVEL,DAYLIGHT,,,12/27/2021 8:31:28 AM,False,2324,Accepted,
29504163,0568000,LOUISVILLE METRO POLICE DEPT,Accepted,JEFFERSON,I 0264,,I264 E,,,,,,,,,38.248665952,-85.619591104,19.696,12/23/2021 12:00:00 AM,1704,4,4,0,2,CLEAR,DRY,False,REAR END IN TRAFFIC LANES BOTH VEHICLES MOVING,REAR END,STRAIGHT & LEVEL,DAYLIGHT,,,12/27/2021 8:31:57 AM,False,5002,Accepted,
29504157,0568000,LOUISVILLE METRO POLICE DEPT,Accepted,JEFFERSON,US0031W,,22ND,ST,S,,,,,,,38.257213919,-85.786887814,20.107,12/23/2021 12:00:00 AM,1124,1,1,0,1,CLEAR,DRY,False,COLLISION WITH FIXED OBJECT NON - INTERSECTION - FIRST EVENT COLLISION 09 - 32 EXCLUDING 16,SINGLE VEHICLE,STRAIGHT & LEVEL,DAYLIGHT,,,12/27/2021 8:31:33 AM,False,5148,Accepted,
29504158,0568000,LOUISVILLE METRO POLICE DEPT,Accepted,JEFFERSON,,,MUHAMMAD ALI,BLVD,W,,,,,,,38.256239353,-85.803061948,2.776,12/23/2021 12:00:00 AM,1333,1,1,0,0,CLEAR,DRY,False,OTHER ROADWAY OR MID-BLOCK COLLISION,SINGLE VEHICLE,STRAIGHT & GRADE,DAYLIGHT,,,12/27/2021 8:31:36 AM,False,5148,Accepted,
29504165,0568000,LOUISVILLE METRO POLICE DEPT,Accepted,JEFFERSON,KY0155,,TAYLORSVILLE,RD,,I 0265,I265 E EXIT23 ON RAMP FROM KY155,,,,,38.188492579,-85.510533068,6.146,12/23/2021 12:00:00 AM,1537,2,2,0,0,CLEAR,DRY,False,ANGLE COLLISION - OTHER,ANGLE,STRAIGHT & LEVEL,DAYLIGHT,,,12/27/2021 8:32:05 AM,False,2321,Accepted,
29504166,0568000,LOUISVILLE METRO POLICE DEPT,Accepted,JEFFERSON,,7308,GRADE,LN,,,,,,,,38.142338928,-85.739501627,3.095,12/23/2021 12:00:00 AM,2130,1,1,0,1,CLEAR,DRY,False,COLLISION WITH FIXED OBJECT NON - INTERSECTION - FIRST EVENT COLLISION 09 - 32 EXCLUDING 16,SINGLE VEHICLE,CURVE & LEVEL,DARK (UNKNOWN ROADWAY LIGHTING),,,12/27/2021 8:32:09 AM,False,5326,Accepted,
29504174,0568000,LOUISVILLE METRO POLICE DEPT,Accepted,JEFFERSON,KY1447,,WESTPORT,RD,,I 0265,I265 S EXIT33 ON RAMP FROM KY1447,,,,,38.296893075,-85.550649294,6.541,12/23/2021 12:00:00 AM,1615,2,2,0,1,CLEAR,DRY,False,OPPOSING LEFT TURN,OPPOSING LEFT TURN,STRAIGHT & LEVEL,DAYLIGHT,,,12/27/2021 8:32:43 AM,False,7633,Accepted,
29504181,0568000,LOUISVILLE METRO POLICE DEPT,Accepted,JEFFERSON,,,BROOK,ST,S,,GRAY,,,,,38.246923468,-85.751519440,2.942,12/23/2021 12:00:00 AM,1707,2,2,0,0,CLEAR,DRY,False,OTHER INTERSECTION COLLISIONS,REAR END,STRAIGHT & LEVEL,DAYLIGHT,,,12/27/2021 8:33:10 AM,False,5318,Accepted,
29504182,0568000,LOUISVILLE METRO POLICE DEPT,Accepted,JEFFERSON,US0150,,BROADWAY,,E,KY0061,JACKSON,,,,,38.245136919,-85.745620943,3.074,12/23/2021 12:00:00 AM,1906,2,2,0,5,CLEAR,DRY,True,ANGLE COLLISION - OTHER,ANGLE,STRAIGHT & LEVEL,DARK-HWY LIGHTED/ON,,,12/27/2021 8:33:14 AM,False,5318,Accepted,
29504140,0568000,LOUISVILLE METRO POLICE DEPT,Accepted,JEFFERSON,,,LOWER HUNTERS,TRCE,,,,,,,,38.167190985,-85.870609649,2.164,12/23/2021 12:00:00 AM,1226,2,2,0,0,CLEAR,DRY,False,OTHER ROADWAY OR MID-BLOCK COLLISION,OPPOSING LEFT TURN,STRAIGHT & LEVEL,DAYLIGHT,,,12/27/2021 8:30:24 AM,False,7244,Accepted,
29504148,0568000,LOUISVILLE METRO POLICE DEPT,Accepted,JEFFERSON,I 0265,,,,,,,,,,,38.269291955,-85.502972403,0.401,12/23/2021 12:00:00 AM,1213,2,2,0,0,CLEAR,DRY,False,OTHER RAMP RELATED COLLISIONS NOT LISTED ABOVE,REAR END,STRAIGHT & LEVEL,DAYLIGHT,I 0265,KY3084,12/27/2021 8:31:10 AM,False,7316,Accepted,
29504134,0568000,LOUISVILLE METRO POLICE DEPT,Accepted,JEFFERSON,,1819,HILL,ST,W,,,,,,,38.228400274,-85.790680905,1.829,12/23/2021 12:00:00 AM,0803,2,2,0,2,CLEAR,DRY,False,HEAD-ON COLLISION,HEAD ON,STRAIGHT & LEVEL,DAYLIGHT,,,12/27/2021 8:30:05 AM,False,5402,Accepted,
29504141,0568000,LOUISVILLE METRO POLICE DEPT,Accepted,JEFFERSON,KY1703,3413,NEWBURG,RD,,,,,,,,38.197595981,-85.681823679,1.726,12/23/2021 12:00:00 AM,0840,2,2,0,1,CLEAR,DRY,False,SIDESWIPE COLLISION - OPPOSITE DIRECTION,SIDESWIPE-OPPOSITE DIRECTION,STRAIGHT & LEVEL,DAYLIGHT,,,12/27/2021 8:30:28 AM,False,5233,Accepted,
29504142,0568000,LOUISVILLE METRO POLICE DEPT,Accepted,JEFFERSON,US0031W,,MAIN,ST,W,US0031E,3RD,,,,,38.256441166,-85.754954546,22.015,12/23/2021 12:00:00 AM,1224,2,2,0,0,CLEAR,DRY,False,ANGLE COLLISION - OTHER,ANGLE,STRAIGHT & LEVEL,DAYLIGHT,,,12/27/2021 8:30:33 AM,False,7311,Accepted,
29504131,0568000,LOUISVILLE METRO POLICE DEPT,Accepted,JEFFERSON,I 0264,,I264 E,,,,,,,,,38.218550270,-85.822514160,4.314,12/23/2021 12:00:00 AM,0840,3,3,0,1,CLEAR,DRY,True,SIDESWIPE COLLISION - SAME DIRECTION,SIDESWIPE-SAME DIRECTION,STRAIGHT & LEVEL,DAYLIGHT,,,12/27/2021 8:29:57 AM,False,7467,Accepted,
29504132,0568000,LOUISVILLE METRO POLICE DEPT,Accepted,JEFFERSON,US0031,,US31 TURN LANE,,,,,,,,,38.256458803,-85.753403078,0.011,12/23/2021 12:00:00 AM,0812,2,2,0,0,CLEAR,DRY,False,REAR END IN TRAFFIC LANES BOTH VEHICLES MOVING,REAR END,STRAIGHT & GRADE,DAYLIGHT,,,12/27/2021 8:30:00 AM,False,7037,Accepted,
29507875,0565000,LYNDON POLICE DEPARTMENT,Accepted,JEFFERSON,KY1747,,HURSTBOURNE,PKWY,N,,WHIPPS MILL,,,,,38.273488751,-85.563370106,16.004,12/23/2021 12:00:00 AM,1820,2,2,0,0,CLEAR,DRY,True,SIDESWIPE-SAME DIRECTION,SIDESWIPE-SAME DIRECTION,CURVE & GRADE,DARK-HWY LIGHTED/ON,,,12/28/2021 3:12:16 AM,False,1386,Accepted,
29508488,0568000,LOUISVILLE METRO POLICE DEPT,Accepted,JEFFERSON,,,MURPHY,LN,,,,,NANSEMOND,KY1447,WESTPORT,38.302970922,-85.533218495,0.074,12/23/2021 12:00:00 AM,1736,2,2,0,1,CLEAR,DRY,False,1 VEHICLE ENTERING/LEAVING ENTRANCE,ANGLE,STRAIGHT & LEVEL,DUSK,,,12/28/2021 8:18:00 AM,False,7633,Accepted,
29850420,0568000,LOUISVILLE METRO POLICE DEPT,Accepted,JEFFERSON,KY1447,,WESTPORT,RD,,I 0265,I265 S EXIT33 ON RAMP FROM KY1447,,,,,38.296478896,-85.552211453,6.484,12/23/2021 12:00:00 AM,1130,3,3,0,0,CLEAR,DRY,False,OTHER INTERSECTION COLLISIONS,REAR END,STRAIGHT & LEVEL,DAYLIGHT,,,3/23/2022 7:47:33 AM,False,7005,Accepted,
29540002,0568000,LOUISVILLE METRO POLICE DEPT,Accepted,JEFFERSON,KY1747,,FERN VALLEY,RD,,,HANSES,,,,,38.157363467,-85.679763080,2.890,12/23/2021 12:00:00 AM,0855,2,2,0,1,CLOUDY,DRY,False,ANGLE COLLISION - ONE VEHICLE TURNING LEFT,ANGLE,STRAIGHT & LEVEL,DAYLIGHT,,,1/6/2022 8:13:09 AM,False,2583,Accepted,
29512287,0568000,LOUISVILLE METRO POLICE DEPT,Accepted,JEFFERSON,,,26TH,ST,N,,,KY3082,BANK,KY3064,PORTLAND,38.270901958,-85.790059854,0.738,12/23/2021 12:00:00 AM,2006,2,2,0,0,CLOUDY,DRY,False,1 VEHICLE ENTERING/LEAVING ENTRANCE,ANGLE,STRAIGHT & LEVEL,DARK-HWY LIGHTED/ON,,,12/29/2021 8:13:37 AM,False,5275,Accepted,
29512272,0568000,LOUISVILLE METRO POLICE DEPT,Accepted,JEFFERSON,,100,42ND,ST,N,,,,,,,38.264973354,-85.817640590,0.632,12/22/2021 12:00:00 AM,1400,3,3,0,2,CLEAR,DRY,False,1 VEHICLE ENTERING/LEAVING ENTRANCE,ANGLE,STRAIGHT & LEVEL,DAYLIGHT,,,12/29/2021 8:12:37 AM,False,7469,Accepted,
29539997,0568000,LOUISVILLE METRO POLICE DEPT,Accepted,JEFFERSON,US0031W,6503,DIXIE,HWY,,,,,,,,38.156912310,-85.834183197,12.456,12/22/2021 12:00:00 AM,1824,3,3,0,0,CLEAR,DRY,True,REAR END IN TRAFFIC LANES BOTH VEHICLES MOVING,REAR END,STRAIGHT & LEVEL,DARK-HWY LIGHTED/ON,,,1/6/2022 8:12:48 AM,False,7427,Accepted,
29504249,0568000,LOUISVILLE METRO POLICE DEPT,Accepted,JEFFERSON,,,FEGENBUSH,LN,,,,,,,,38.186460573,-85.638095842,0.056,12/22/2021 12:00:00 AM,1705,2,2,0,0,CLOUDY,DRY,False,1 VEHICLE ENTERING/LEAVING ENTRANCE,ANGLE,STRAIGHT & LEVEL,DAYLIGHT,,,12/27/2021 8:36:57 AM,False,7200,Accepted,
29504201,0568000,LOUISVILLE METRO POLICE DEPT,Accepted,JEFFERSON,US0031E,701,BAXTER,AVE,,,,,,,,38.243314842,-85.726670931,15.849,12/22/2021 12:00:00 AM,1430,1,1,0,0,CLEAR,DRY,False,COLLISION WITH FIXED OBJECT NON - INTERSECTION - FIRST EVENT COLLISION 09 - 32 EXCLUDING 16,SINGLE VEHICLE,STRAIGHT & GRADE,DAYLIGHT,,,12/27/2021 8:34:16 AM,False,7281,Accepted,
29495376,0568000,LOUISVILLE METRO POLICE DEPT,Accepted,JEFFERSON,,,BRECKINRIDGE,ST,W,KY1020,3RD,,,,,38.241698770,-85.757489274,0.180,12/22/2021 12:00:00 AM,0921,2,2,0,3,CLEAR,DRY,False,ANGLE COLLISION - OTHER,ANGLE,STRAIGHT & LEVEL,DAYLIGHT,,,12/23/2021 7:28:38 AM,False,7619,Accepted,
29495383,0568000,LOUISVILLE METRO POLICE DEPT,Accepted,JEFFERSON,KY0061,,PRESTON,HWY,,I 0265,I265 W EXIT12 OFF RAMP TO KY61 S,,,,,38.111762626,-85.675364601,1.989,12/22/2021 12:00:00 AM,2209,3,3,0,0,CLEAR,DRY,False,ANGLE COLLISION - ONE VEHICLE TURNING LEFT,ANGLE,STRAIGHT & LEVEL,DARK-HWY LIGHTED/ON,,,12/23/2021 7:29:03 AM,False,5264,Accepted,
29495384,0568000,LOUISVILLE METRO POLICE DEPT,Accepted,JEFFERSON,KY0864,,POPLAR LEVEL,RD,,,HESS,,,,,38.211960262,-85.721024209,12.724,12/22/2021 12:00:00 AM,2309,2,2,0,0,CLEAR,DRY,False,OTHER INTERSECTION COLLISIONS,REAR END,CURVE & LEVEL,DARK-HWY LIGHTED/ON,,,12/23/2021 7:29:06 AM,False,5328,Accepted,
29495350,0568000,LOUISVILLE METRO POLICE DEPT,Accepted,JEFFERSON,,5000,COMMERCE CROSSINGS,DR,,,INTERCHANGE,,,,,38.100112259,-85.682082003,0.430,12/22/2021 12:00:00 AM,1315,2,2,0,0,CLEAR,DRY,False,ANGLE COLLISION - OTHER,ANGLE,STRAIGHT & LEVEL,DAYLIGHT,,,12/23/2021 7:27:08 AM,False,7799,Accepted,
29495351,0568000,LOUISVILLE METRO POLICE DEPT,Accepted,JEFFERSON,,,BISHOP,LN,,,,,,,,38.194597757,-85.686757122,1.036,12/22/2021 12:00:00 AM,0907,3,3,0,0,CLEAR,DRY,False,REAR END IN TRAFFIC LANES BOTH VEHICLES MOVING,REAR END,STRAIGHT & LEVEL,DAYLIGHT,,,12/23/2021 7:27:11 AM,False,4693,Accepted,
29495352,0568000,LOUISVILLE METRO POLICE DEPT,Accepted,JEFFERSON,KY0864,,POPLAR LEVEL,RD,,,,,,,,38.215494768,-85.724476076,13.029,12/22/2021 12:00:00 AM,1252,2,2,0,0,CLEAR,DRY,False,COLLISION IN PARKING LOT,ANGLE,STRAIGHT & LEVEL,DAYLIGHT,,,12/23/2021 7:27:15 AM,False,4693,Accepted,
29495358,0568000,LOUISVILLE METRO POLICE DEPT,Accepted,JEFFERSON,,,BOLLING,AVE,,,23RD,,,,,38.230375448,-85.794879594,0.566,12/22/2021 12:00:00 AM,1452,2,2,0,1,CLEAR,DRY,False,HEAD-ON COLLISION,HEAD ON,STRAIGHT & LEVEL,DAYLIGHT,,,12/23/2021 7:27:33 AM,False,5355,Accepted,
29495359,0568000,LOUISVILLE METRO POLICE DEPT,Accepted,JEFFERSON,KY1865,5300,NEW CUT,RD,,,,,,,,38.151865809,-85.776665449,3.089,12/22/2021 12:00:00 AM,1606,2,2,0,0,CLEAR,DRY,False,REAR END IN TRAFFIC LANES BOTH VEHICLES MOVING,REAR END,STRAIGHT & LEVEL,DAYLIGHT,,,12/23/2021 7:27:37 AM,False,7768,Accepted,
29495360,0568000,LOUISVILLE METRO POLICE DEPT,Accepted,JEFFERSON,I 0071,,I71 S,,,,,,,,,38.295957780,-85.627623619,6.235,12/22/2021 12:00:00 AM,1220,2,2,0,0,CLEAR,DRY,False,REAR END IN TRAFFIC LANES BOTH VEHICLES MOVING,REAR END,STRAIGHT & LEVEL,DAYLIGHT,,,12/23/2021 7:27:41 AM,True,7316,Accepted,
29495366,0568000,LOUISVILLE METRO POLICE DEPT,Accepted,JEFFERSON,I 0264,,I264 W,,,,,,,,,38.201509839,-85.692096700,14.336,12/22/2021 12:00:00 AM,1423,2,2,0,1,CLEAR,DRY,False,OTHER ROADWAY OR MID-BLOCK COLLISION,REAR END,STRAIGHT & LEVEL,DAYLIGHT,,,12/23/2021 7:28:02 AM,False,6813,Accepted,
29495367,0568000,LOUISVILLE METRO POLICE DEPT,Accepted,JEFFERSON,,,CLARKS,LN,,KY0061,PRESTON,,,,,38.212947040,-85.741597454,,12/22/2021 12:00:00 AM,1631,2,2,0,0,CLEAR,DRY,False,OPPOSING LEFT TURN,OPPOSING LEFT TURN,STRAIGHT & LEVEL,DAYLIGHT,,,12/23/2021 7:28:06 AM,False,5346,Accepted,
29495368,0568000,LOUISVILLE METRO POLICE DEPT,Accepted,JEFFERSON,,,CHESTNUT,ST,W,,11TH,,,,,38.250220749,-85.769455150,1.728,12/22/2021 12:00:00 AM,1826,2,2,0,0,CLEAR,DRY,False,SIDESWIPE-SAME DIRECTION,SIDESWIPE-SAME DIRECTION,STRAIGHT & LEVEL,DARK-HWY LIGHTED/ON,,,12/23/2021 7:28:09 AM,False,7035,Accepted,
29495333,0568000,LOUISVILLE METRO POLICE DEPT,Accepted,JEFFERSON,,,GARLAND,AVE,,,CECIL,,,,,38.246894577,-85.820715790,2.946,12/22/2021 12:00:00 AM,0031,2,2,0,0,CLEAR,DRY,False,ANGLE COLLISION - ONE VEHICLE TURNING RIGHT,ANGLE,STRAIGHT & LEVEL,DARK-HWY LIGHTED/ON,,,12/23/2021 7:26:09 AM,False,7807,Accepted,
29495334,0568000,LOUISVILLE METRO POLICE DEPT,Accepted,JEFFERSON,I 0065,,,,,,,,,,,38.191435669,-85.733223908,1.429,12/22/2021 12:00:00 AM,0007,2,2,0,0,CLEAR,DRY,False,OTHER RAMP RELATED COLLISIONS NOT LISTED ABOVE,HEAD ON,CURVE & LEVEL,DARK-HWY LIGHTED/ON,I 0065,I 0264,12/23/2021 7:26:13 AM,True,5400,Accepted,
29495335,0568000,LOUISVILLE METRO POLICE DEPT,Accepted,JEFFERSON,KY1747,,FERN VALLEY,RD,,,HANSES,,,,,38.157352623,-85.679764829,2.882,12/22/2021 12:00:00 AM,0611,2,2,0,0,CLEAR,DRY,False,ANGLE COLLISION - OTHER,ANGLE,STRAIGHT & LEVEL,DARK-HWY LIGHTED/OFF,,,12/23/2021 7:26:17 AM,False,5042,Accepted,
29495341,0568000,LOUISVILLE METRO POLICE DEPT,Accepted,JEFFERSON,,,DIXIE,HWY,,KY2054,ALGONQUIN,,,,,38.223122008,-85.792603936,1.862,12/22/2021 12:00:00 AM,0931,2,2,0,0,CLEAR,DRY,True,SIDESWIPE-SAME DIRECTION,SIDESWIPE-SAME DIRECTION,STRAIGHT & LEVEL,DAYLIGHT,,,12/23/2021 7:26:38 AM,False,5402,Accepted,
29504151,0568000,LOUISVILLE METRO POLICE DEPT,Accepted,JEFFERSON,,,SHELBY,ST,S,,BURNETT,,,,,38.224794762,-85.742274100,0.421,12/22/2021 12:00:00 AM,1259,2,2,0,0,CLEAR,DRY,False,SIDESWIPE-SAME DIRECTION,SIDESWIPE-SAME DIRECTION,STRAIGHT & LEVEL,DAYLIGHT,,,12/27/2021 8:31:15 AM,False,5052,Accepted,
29495340,0568000,LOUISVILLE METRO POLICE DEPT,Accepted,JEFFERSON,,,CECIL,AVE,,,GREENWOOD,,,,,38.244207822,-85.821122926,1.095,12/22/2021 12:00:00 AM,0912,2,2,0,1,CLEAR,DRY,False,ANGLE COLLISION - OTHER,ANGLE,STRAIGHT & LEVEL,DAYLIGHT,,,12/23/2021 7:26:34 AM,False,6860,Accepted,
29495357,0568000,LOUISVILLE METRO POLICE DEPT,Accepted,JEFFERSON,US0031W,,DIXIE,HWY,,,,,,,,38.168111801,-85.828631163,13.160,12/22/2021 12:00:00 AM,1459,2,2,0,0,CLEAR,DRY,False,SIDESWIPE COLLISION - SAME DIRECTION,SIDESWIPE-SAME DIRECTION,STRAIGHT & LEVEL,DAYLIGHT,,,12/23/2021 7:27:30 AM,False,7244,Accepted,
29495365,0568000,LOUISVILLE METRO POLICE DEPT,Accepted,JEFFERSON,I 0265,,I265 E,,,,,I 0265,I265 E EXIT14 OFF RAMP TO  SMYRNA PKWY,I 0265,I265 E EXIT14 ON RAMP FROM  SMYRNA PKWY,38.118297907,-85.642130358,13.623,12/22/2021 12:00:00 AM,1730,2,2,0,0,CLEAR,DRY,False,REAR END IN TRAFFIC LANES BOTH VEHICLES MOVING,REAR END,STRAIGHT & LEVEL,DUSK,,,12/23/2021 7:27:59 AM,False,6878,Accepted,
29495382,0568000,LOUISVILLE METRO POLICE DEPT,Accepted,JEFFERSON,,2200 BLK,HIKES,LN,,,,,,,,38.199852560,-85.658630701,0.957,12/22/2021 12:00:00 AM,2210,2,2,0,0,CLEAR,DRY,True,1 VEHICLE ENTERING/LEAVING ENTRANCE,ANGLE,STRAIGHT & LEVEL,DARK-HWY LIGHTED/ON,,,12/23/2021 7:29:00 AM,False,5300,Accepted,
29504164,0568000,LOUISVILLE METRO POLICE DEPT,Accepted,JEFFERSON,KY0022,,BROWNSBORO,RD,,,,,CHAMBERLAIN,,BROWNSBORO GLEN,38.314028088,-85.565121053,4.598,12/22/2021 12:00:00 AM,1620,2,2,0,2,CLEAR,DRY,False,OTHER ROADWAY OR MID-BLOCK COLLISION,REAR END,STRAIGHT & LEVEL,DAYLIGHT,,,12/27/2021 8:32:01 AM,False,7633,Accepted,
29504193,0568000,LOUISVILLE METRO POLICE DEPT,Accepted,JEFFERSON,US0150,,BROADWAY,,W,,9TH,,,,,38.246850989,-85.767059189,1.908,12/22/2021 12:00:00 AM,1530,2,2,0,0,CLEAR,DRY,False,COLLISION WITH PARKED VEHICLE,SIDESWIPE-SAME DIRECTION,STRAIGHT & LEVEL,DAYLIGHT,,,12/27/2021 8:33:53 AM,False,5301,Accepted,
29495361,0568000,LOUISVILLE METRO POLICE DEPT,Accepted,JEFFERSON,I 0071,,I71 S,,,,,,,,,38.295883619,-85.627748962,6.226,12/22/2021 12:00:00 AM,1220,4,4,0,0,CLEAR,DRY,False,REAR END IN TRAFFIC LANES BOTH VEHICLES MOVING,REAR END,STRAIGHT & LEVEL,DAYLIGHT,,,12/23/2021 7:27:44 AM,False,7316,Accepted,
29504129,0568000,LOUISVILLE METRO POLICE DEPT,Accepted,JEFFERSON,US0031W,,22ND,ST,S,,STANDARD,,,,,38.231547512,-85.791775491,18.353,12/22/2021 12:00:00 AM,2053,2,2,0,0,CLEAR,DRY,True,COLLISION WITH PARKED VEHICLE,REAR END,STRAIGHT & LEVEL,DARK-HWY LIGHTED/ON,,,12/27/2021 8:29:50 AM,False,5384,Accepted,
29504128,0568000,LOUISVILLE METRO POLICE DEPT,Accepted,JEFFERSON,,5012,3RD,ST,S,,,,,,,38.174336522,-85.767500481,1.690,12/22/2021 12:00:00 AM,2112,3,3,0,1,CLEAR,DRY,False,REAR END IN TRAFFIC LANES BOTH VEHICLES MOVING,REAR END,STRAIGHT & LEVEL,DARK-HWY LIGHTED/ON,,,12/27/2021 8:29:46 AM,False,5337,Accepted,
29504144,0568000,LOUISVILLE METRO POLICE DEPT,Accepted,JEFFERSON,,,UPPER HUNTERS,TRCE,,,,,LOWER HUNTERS,,MARIAN,38.157988694,-85.847590602,1.441,12/22/2021 12:00:00 AM,1631,2,2,0,1,CLOUDY,DRY,False,SIDESWIPE COLLISION - SAME DIRECTION,SIDESWIPE-SAME DIRECTION,STRAIGHT & LEVEL,DAYLIGHT,,,12/27/2021 8:30:44 AM,False,2457,Accepted,
29495364,0568000,LOUISVILLE METRO POLICE DEPT,Accepted,JEFFERSON,,,GRADE,LN,,,,,,,,38.178964947,-85.719602330,0.101,12/22/2021 12:00:00 AM,1552,3,3,0,1,CLEAR,DRY,False,REAR END IN TRAFFIC LANES BOTH VEHICLES MOVING,REAR END,STRAIGHT & LEVEL,DAYLIGHT,,,12/23/2021 7:27:55 AM,False,5399,Accepted,
29495370,0568000,LOUISVILLE METRO POLICE DEPT,Accepted,JEFFERSON,US0031E,,BARDSTOWN,RD,,,,,BRENTLINGER,,BARTLEY,38.135021395,-85.580020224,4.438,12/22/2021 12:00:00 AM,1724,2,2,0,0,CLEAR,DRY,False,REAR END IN TRAFFIC LANES BOTH VEHICLES MOVING,REAR END,STRAIGHT & LEVEL,DAYLIGHT,,,12/23/2021 7:28:15 AM,False,2321,Accepted,
29495371,0568000,LOUISVILLE METRO POLICE DEPT,Accepted,JEFFERSON,,,JOYCE,DR,,,,,MICHAEL RAY,,PRINCESS,38.132525541,-85.651521470,0.430,12/22/2021 12:00:00 AM,1810,2,2,0,1,CLEAR,DRY,False,HEAD-ON COLLISION,HEAD ON,CURVE & LEVEL,DARK-HWY LIGHTED/OFF,,,12/23/2021 7:28:18 AM,False,2321,Accepted,
29495372,0568000,LOUISVILLE METRO POLICE DEPT,Accepted,JEFFERSON,,,GAGEL,AVE,,KY1931,MANSLICK,,,,,38.170364779,-85.797500504,1.403,12/22/2021 12:00:00 AM,1830,2,2,0,1,CLEAR,DRY,False,ANGLE COLLISION - OTHER,ANGLE,STRAIGHT & LEVEL,DARK-HWY NOT LIGHTED,,,12/23/2021 7:28:21 AM,False,7471,Accepted,
29495378,0568000,LOUISVILLE METRO POLICE DEPT,Accepted,JEFFERSON,,8909,SEAFORTH,DR,,,,,,,,38.131022223,-85.872072667,0.236,12/22/2021 12:00:00 AM,1951,2,2,0,1,CLEAR,DRY,False,1 VEHICLE ENTERING/LEAVING ENTRANCE,ANGLE,STRAIGHT & LEVEL,DARK-HWY LIGHTED/OFF,,,12/23/2021 7:28:45 AM,False,7277,Accepted,
29495379,0568000,LOUISVILLE METRO POLICE DEPT,Accepted,JEFFERSON,US0031E,,BARDSTOWN,RD,,,,,FAIRGROUND,,SETTLERS TRACE,38.162498928,-85.595301686,6.530,12/22/2021 12:00:00 AM,2105,2,2,0,0,CLEAR,DRY,False,SIDESWIPE COLLISION - SAME DIRECTION,SIDESWIPE-SAME DIRECTION,STRAIGHT & LEVEL,DARK-HWY LIGHTED/ON,,,12/23/2021 7:28:49 AM,False,2775,Accepted,
29495380,0568000,LOUISVILLE METRO POLICE DEPT,Accepted,JEFFERSON,KY0061,,PRESTON,HWY,,,GLEN ROSE,,,,,38.113944362,-85.676002263,2.125,12/22/2021 12:00:00 AM,2225,2,2,0,0,CLEAR,DRY,False,ANGLE COLLISION - OTHER,ANGLE,STRAIGHT & LEVEL,DARK-HWY LIGHTED/ON,,,12/23/2021 7:28:52 AM,False,5198,Accepted,
29504194,0568000,LOUISVILLE METRO POLICE DEPT,Accepted,JEFFERSON,KY1934,,GREENBELT,HWY,,KY1931,GREENWOOD,,,,,38.147017102,-85.886534062,4.457,12/22/2021 12:00:00 AM,2101,2,2,0,3,CLEAR,DRY,False,ANGLE COLLISION - OTHER,ANGLE,STRAIGHT & LEVEL,DARK-HWY LIGHTED/ON,,,12/27/2021 8:33:58 AM,False,5170,Accepted,