IncidentID,AgencyORI,AgencyName,IncidentStatusDesc,County,RdwyNumber,Street,RoadwayName,StreetSfx,StreetDir,IntersectionRdwy,IntersectionRdwyName,BetweenStRdwy1,BetweenStRdwyName1,BetweenStRdwy2,BetweenStRdwyName2,Latitude,Longitude,Milepoint,CollisionDate,CollisionTime,UnitsInvolved,MotorVehiclesInvolved,NumberKilled,NumberInjured,Weather,RdwyConditionCode,HitandRun,DirAnalysisCode,MannerofCollision,RdwyCharacter,LightCondition,RampFromRdwyId,RampToRdwyId,AcceptedDate,IsSecondaryCollision,OwnerBadge,IncidentStatus,
29494912,0560300,ST. MATTHEWS POLICE DEPARTMENT,Accepted,JEFFERSON,US0060,,SHELBYVILLE,RD,,I 0264,I264 W EXIT20B OFF RAMP TO US60,,,,,38.250105623,-85.620495613,5.474,12/22/2021 12:00:00 AM,2023,2,2,0,1,CLEAR,DRY,False,OTHER INTERSECTION COLLISIONS,REAR END,STRAIGHT & LEVEL,DARK-HWY LIGHTED/ON,,,12/23/2021 2:44:23 AM,False,9187,Accepted,
29494913,0560300,ST. MATTHEWS POLICE DEPARTMENT,Accepted,JEFFERSON,I 0264,,I264 E,,,I 0264,I264 W EXIT19A ON RAMP FROM US60 W,,,,,38.249480237,-85.619520298,19.752,12/22/2021 12:00:00 AM,1737,3,3,0,0,CLEAR,DRY,False,OTHER INTERSECTION COLLISIONS,REAR END,STRAIGHT & LEVEL,DARK-HWY LIGHTED/ON,,,12/23/2021 2:44:32 AM,False,9187,Accepted,
29495348,0568000,LOUISVILLE METRO POLICE DEPT,Accepted,JEFFERSON,US0042,,US42,,,KY0022C,SEMINARY,,,,,38.292949691,-85.628422720,6.797,12/22/2021 12:00:00 AM,1122,2,2,0,0,CLEAR,DRY,False,ANGLE COLLISION - OTHER,ANGLE,STRAIGHT & LEVEL,DAYLIGHT,,,12/23/2021 7:27:02 AM,False,7359,Accepted,
29495355,0568000,LOUISVILLE METRO POLICE DEPT,Accepted,JEFFERSON,I 0264,,,,,,,,,,,38.244083994,-85.620946133,0.263,12/22/2021 12:00:00 AM,1430,2,2,0,0,CLEAR,DRY,False,OTHER RAMP RELATED COLLISIONS NOT LISTED ABOVE,REAR END,CURVE & LEVEL,DAYLIGHT,I 0264,US0060,12/23/2021 7:27:26 AM,False,7325,Accepted,
29495362,0568000,LOUISVILLE METRO POLICE DEPT,Accepted,JEFFERSON,KY0061,,PRESTON,ST,S,US0060A,EASTERN,,,,,38.214602548,-85.743113089,10.127,12/22/2021 12:00:00 AM,1415,3,3,0,0,CLEAR,DRY,False,ANGLE COLLISION - OTHER,ANGLE,STRAIGHT & LEVEL,DAYLIGHT,,,12/23/2021 7:27:48 AM,False,5378,Accepted,
29495363,0568000,LOUISVILLE METRO POLICE DEPT,Accepted,JEFFERSON,KY2251,3420,BARDSTOWN,RD,,,,,,,,38.200280770,-85.662764351,1.181,12/22/2021 12:00:00 AM,1404,2,2,0,0,CLEAR,DRY,False,COLLISION IN PARKING LOT,BACKING,STRAIGHT & LEVEL,DAYLIGHT,,,12/23/2021 7:27:51 AM,False,5375,Accepted,
29495346,0568000,LOUISVILLE METRO POLICE DEPT,Accepted,JEFFERSON,KY1065,2200,OUTER,LOOP,,,,,,,,38.134626775,-85.719527992,4.242,12/21/2021 12:00:00 AM,1400,2,2,0,0,CLEAR,DRY,False,1 VEHICLE ENTERING/LEAVING ENTRANCE,ANGLE,STRAIGHT & LEVEL,DAYLIGHT,,,12/23/2021 7:26:55 AM,False,7799,Accepted,
29495347,0568000,LOUISVILLE METRO POLICE DEPT,Accepted,JEFFERSON,KY1747,3600,FERN VALLEY,RD,,,,,,,,38.156958012,-85.677079599,2.927,12/21/2021 12:00:00 AM,1613,2,2,0,0,CLEAR,DRY,False,SIDESWIPE COLLISION - SAME DIRECTION,SIDESWIPE-SAME DIRECTION,STRAIGHT & LEVEL,DAYLIGHT,,,12/23/2021 7:26:58 AM,False,7799,Accepted,
29495322,0568000,LOUISVILLE METRO POLICE DEPT,Accepted,JEFFERSON,US0031W,,DIXIE,HWY,,,,,,,,38.127425860,-85.850308715,10.268,12/21/2021 12:00:00 AM,1745,1,1,0,0,CLEAR,DRY,False,RAN OFF ROADWAY (1 VEHICLE WITH/EARTH EMBANKMENT/DITCH),SINGLE VEHICLE,STRAIGHT & LEVEL,DARK-HWY LIGHTED/ON,,,12/23/2021 7:25:36 AM,False,5395,Accepted,
29495323,0568000,LOUISVILLE METRO POLICE DEPT,Accepted,JEFFERSON,KY1931,,ST ANDREWS CHURCH,RD,,,WINDEMERE,,,,,38.153472157,-85.806500810,5.189,12/21/2021 12:00:00 AM,1817,1,1,0,0,CLEAR,DRY,False,COLLISION WITH FIXED OBJECT IN INTERSECTION - FIRST EVENT COLLISION 09 - 32,SINGLE VEHICLE,CURVE & LEVEL,DARK-HWY LIGHTED/ON,,,12/23/2021 7:25:39 AM,False,5392,Accepted,
29495329,0568000,LOUISVILLE METRO POLICE DEPT,Accepted,JEFFERSON,I 0064,,I64 E,,,,,,,,,38.220048281,-85.441473537,22.399,12/21/2021 12:00:00 AM,2047,2,2,0,1,CLEAR,DRY,False,SIDESWIPE COLLISION - SAME DIRECTION,SIDESWIPE-SAME DIRECTION,STRAIGHT & LEVEL,DARK-HWY LIGHTED/ON,,,12/23/2021 7:25:55 AM,False,5155,Accepted,
29495330,0568000,LOUISVILLE METRO POLICE DEPT,Accepted,JEFFERSON,KY1020,,NATIONAL,TPKE,,,HARRISON,,,,,38.095325969,-85.735952543,1.217,12/21/2021 12:00:00 AM,0600,1,1,0,0,CLEAR,DRY,True,COLLISION WITH FIXED OBJECT IN INTERSECTION - FIRST EVENT COLLISION 09 - 32,SINGLE VEHICLE,STRAIGHT & LEVEL,DARK (UNKNOWN ROADWAY LIGHTING),,,12/23/2021 7:25:59 AM,False,5048,Accepted,
29495331,0568000,LOUISVILLE METRO POLICE DEPT,Accepted,JEFFERSON,KY1020,,NATIONAL,TPKE,,KY0907,SOUTHSIDE,,,,,38.152569026,-85.765598076,5.642,12/21/2021 12:00:00 AM,0543,2,2,0,0,CLEAR,DRY,False,OTHER INTERSECTION COLLISIONS,REAR END,STRAIGHT & LEVEL,DARK-HWY LIGHTED/ON,,,12/23/2021 7:26:02 AM,False,5048,Accepted,
29495339,0568000,LOUISVILLE METRO POLICE DEPT,Accepted,JEFFERSON,,,HILL,ST,W,,17TH,,,,,38.227996979,-85.784841938,1.523,12/21/2021 12:00:00 AM,1305,2,2,0,0,CLEAR,DRY,False,ANGLE COLLISION - OTHER,ANGLE,STRAIGHT & LEVEL,DAYLIGHT,,,12/23/2021 7:26:31 AM,False,2469,Accepted,
29495311,0568000,LOUISVILLE METRO POLICE DEPT,Accepted,JEFFERSON,,,NORTON HEALTHCARE,BLVD,,,VON ALLMEN,,,,,38.312397072,-85.572017787,0.146,12/21/2021 12:00:00 AM,1349,3,3,0,0,CLEAR,DRY,True,ANGLE COLLISION - OTHER,ANGLE,STRAIGHT & LEVEL,DAYLIGHT,,,12/23/2021 7:25:01 AM,False,7876,Accepted,
29495312,0568000,LOUISVILLE METRO POLICE DEPT,Accepted,JEFFERSON,,3348,HIKES,LN,,,,,,,,38.218471932,-85.628066171,3.065,12/21/2021 12:00:00 AM,1244,2,2,0,0,CLEAR,DRY,False,1 VEHICLE PARKED POSITION (NOT PARKING LOT/DRIVEWAY),REAR END,STRAIGHT & LEVEL,DAYLIGHT,,,12/23/2021 7:25:04 AM,False,7448,Accepted,
29495319,0568000,LOUISVILLE METRO POLICE DEPT,Accepted,JEFFERSON,US0060A,,LEXINGTON,RD,,,,,,,,38.249877639,-85.666163357,10.016,12/21/2021 12:00:00 AM,1645,2,2,0,1,CLEAR,DRY,False,OTHER ROADWAY OR MID-BLOCK COLLISION,REAR END,STRAIGHT & LEVEL,DAYLIGHT,,,12/23/2021 7:25:25 AM,False,7028,Accepted,
29495336,0568000,LOUISVILLE METRO POLICE DEPT,Accepted,JEFFERSON,KY0864,,POPLAR LEVEL,RD,,,INDIAN,,,,,38.171584709,-85.685012012,9.218,12/21/2021 12:00:00 AM,2235,2,2,0,0,CLEAR,DRY,False,ANGLE COLLISION - OTHER,ANGLE,STRAIGHT & LEVEL,DARK-HWY LIGHTED/ON,,,12/23/2021 7:26:20 AM,False,5189,Accepted,
29491780,0560300,ST. MATTHEWS POLICE DEPARTMENT,Accepted,JEFFERSON,US0060,5000,SHELBYVILLE,RD,,,,,,,,38.250164149,-85.623417327,5.312,12/21/2021 12:00:00 AM,1705,2,2,0,0,CLEAR,DRY,False,COLLISION IN PARKING LOT,ANGLE,CURVE & LEVEL,DAYLIGHT,,,12/22/2021 8:34:49 AM,False,9155,Accepted,
29495321,0568000,LOUISVILLE METRO POLICE DEPT,Accepted,JEFFERSON,KY1447,,WESTPORT,RD,,,,,,,,38.278591443,-85.596848675,3.740,12/21/2021 12:00:00 AM,1800,3,3,0,0,CLEAR,DRY,False,HEAD-ON COLLISION,HEAD ON,STRAIGHT & LEVEL,DARK-HWY LIGHTED/ON,,,12/23/2021 7:25:32 AM,True,7615,Accepted,
29489446,0561000,JEFFERSONTOWN POLICE DEPT,Accepted,JEFFERSON,,,STONY BROOK,DR,,,,,LETHBOROUGH,,KIRBY,38.189104742,-85.594435938,1.417,12/21/2021 12:00:00 AM,1417,2,2,0,0,CLEAR,DRY,True,SIDESWIPE COLLISION - SAME DIRECTION,SIDESWIPE-SAME DIRECTION,STRAIGHT & LEVEL,DAYLIGHT,,,12/21/2021 4:14:23 PM,False,8278,Accepted,
29487610,0568000,LOUISVILLE METRO POLICE DEPT,Accepted,JEFFERSON,,,BEECH,ST,,,SOUTHERN,,,,,38.232147685,-85.805152741,0.438,12/21/2021 12:00:00 AM,0247,3,3,0,0,CLEAR,DRY,True,ANGLE COLLISION - OTHER,ANGLE,STRAIGHT & LEVEL,DARK-HWY LIGHTED/ON,,,12/21/2021 8:11:24 AM,False,5261,Accepted,
29504195,0568000,LOUISVILLE METRO POLICE DEPT,Accepted,JEFFERSON,,,MUHAMMAD ALI,BLVD,W,,6TH,,,,,38.251496395,-85.760801336,0.455,12/21/2021 12:00:00 AM,0919,2,2,0,1,CLEAR,DRY,True,ANGLE COLLISION - OTHER,ANGLE,STRAIGHT & LEVEL,DAYLIGHT,,,12/27/2021 8:34:03 AM,False,5187,Accepted,
29504230,0568000,LOUISVILLE METRO POLICE DEPT,Accepted,JEFFERSON,KY1865,,TAYLOR,BLVD,,,BLUEGRASS,,,,,38.179609694,-85.783267767,5.029,12/21/2021 12:00:00 AM,1436,3,3,0,0,CLEAR,DRY,False,ANGLE COLLISION - OTHER,ANGLE,STRAIGHT & LEVEL,DAYLIGHT,,,12/27/2021 8:35:53 AM,False,5123,Accepted,
29504247,0568000,LOUISVILLE METRO POLICE DEPT,Accepted,JEFFERSON,KY0864,,POPLAR LEVEL,RD,,,,KY3069,SANITA,,SELINDA,38.191476208,-85.705011485,10.994,12/21/2021 12:00:00 AM,1626,3,3,0,0,CLEAR,DRY,False,REAR END IN TRAFFIC LANES BOTH VEHICLES MOVING,REAR END,STRAIGHT & LEVEL,DAYLIGHT,,,12/27/2021 8:36:50 AM,False,7938,Accepted,
29495814,0564400,INDIAN HILLS POLICE DEPARTMENT,Accepted,JEFFERSON,US0042,,BROWNSBORO,RD,,,LOTIS,,,,,38.265325559,-85.667765009,3.782,12/21/2021 12:00:00 AM,1700,2,2,0,0,CLEAR,DRY,False,ANGLE COLLISION - OTHER,ANGLE,STRAIGHT & LEVEL,DUSK,,,12/23/2021 10:27:27 AM,False,4436,Accepted,
29504138,0568000,LOUISVILLE METRO POLICE DEPT,Accepted,JEFFERSON,I 0264,,I264 E EXIT18 TRANSIT,,,,,I 0264,I264 E EXIT18A OFF RAMP TO KY1932 S,I 0264,I264 E EXIT18 ON RAMP FROM KY1932 S,38.226584421,-85.639051983,0.001,12/21/2021 12:00:00 AM,1509,3,3,0,0,CLEAR,DRY,False,1 VEHICLE PARKED POSITION (NOT PARKING LOT/DRIVEWAY),SIDESWIPE-SAME DIRECTION,STRAIGHT & LEVEL,DAYLIGHT,,,12/27/2021 8:30:16 AM,False,7751,Accepted,
29495315,0568000,LOUISVILLE METRO POLICE DEPT,Accepted,JEFFERSON,KY0864,,POPLAR LEVEL,RD,,,DAHL,,,,,38.181504296,-85.696415781,10.162,12/21/2021 12:00:00 AM,1357,2,2,0,0,CLEAR,DRY,False,OTHER INTERSECTION COLLISIONS,REAR END,STRAIGHT & LEVEL,DAYLIGHT,,,12/23/2021 7:25:11 AM,False,5027,Accepted,
29495327,0568000,LOUISVILLE METRO POLICE DEPT,Accepted,JEFFERSON,US0031W,,MAIN,ST,W,,17TH,,,,,38.258996325,-85.778052066,20.752,12/21/2021 12:00:00 AM,1408,2,2,0,1,CLEAR,DRY,False,ANGLE COLLISION - OTHER,ANGLE,STRAIGHT & LEVEL,DAYLIGHT,,,12/23/2021 7:25:52 AM,False,7325,Accepted,
29495332,0568000,LOUISVILLE METRO POLICE DEPT,Accepted,JEFFERSON,,8548,ROBBINS,RD,,,MARK,,,,,38.128206786,-85.859281325,0.114,12/21/2021 12:00:00 AM,1851,1,1,0,1,CLEAR,DRY,False,OTHER INTERSECTION COLLISIONS,SINGLE VEHICLE,STRAIGHT & LEVEL,DARK-HWY NOT LIGHTED,,,12/23/2021 7:26:05 AM,False,5211,Accepted,
29495310,0568000,LOUISVILLE METRO POLICE DEPT,Accepted,JEFFERSON,,,FOREST,DR,,,,,,,,38.169927571,-85.689790101,1.123,12/21/2021 12:00:00 AM,0951,2,2,0,1,CLEAR,DRY,False,1 VEHICLE ENTERING/LEAVING ENTRANCE,ANGLE,CURVE & LEVEL,DAYLIGHT,,,12/23/2021 7:24:56 AM,False,4693,Accepted,
29495316,0568000,LOUISVILLE METRO POLICE DEPT,Accepted,JEFFERSON,,,MARKET,ST,W,,,,,,,38.260257488,-85.800886725,0.791,12/21/2021 12:00:00 AM,0931,2,2,0,0,CLEAR,DRY,False,1 VEHICLE ENTERING/LEAVING ENTRANCE,ANGLE,STRAIGHT & LEVEL,DAYLIGHT,,,12/23/2021 7:25:15 AM,False,5148,Accepted,
29495317,0568000,LOUISVILLE METRO POLICE DEPT,Accepted,JEFFERSON,,,ST CATHERINE,ST,W,KY1020,2ND,,,,,38.236976670,-85.755753797,0.045,12/21/2021 12:00:00 AM,0931,2,2,0,0,CLEAR,DRY,False,SIDESWIPE-SAME DIRECTION,SIDESWIPE-SAME DIRECTION,STRAIGHT & LEVEL,DAYLIGHT,,,12/23/2021 7:25:18 AM,False,5387,Accepted,
29495318,0568000,LOUISVILLE METRO POLICE DEPT,Accepted,JEFFERSON,I 0065,,I65 N,,,,,,,,,38.220458096,-85.751517638,133.483,12/21/2021 12:00:00 AM,1618,3,3,0,0,CLEAR,DRY,False,REAR END IN TRAFFIC LANES BOTH VEHICLES MOVING,REAR END,STRAIGHT & LEVEL,DAYLIGHT,,,12/23/2021 7:25:22 AM,False,5175,Accepted,
29495324,0568000,LOUISVILLE METRO POLICE DEPT,Accepted,JEFFERSON,KY2052,,SHEPHERDSVILLE,RD,,,RONWOOD,,,,,38.143642360,-85.659869199,0.339,12/21/2021 12:00:00 AM,1730,2,2,0,0,CLEAR,DRY,False,HEAD-ON COLLISION,HEAD ON,STRAIGHT & LEVEL,DAYLIGHT,,,12/23/2021 7:25:42 AM,False,5040,Accepted,
29495325,0568000,LOUISVILLE METRO POLICE DEPT,Accepted,JEFFERSON,,7207,ROYALWOOD,DR,,,,,,,,38.150226309,-85.804397972,0.042,12/21/2021 12:00:00 AM,1849,1,1,0,0,CLEAR,DRY,False,COLLISION WITH FIXED OBJECT NON - INTERSECTION - FIRST EVENT COLLISION 09 - 32 EXCLUDING 16,SINGLE VEHICLE,STRAIGHT & HILLCREST,DARK (UNKNOWN ROADWAY LIGHTING),,,12/23/2021 7:25:46 AM,False,5312,Accepted,
29495326,0568000,LOUISVILLE METRO POLICE DEPT,Accepted,JEFFERSON,I 0265,,I265 E,,,,,,,,,38.197618354,-85.507917010,23.741,12/21/2021 12:00:00 AM,0639,2,2,0,0,CLEAR,DRY,False,REAR END IN TRAFFIC LANES BOTH VEHICLES MOVING,REAR END,STRAIGHT & GRADE,DARK-HWY NOT LIGHTED,,,12/23/2021 7:25:49 AM,False,7735,Accepted,
29504251,0568000,LOUISVILLE METRO POLICE DEPT,Accepted,JEFFERSON,I 0065,,,,,,,,,,,38.208387652,-85.752355061,0.017,12/21/2021 12:00:00 AM,1122,2,2,0,2,CLEAR,DRY,False,OTHER RAMP RELATED COLLISIONS NOT LISTED ABOVE,ANGLE,CURVE & GRADE,DAYLIGHT,I 0065,CRITTENDEN DR,12/27/2021 8:37:05 AM,False,7398,Accepted,
29508486,0568000,LOUISVILLE METRO POLICE DEPT,Accepted,JEFFERSON,,221,CLIFTON,AVE,N,,,,,,,38.258286533,-85.704944733,0.040,12/21/2021 12:00:00 AM,1030,1,1,0,0,CLEAR,DRY,False,COLLISION WITH FIXED OBJECT NON - INTERSECTION - FIRST EVENT COLLISION 09 - 32 EXCLUDING 16,SINGLE VEHICLE,CURVE & GRADE,DAYLIGHT,,,12/28/2021 8:17:52 AM,False,2738,Accepted,
29515705,0568000,LOUISVILLE METRO POLICE DEPT,Accepted,JEFFERSON,,1619,NORRIS,PL,,,,,,,,38.226497594,-85.708004528,0.432,12/21/2021 12:00:00 AM,1506,2,2,0,1,CLEAR,DRY,False,1 VEHICLE ENTERING/LEAVING ENTRANCE,ANGLE,STRAIGHT & LEVEL,DAYLIGHT,,,12/30/2021 8:18:35 AM,False,5006,Accepted,
29515706,0568000,LOUISVILLE METRO POLICE DEPT,Accepted,JEFFERSON,I 0264,,,,,,,,,,,38.224864725,-85.643063084,0.014,12/21/2021 12:00:00 AM,1715,2,2,0,0,CLEAR,DRY,False,OTHER RAMP RELATED COLLISIONS NOT LISTED ABOVE,REAR END,STRAIGHT & LEVEL,DUSK,I 0264,KY1932,12/30/2021 8:18:38 AM,False,5006,Accepted,
29597343,0568000,LOUISVILLE METRO POLICE DEPT,Accepted,JEFFERSON,KY1865,,TAYLOR,BLVD,,,BLUEGRASS,,,,,38.179642773,-85.783268304,5.027,12/21/2021 12:00:00 AM,1804,2,1,0,1,CLEAR,DRY,False,COLLISION WITH PEDESTRIAN IN INTERSECTION,SINGLE VEHICLE,STRAIGHT & LEVEL,DARK-HWY LIGHTED/ON,,,1/18/2022 8:07:56 AM,False,7963,Accepted,
29487611,0568000,LOUISVILLE METRO POLICE DEPT,Accepted,JEFFERSON,,,CECIL,AVE,,,BROADWAY,,,,,38.249973678,-85.820640653,0.697,12/21/2021 12:00:00 AM,0111,2,2,0,0,CLEAR,DRY,False,ANGLE COLLISION - ONE VEHICLE TURNING LEFT,ANGLE,STRAIGHT & LEVEL,DARK-HWY LIGHTED/ON,,,12/21/2021 8:11:29 AM,False,5298,Accepted,
29491472,0565000,LYNDON POLICE DEPARTMENT,Accepted,JEFFERSON,US0060,,SHELBYVILLE,RD,,KY1747,HURSTBOURNE,,,,,38.246391652,-85.576793139,7.857,12/21/2021 12:00:00 AM,0710,2,2,0,0,CLOUDY,DRY,False,OTHER INTERSECTION COLLISIONS,REAR END,STRAIGHT & LEVEL,DARK-HWY LIGHTED/ON,,,12/22/2021 7:11:40 AM,False,1349,Accepted,
29491781,0560300,ST. MATTHEWS POLICE DEPARTMENT,Accepted,JEFFERSON,I 0264,,,,,,,,,,,38.250134459,-85.618471092,0.091,12/21/2021 12:00:00 AM,1757,2,2,0,0,CLEAR,DRY,False,OTHER RAMP RELATED COLLISIONS NOT LISTED ABOVE,REAR END,STRAIGHT & GRADE,DARK-HWY LIGHTED/ON,I 0264,US0060,12/22/2021 8:34:54 AM,False,9150,Accepted,
29495309,0568000,LOUISVILLE METRO POLICE DEPT,Accepted,JEFFERSON,,4723,UNSELD,BLVD,,,,,,,,38.180636944,-85.674107606,0.626,12/21/2021 12:00:00 AM,0643,1,1,0,1,CLEAR,DRY,False,OTHER COLLISIONS ON SHOULDER,SINGLE VEHICLE,STRAIGHT & LEVEL,DARK (UNKNOWN ROADWAY LIGHTING),,,12/23/2021 7:24:53 AM,False,4693,Accepted,
29504229,0568000,LOUISVILLE METRO POLICE DEPT,Accepted,JEFFERSON,KY1865,,TAYLOR,BLVD,,,BICKNELL,,,,,38.183124773,-85.783780229,5.287,12/21/2021 12:00:00 AM,1154,2,2,0,0,CLEAR,DRY,False,SIDESWIPE-SAME DIRECTION,SIDESWIPE-SAME DIRECTION,STRAIGHT & LEVEL,DAYLIGHT,,,12/27/2021 8:35:49 AM,False,5123,Accepted,
29549450,0568000,LOUISVILLE METRO POLICE DEPT,Accepted,JEFFERSON,US0031W,,DIXIE,HWY,,,,,WELLS,,TEXTILE,38.147870371,-85.837875119,11.930,12/21/2021 12:00:00 AM,1752,3,3,0,1,CLEAR,DRY,False,REAR END IN TRAFFIC LANES BOTH VEHICLES MOVING,REAR END,STRAIGHT & LEVEL,DARK-HWY LIGHTED/ON,,,1/10/2022 8:35:12 AM,False,7817,Accepted,
29618289,0568000,LOUISVILLE METRO POLICE DEPT,Accepted,JEFFERSON,KY0146,,LA GRANGE,RD,,,,I 0265,I265 N EXIT30 ON RAMP FROM KY146,,FACTORY,38.288319187,-85.513339823,7.474,12/20/2021 12:00:00 AM,1720,2,2,0,0,CLEAR,DRY,False,REAR END IN TRAFFIC LANES BOTH VEHICLES MOVING,REAR END,STRAIGHT & LEVEL,DAYLIGHT,,,1/24/2022 8:33:31 AM,False,7802,Accepted,
29504244,0568000,LOUISVILLE METRO POLICE DEPT,Accepted,JEFFERSON,US0031,,CLARK MEMORIAL,BRG,,,,,,,,38.259886131,-85.752511372,0.255,12/20/2021 12:00:00 AM,1900,2,2,0,1,CLEAR,DRY,True,SIDESWIPE COLLISION - SAME DIRECTION,SIDESWIPE-SAME DIRECTION,STRAIGHT & GRADE,DARK-HWY LIGHTED/ON,,,12/27/2021 8:36:39 AM,False,2661,Accepted,
29487619,0568000,LOUISVILLE METRO POLICE DEPT,Accepted,JEFFERSON,,,PLANTSIDE,DR,,,EARL JONES,,,,,38.208734544,-85.518476918,3.815,12/20/2021 12:00:00 AM,2328,1,1,0,0,CLEAR,DRY,False,COLLISION WITH FIXED OBJECT IN INTERSECTION - FIRST EVENT COLLISION 09 - 32,SINGLE VEHICLE,STRAIGHT & LEVEL,DARK-HWY LIGHTED/ON,,,12/21/2021 8:11:55 AM,False,7440,Accepted,
29487594,0568000,LOUISVILLE METRO POLICE DEPT,Accepted,JEFFERSON,I 0264,,I264 E,,,,,,,,,38.228224843,-85.636234523,17.914,12/20/2021 12:00:00 AM,1637,2,2,0,0,CLEAR,DRY,True,REAR END IN TRAFFIC LANES BOTH VEHICLES MOVING,REAR END,STRAIGHT & LEVEL,DAYLIGHT,,,12/21/2021 8:10:19 AM,False,7306,Accepted,
29487602,0568000,LOUISVILLE METRO POLICE DEPT,Accepted,JEFFERSON,KY1447,,WESTPORT,RD,,,,KY1747,HURSTBOURNE,KY1747,HURSTBOURNE,38.287565425,-85.571724952,5.240,12/20/2021 12:00:00 AM,1740,2,2,0,0,CLEAR,DRY,False,VEHICLE BACKING NON INTERSECTION,BACKING,STRAIGHT & LEVEL,DARK-HWY NOT LIGHTED,,,12/21/2021 8:10:37 AM,False,6406,Accepted,
29486635,0561000,JEFFERSONTOWN POLICE DEPT,Accepted,JEFFERSON,I 0064,,,,,,,,,,,38.224598938,-85.578267624,0.552,12/20/2021 12:00:00 AM,2200,3,3,0,0,CLEAR,DRY,False,OTHER RAMP RELATED COLLISIONS NOT LISTED ABOVE,ANGLE,STRAIGHT & LEVEL,DARK-HWY LIGHTED/ON,I 0064,KY1747,12/21/2021 12:34:37 AM,False,8226,Accepted,
29483374,0568000,LOUISVILLE METRO POLICE DEPT,Accepted,JEFFERSON,I 0064,,I64 E,,,,,I 0064,I64 E EXIT3 ON RAMP FROM US31W,I 0064,I64 E EXIT4 OFF RAMP TO US31W,38.266410675,-85.779233888,3.400,12/20/2021 12:00:00 AM,0542,1,1,0,1,CLEAR,ICE,False,OTHER ROADWAY OR MID-BLOCK COLLISION,SINGLE VEHICLE,STRAIGHT & LEVEL,DARK (UNKNOWN ROADWAY LIGHTING),,,12/20/2021 8:44:39 AM,False,5311,Accepted,
29483359,0568000,LOUISVILLE METRO POLICE DEPT,Accepted,JEFFERSON,KY1932,,BRECKENRIDGE,LN,,KY0155,TAYLORSVILLE,,,,,38.220140281,-85.630516957,2.868,12/20/2021 12:00:00 AM,0052,3,3,0,0,CLEAR,DRY,False,ANGLE COLLISION - OTHER,ANGLE,STRAIGHT & LEVEL,DARK-HWY LIGHTED/ON,,,12/20/2021 8:43:33 AM,False,5300,Accepted,
29508496,0568000,LOUISVILLE METRO POLICE DEPT,Accepted,JEFFERSON,US0031E,3408,BARDSTOWN,RD,,,,,,,,38.204926304,-85.666209476,11.518,12/20/2021 12:00:00 AM,1622,1,1,0,0,CLEAR,DRY,False,COLLISION IN PARKING LOT,SINGLE VEHICLE,STRAIGHT & LEVEL,DAYLIGHT,,,12/28/2021 8:18:43 AM,False,5288,Accepted,
29508487,0568000,LOUISVILLE METRO POLICE DEPT,Accepted,JEFFERSON,,,SHEPHERDSVILLE,RD,,,,,,,,38.138188692,-85.657761553,0.056,12/20/2021 12:00:00 AM,1010,2,2,0,0,CLEAR,DRY,False,1 VEHICLE ENTERING/LEAVING ENTRANCE,ANGLE,STRAIGHT & LEVEL,DAYLIGHT,,,12/28/2021 8:17:55 AM,False,2738,Accepted,
29504242,0568000,LOUISVILLE METRO POLICE DEPT,Accepted,JEFFERSON,I 0264,,I264 W,,,,,I 0264,I264 W EXIT4 ON RAMP FROM KY2056,I 0264,I264 W EXIT3 OFF RAMP TO  DUMESNIL ST,38.234361576,-85.818871496,3.188,12/20/2021 12:00:00 AM,1305,2,2,0,0,CLEAR,DRY,False,REAR END IN TRAFFIC LANES BOTH VEHICLES MOVING,REAR END,STRAIGHT & GRADE,DAYLIGHT,,,12/27/2021 8:36:32 AM,False,7656,Accepted,
29504216,0568000,LOUISVILLE METRO POLICE DEPT,Accepted,JEFFERSON,,,POWELL,AVE,,,,,,,,38.198308908,-85.790177864,0.175,12/20/2021 12:00:00 AM,1351,2,2,0,0,CLEAR,DRY,False,1 VEHICLE ENTERING OR LEAVING PARKED POSITION (NOT PARKING LOT),SIDESWIPE-SAME DIRECTION,STRAIGHT & LEVEL,DAYLIGHT,,,12/27/2021 8:34:55 AM,False,5287,Accepted,
29504232,0568000,LOUISVILLE METRO POLICE DEPT,Accepted,JEFFERSON,I 0064,,I64 E,,,,,,,,,38.260999999,-85.770015420,3.728,12/20/2021 12:00:00 AM,0542,1,1,0,2,CLEAR,ICE,False,OTHER ROADWAY OR MID-BLOCK COLLISION,SINGLE VEHICLE,CURVE & LEVEL,DARK-HWY LIGHTED/ON,,,12/27/2021 8:36:01 AM,False,5354,Accepted,