IncidentID,AgencyORI,AgencyName,IncidentStatusDesc,County,RdwyNumber,Street,RoadwayName,StreetSfx,StreetDir,IntersectionRdwy,IntersectionRdwyName,BetweenStRdwy1,BetweenStRdwyName1,BetweenStRdwy2,BetweenStRdwyName2,Latitude,Longitude,Milepoint,CollisionDate,CollisionTime,UnitsInvolved,MotorVehiclesInvolved,NumberKilled,NumberInjured,Weather,RdwyConditionCode,HitandRun,DirAnalysisCode,MannerofCollision,RdwyCharacter,LightCondition,RampFromRdwyId,RampToRdwyId,AcceptedDate,IsSecondaryCollision,OwnerBadge,IncidentStatus,
29487581,0560300,ST. MATTHEWS POLICE DEPARTMENT,Accepted,JEFFERSON,US0060,5000,SHELBYVILLE,RD,,,,,,,,38.250179445,-85.623624610,5.302,12/20/2021 12:00:00 AM,1305,2,2,0,0,CLEAR,DRY,False,COLLISION IN PARKING LOT,SIDESWIPE-SAME DIRECTION,STRAIGHT & LEVEL,DAYLIGHT,,,12/21/2021 8:09:10 AM,False,9155,Accepted,
29487587,0568000,LOUISVILLE METRO POLICE DEPT,Accepted,JEFFERSON,,,DEL RIO,PL,,,,,,,,38.215139917,-85.654222079,0.048,12/20/2021 12:00:00 AM,0957,3,3,0,0,CLEAR,DRY,False,1 VEHICLE ENTERING OR LEAVING PARKED POSITION (NOT PARKING LOT),ANGLE,CURVE & LEVEL,DAYLIGHT,,,12/21/2021 8:09:46 AM,False,4693,Accepted,
29487588,0568000,LOUISVILLE METRO POLICE DEPT,Accepted,JEFFERSON,,,NACHAND,LN,,,,,,,,38.191786671,-85.615309529,0.631,12/20/2021 12:00:00 AM,0926,1,1,0,0,CLEAR,DRY,False,OTHER COLLISIONS ON SHOULDER,SINGLE VEHICLE,CURVE & LEVEL,DAYLIGHT,,,12/21/2021 8:09:50 AM,False,4693,Accepted,
29487589,0568000,LOUISVILLE METRO POLICE DEPT,Accepted,JEFFERSON,,416,LONG RUN,RD,,,,,,,,38.243224543,-85.425510075,0.913,12/20/2021 12:00:00 AM,1250,1,1,0,0,CLEAR,DRY,False,COLLISION WITH ANIMAL NON INTERSECTION,SINGLE VEHICLE,STRAIGHT & LEVEL,DAYLIGHT,,,12/21/2021 8:09:54 AM,False,6334,Accepted,
29487595,0568000,LOUISVILLE METRO POLICE DEPT,Accepted,JEFFERSON,,1200,CAMDEN,AVE,,,,,,,,38.193015675,-85.771284830,0.161,12/20/2021 12:00:00 AM,1106,2,2,0,0,CLEAR,DRY,False,1 VEHICLE PARKED POSITION (NOT PARKING LOT/DRIVEWAY),SIDESWIPE-SAME DIRECTION,STRAIGHT & LEVEL,DAYLIGHT,,,12/21/2021 8:10:23 AM,False,5405,Accepted,
29487596,0568000,LOUISVILLE METRO POLICE DEPT,Accepted,JEFFERSON,,,NOLTEMEYER WYNDE,,,KY1065,OUTER,,,,,38.140081615,-85.680341634,0.134,12/20/2021 12:00:00 AM,1732,2,2,0,0,CLEAR,DRY,False,ANGLE COLLISION - OTHER,ANGLE,STRAIGHT & LEVEL,DARK-HWY LIGHTED/ON,,,12/21/2021 8:10:27 AM,False,5314,Accepted,
29487604,0568000,LOUISVILLE METRO POLICE DEPT,Accepted,JEFFERSON,KY0907,5414,VALLEY STATION,RD,,,,,,,,38.106495955,-85.863619593,0.187,12/20/2021 12:00:00 AM,2020,2,2,0,0,CLEAR,DRY,True,1 VEHICLE ENTERING/LEAVING ENTRANCE,ANGLE,STRAIGHT & LEVEL,DARK-HWY NOT LIGHTED,,,12/21/2021 8:10:46 AM,False,5033,Accepted,
29487605,0568000,LOUISVILLE METRO POLICE DEPT,Accepted,JEFFERSON,,,36TH,ST,S,,BROADWAY,,,,,38.249998363,-85.811269944,0.477,12/20/2021 12:00:00 AM,2154,3,3,0,0,CLEAR,DRY,False,ANGLE COLLISION - OTHER,ANGLE,STRAIGHT & LEVEL,DARK-HWY LIGHTED/ON,,,12/21/2021 8:10:51 AM,False,5285,Accepted,
29487606,0568000,LOUISVILLE METRO POLICE DEPT,Accepted,JEFFERSON,KY1931,,GREENWOOD,RD,,,ALYSSUM,,,,,38.144088976,-85.851964017,2.458,12/20/2021 12:00:00 AM,2236,2,2,0,0,CLEAR,DRY,True,ANGLE COLLISION - OTHER,ANGLE,STRAIGHT & LEVEL,DARK-HWY NOT LIGHTED,,,12/21/2021 8:10:56 AM,False,7992,Accepted,
29504167,0568000,LOUISVILLE METRO POLICE DEPT,Accepted,JEFFERSON,I 0264,,I264 E,,,,,,,,,38.224389429,-85.644183141,17.406,12/20/2021 12:00:00 AM,1601,2,2,0,0,CLEAR,DRY,False,REAR END IN TRAFFIC LANES BOTH VEHICLES MOVING,REAR END,STRAIGHT & GRADE,DAYLIGHT,,,12/27/2021 8:32:14 AM,False,8278,Accepted,
29504168,0568000,LOUISVILLE METRO POLICE DEPT,Accepted,JEFFERSON,I 0071,,I71 S,,,,,,,,,38.297175644,-85.625192025,6.399,12/20/2021 12:00:00 AM,1800,2,2,0,6,CLEAR,DRY,False,SIDESWIPE COLLISION - SAME DIRECTION,SIDESWIPE-SAME DIRECTION,CURVE & LEVEL,DARK-HWY NOT LIGHTED,,,12/27/2021 8:32:18 AM,False,8278,Accepted,
29504188,0568000,LOUISVILLE METRO POLICE DEPT,Accepted,JEFFERSON,I 0065,,I65 S,,,,,,,,,38.265958728,-85.744332561,136.990,12/20/2021 12:00:00 AM,1800,2,2,0,2,CLEAR,DRY,False,REAR END IN TRAFFIC LANES BOTH VEHICLES MOVING,REAR END,STRAIGHT & LEVEL,DARK-HWY LIGHTED/ON,,,12/27/2021 8:33:34 AM,False,6360,Accepted,
29487616,0568000,LOUISVILLE METRO POLICE DEPT,Accepted,JEFFERSON,,,TOWNE CENTER,DR,,,,,,,,38.300303695,-85.558428527,0.403,12/20/2021 12:00:00 AM,2214,2,2,0,0,CLEAR,DRY,True,1 VEHICLE ENTERING/LEAVING ENTRANCE,ANGLE,STRAIGHT & LEVEL,DARK-HWY LIGHTED/ON,,,12/21/2021 8:11:44 AM,False,7475,Accepted,
29487608,0568000,LOUISVILLE METRO POLICE DEPT,Accepted,JEFFERSON,,,LIBERTY,ST,E,,,,,,,38.250789233,-85.741408871,0.607,12/20/2021 12:00:00 AM,2130,3,3,0,0,CLEAR,DRY,True,1 VEHICLE PARKED POSITION (NOT PARKING LOT/DRIVEWAY),SIDESWIPE-SAME DIRECTION,STRAIGHT & LEVEL,DARK-HWY LIGHTED/ON,,,12/21/2021 8:11:10 AM,False,5122,Accepted,
29487609,0568000,LOUISVILLE METRO POLICE DEPT,Accepted,JEFFERSON,,,NORTON HEALTHCARE,BLVD,,,VON ALLMEN,,,,,38.312646546,-85.572571412,0.181,12/20/2021 12:00:00 AM,1558,2,2,0,0,CLEAR,DRY,False,ANGLE COLLISION - OTHER,ANGLE,STRAIGHT & LEVEL,DAYLIGHT,,,12/21/2021 8:11:16 AM,False,7369,Accepted,
29483372,0568000,LOUISVILLE METRO POLICE DEPT,Accepted,JEFFERSON,I 0064,,I64 E,,,,,,,,,38.260253474,-85.768506072,3.830,12/20/2021 12:00:00 AM,0545,2,2,0,0,CLEAR,ICE,False,HEAD-ON COLLISION,HEAD ON,STRAIGHT & LEVEL,DARK-HWY LIGHTED/ON,,,12/20/2021 8:44:30 AM,False,5341,Accepted,
29487583,0568000,LOUISVILLE METRO POLICE DEPT,Accepted,JEFFERSON,KY0907,,SOUTHSIDE,DR,,,,,WOODMORE,,WOODMORE,38.149706443,-85.770198271,6.705,12/20/2021 12:00:00 AM,1249,2,2,0,0,CLEAR,DRY,False,REAR END IN TRAFFIC LANES BOTH VEHICLES MOVING,REAR END,STRAIGHT & LEVEL,DAYLIGHT,,,12/21/2021 8:09:20 AM,False,7232,Accepted,
29487584,0568000,LOUISVILLE METRO POLICE DEPT,Accepted,JEFFERSON,KY0146,,LA GRANGE,RD,,I 0265,I265 S EXIT30 OFF RAMP KY146 TO,,,,,38.288173433,-85.513422165,7.455,12/20/2021 12:00:00 AM,1112,2,2,0,1,CLEAR,DRY,False,SIDESWIPE-SAME DIRECTION,SIDESWIPE-SAME DIRECTION,STRAIGHT & LEVEL,DAYLIGHT,,,12/21/2021 8:09:28 AM,False,7876,Accepted,
29487585,0568000,LOUISVILLE METRO POLICE DEPT,Accepted,JEFFERSON,KY1020,,SOUTHERN,PKWY,,,FLORENCE,,,,,38.191149118,-85.766721074,8.483,12/20/2021 12:00:00 AM,1332,2,2,0,0,CLEAR,DRY,True,OPPOSING LEFT TURN,OPPOSING LEFT TURN,STRAIGHT & LEVEL,DAYLIGHT,,,12/21/2021 8:09:32 AM,False,7872,Accepted,
29487591,0568000,LOUISVILLE METRO POLICE DEPT,Accepted,JEFFERSON,KY1932,3100BLK,BRECKENRIDGE,LN,,,,,,,,38.215715357,-85.627235000,2.509,12/20/2021 12:00:00 AM,1440,2,2,0,2,CLEAR,DRY,False,1 VEHICLE ENTERING/LEAVING ENTRANCE,ANGLE,STRAIGHT & GRADE,DAYLIGHT,,,12/21/2021 8:10:04 AM,False,5204,Accepted,
29487593,0568000,LOUISVILLE METRO POLICE DEPT,Accepted,JEFFERSON,US0031W,,DIXIE,HWY,,,MARYMAN,,,,,38.132717139,-85.846233264,10.728,12/20/2021 12:00:00 AM,1130,2,2,0,0,CLEAR,DRY,False,OPPOSING LEFT TURN,OPPOSING LEFT TURN,STRAIGHT & LEVEL,DAYLIGHT,,,12/21/2021 8:10:13 AM,False,7144,Accepted,
29495353,0568000,LOUISVILLE METRO POLICE DEPT,Accepted,JEFFERSON,US0031E,,BARDSTOWN,RD,,,COLONEL HANCOCK,,,,,38.130439320,-85.577370483,4.088,12/20/2021 12:00:00 AM,0708,4,4,0,2,CLEAR,DRY,False,ANGLE COLLISION - OTHER,ANGLE,STRAIGHT & LEVEL,DAYLIGHT,,,12/23/2021 7:27:18 AM,False,7628,Accepted,
29484843,0565000,LYNDON POLICE DEPARTMENT,Accepted,JEFFERSON,KY1447,,WESTPORT,RD,,,,,ORMSBY,,EAGLE NEST,38.274453059,-85.608324393,3.060,12/19/2021 12:00:00 AM,1511,2,2,0,0,CLEAR,DRY,False,REAR END IN TRAFFIC LANES BOTH VEHICLES MOVING,REAR END,STRAIGHT & GRADE,DAYLIGHT,,,12/20/2021 3:01:42 PM,False,1372,Accepted,
29483338,0568000,LOUISVILLE METRO POLICE DEPT,Accepted,JEFFERSON,,,LIBERTY,ST,E,,BROOK,,,,,38.252356357,-85.750633224,0.086,12/19/2021 12:00:00 AM,0140,2,2,0,0,CLEAR,DRY,False,ANGLE COLLISION - OTHER,ANGLE,STRAIGHT & LEVEL,DARK-HWY LIGHTED/ON,,,12/20/2021 8:41:37 AM,False,5311,Accepted,
29483373,0568000,LOUISVILLE METRO POLICE DEPT,Accepted,JEFFERSON,,,JEFFERSON,ST,E,,1ST,,,,,38.253379216,-85.752176233,1.042,12/19/2021 12:00:00 AM,2309,2,2,0,2,CLEAR,DRY,False,ANGLE COLLISION - OTHER,ANGLE,STRAIGHT & LEVEL,DARK-HWY LIGHTED/ON,,,12/20/2021 8:44:34 AM,False,5367,Accepted,
29483353,0568000,LOUISVILLE METRO POLICE DEPT,Accepted,JEFFERSON,US0031W,,DIXIE,HWY,,,OAK PARK,,,,,38.135597638,-85.844437956,10.986,12/19/2021 12:00:00 AM,1751,2,2,0,1,CLEAR,DRY,False,ANGLE COLLISION - ONE VEHICLE TURNING LEFT,ANGLE,STRAIGHT & LEVEL,DARK-HWY NOT LIGHTED,,,12/20/2021 8:42:54 AM,False,2098,Accepted,
29483354,0568000,LOUISVILLE METRO POLICE DEPT,Accepted,JEFFERSON,,4701,3RD,ST,S,,,,,,,38.181567072,-85.766229334,1.319,12/19/2021 12:00:00 AM,0908,2,2,0,0,CLOUDY,DRY,True,COLLISION IN PARKING LOT,ANGLE,,DAYLIGHT,,,12/20/2021 8:42:59 AM,False,5230,Accepted,
29483355,0568000,LOUISVILLE METRO POLICE DEPT,Accepted,JEFFERSON,KY1865,,NEW CUT,RD,,,,,,,,38.144037884,-85.774762163,2.544,12/19/2021 12:00:00 AM,1558,2,2,0,0,CLOUDY,DRY,False,REAR END IN TRAFFIC LANES BOTH VEHICLES MOVING,REAR END,STRAIGHT & LEVEL,DAYLIGHT,,,12/20/2021 8:43:06 AM,False,7768,Accepted,
29483362,0568000,LOUISVILLE METRO POLICE DEPT,Accepted,JEFFERSON,,,JEANINE,DR,,,NORENE,,,,,38.166920653,-85.687787720,0.640,12/19/2021 12:00:00 AM,2311,2,2,0,0,CLEAR,DRY,False,HEAD-ON COLLISION,HEAD ON,STRAIGHT & LEVEL,DARK-HWY LIGHTED/ON,,,12/20/2021 8:43:47 AM,False,5328,Accepted,
29491563,0566900,LOUISVILLE AIRPORT POLICE,Accepted,JEFFERSON,,4651,AIRFREIGHT,DR,,,,,,,,38.184872195,-85.745121775,0.351,12/19/2021 12:00:00 AM,0300,1,1,0,0,CLEAR,DRY,False,COLLISION IN PARKING LOT,SINGLE VEHICLE,STRAIGHT & LEVEL,DAYLIGHT,,,12/22/2021 7:13:28 AM,False,5838,Accepted,
29504226,0568000,LOUISVILLE METRO POLICE DEPT,Accepted,JEFFERSON,,,BROADWAY,,W,,,,,,,38.249482117,-85.795521603,0.398,12/19/2021 12:00:00 AM,1219,2,2,0,0,CLEAR,DRY,False,1 VEHICLE ENTERING/LEAVING ENTRANCE,ANGLE,STRAIGHT & LEVEL,DAYLIGHT,,,12/27/2021 8:35:38 AM,False,5148,Accepted,
29504248,0568000,LOUISVILLE METRO POLICE DEPT,Accepted,JEFFERSON,US0031E,,BARDSTOWN,RD,,,,,,,,38.209748633,-85.670203580,11.909,12/19/2021 12:00:00 AM,1151,2,2,0,0,CLOUDY,DRY,False,REAR END IN TRAFFIC LANES BOTH VEHICLES MOVING,REAR END,STRAIGHT & LEVEL,DAYLIGHT,,,12/27/2021 8:36:53 AM,False,7200,Accepted,
29515704,0568000,LOUISVILLE METRO POLICE DEPT,Accepted,JEFFERSON,,,STRADER,AVE,,,CRAIG,,,,,38.191428848,-85.789837210,0.356,12/19/2021 12:00:00 AM,1148,2,2,0,1,CLEAR,DRY,False,ANGLE COLLISION - OTHER,ANGLE,STRAIGHT & LEVEL,DAYLIGHT,,,12/30/2021 8:18:31 AM,False,7360,Accepted,
29483358,0568000,LOUISVILLE METRO POLICE DEPT,Accepted,JEFFERSON,KY1865,,NEW CUT,RD,,,OLD NEW CUT,,,,,38.117623457,-85.775347061,0.609,12/19/2021 12:00:00 AM,2121,2,2,0,0,CLEAR,DRY,False,OTHER INTERSECTION COLLISIONS,REAR END,STRAIGHT & LEVEL,DAWN,,,12/20/2021 8:43:29 AM,False,5266,Accepted,
29483342,0568000,LOUISVILLE METRO POLICE DEPT,Accepted,JEFFERSON,,,DIXIE,HWY,,KY2054,ALGONQUIN,,,,,38.223131870,-85.792490414,1.866,12/19/2021 12:00:00 AM,1217,2,2,0,0,CLOUDY,DRY,False,OTHER INTERSECTION COLLISIONS,REAR END,STRAIGHT & LEVEL,DAYLIGHT,,,12/20/2021 8:41:54 AM,False,5355,Accepted,
29483343,0568000,LOUISVILLE METRO POLICE DEPT,Accepted,JEFFERSON,US0031E,,BARDSTOWN,RD,,,KENTUCKY,,,,,38.159652223,-85.591994388,6.262,12/19/2021 12:00:00 AM,0857,2,2,0,2,CLOUDY,DRY,False,ANGLE COLLISION - OTHER,ANGLE,STRAIGHT & LEVEL,DAYLIGHT,,,12/20/2021 8:41:59 AM,False,7755,Accepted,
29483344,0568000,LOUISVILLE METRO POLICE DEPT,Accepted,JEFFERSON,,,26TH,ST,S,,,,,,,38.253030807,-85.794523693,0.533,12/19/2021 12:00:00 AM,0635,2,2,0,0,CLEAR,DRY,False,1 VEHICLE ENTERING/LEAVING ENTRANCE,ANGLE,STRAIGHT & LEVEL,DARK-HWY NOT LIGHTED,,,12/20/2021 8:42:02 AM,False,5148,Accepted,
29483352,0568000,LOUISVILLE METRO POLICE DEPT,Accepted,JEFFERSON,,,CEDAR CREEK,RD,,,,,ADAIR CREEK,US0031E,BARDSTOWN,38.133996604,-85.581163630,0.094,12/19/2021 12:00:00 AM,1708,2,2,0,2,CLOUDY,DRY,False,HEAD-ON COLLISION,HEAD ON,CURVE & LEVEL,DUSK,,,12/20/2021 8:42:48 AM,False,6878,Accepted,
29483360,0568000,LOUISVILLE METRO POLICE DEPT,Accepted,JEFFERSON,,1526,CENTRAL,AVE,,,,,,,,38.213779822,-85.781829224,1.627,12/19/2021 12:00:00 AM,2000,2,2,0,0,CLEAR,DRY,True,1 VEHICLE PARKED POSITION (NOT PARKING LOT/DRIVEWAY),BACKING,STRAIGHT & LEVEL,DARK-HWY LIGHTED/ON,,,12/20/2021 8:43:40 AM,False,5389,Accepted,
29483367,0568000,LOUISVILLE METRO POLICE DEPT,Accepted,JEFFERSON,KY1065,,OUTER,LOOP,,KY0061,PRESTON,,,,,38.138482276,-85.686615259,6.065,12/19/2021 12:00:00 AM,2234,2,2,0,0,CLEAR,DRY,True,ANGLE COLLISION - OTHER,ANGLE,STRAIGHT & LEVEL,DARK-HWY LIGHTED/ON,,,12/20/2021 8:44:02 AM,False,5107,Accepted,
29483335,0568000,LOUISVILLE METRO POLICE DEPT,Accepted,JEFFERSON,US0042,1725,MELLWOOD,AVE,,,,,,,,38.258777188,-85.718260485,0.903,12/19/2021 12:00:00 AM,0230,1,1,0,1,CLEAR,DRY,False,COLLISION WITH FIXED OBJECT NON - INTERSECTION - FIRST EVENT COLLISION 09 - 32 EXCLUDING 16,SINGLE VEHICLE,STRAIGHT & LEVEL,DARK-HWY NOT LIGHTED,,,12/20/2021 8:41:25 AM,False,5330,Accepted,
29483333,0568000,LOUISVILLE METRO POLICE DEPT,Accepted,JEFFERSON,I 0264,,I264 W,,,,,I 0264,I264 W EXIT18 ON RAMP FROM KY1932,I 0264,I264 W EXIT18A OFF RAMP TO KY1932 S,38.228698835,-85.635827111,17.931,12/19/2021 12:00:00 AM,0315,2,2,0,0,CLEAR,DRY,True,SIDESWIPE COLLISION - SAME DIRECTION,SIDESWIPE-SAME DIRECTION,STRAIGHT & LEVEL,DARK-HWY LIGHTED/ON,,,12/20/2021 8:41:16 AM,False,2816,Accepted,
29572122,0568000,LOUISVILLE METRO POLICE DEPT,Accepted,JEFFERSON,I 0265,,,,,,,,,,,38.119118054,-85.638600931,0.018,12/19/2021 12:00:00 AM,2155,2,2,0,0,CLEAR,DRY,False,COLLISION WITH FIXED OBJECT NOT IN GORE ,ANGLE,CURVE & GRADE,DARK-HWY LIGHTED/ON,I 0265,COOPER CHAPEL RD,1/11/2022 8:08:39 AM,True,5198,Accepted,
29526239,0568000,LOUISVILLE METRO POLICE DEPT,Accepted,JEFFERSON,KY1727,,TERRY,RD,,,,,,,,38.178056364,-85.861803281,4.052,12/19/2021 12:00:00 AM,1519,2,2,0,0,CLOUDY,DRY,False,1 VEHICLE ENTERING/LEAVING ENTRANCE,ANGLE,STRAIGHT & LEVEL,DAYLIGHT,,,1/3/2022 7:46:11 AM,False,7244,Accepted,
29618287,0568000,LOUISVILLE METRO POLICE DEPT,Accepted,JEFFERSON,KY3064,2906,PORTLAND,AVE,,,,,,,,38.273016805,-85.795421266,0.770,12/19/2021 12:00:00 AM,1900,2,2,0,0,CLEAR,DRY,True,1 VEHICLE ENTERING/LEAVING ENTRANCE,ANGLE,STRAIGHT & LEVEL,DARK (UNKNOWN ROADWAY LIGHTING),,,1/24/2022 8:33:28 AM,False,7191,Accepted,
29512271,0568000,LOUISVILLE METRO POLICE DEPT,Accepted,JEFFERSON,,3400,RIVER PARK,DR,,,,,,,,38.254455278,-85.807524029,1.064,12/19/2021 12:00:00 AM,1300,2,2,0,0,CLEAR,DRY,False,SIDESWIPE COLLISION - SAME DIRECTION,SIDESWIPE-SAME DIRECTION,STRAIGHT & LEVEL,DAYLIGHT,,,12/29/2021 8:12:33 AM,False,7469,Accepted,
29526347,0568000,LOUISVILLE METRO POLICE DEPT,Accepted,JEFFERSON,I 0064,,I64 W,,,,,,,,,38.223116952,-85.514023882,18.465,12/18/2021 12:00:00 AM,0853,4,4,0,2,RAINING,WET,False,1 VEHICLE ENTERING/LEAVING ENTRANCE,ANGLE,STRAIGHT & GRADE,DAYLIGHT,,,1/3/2022 7:57:24 AM,False,7720,Accepted,
29512276,0568000,LOUISVILLE METRO POLICE DEPT,Accepted,JEFFERSON,,3147,RIVER PARK,DR,,,,,,,,38.254146685,-85.804671613,1.211,12/18/2021 12:00:00 AM,0824,1,1,0,0,CLOUDY,WET,False,OTHER ROADWAY OR MID-BLOCK COLLISION,SINGLE VEHICLE,CURVE & GRADE,DAYLIGHT,,,12/29/2021 8:12:53 AM,False,5251,Accepted,
29515709,0568000,LOUISVILLE METRO POLICE DEPT,Accepted,JEFFERSON,I 0064,,I64 W,,,,,I 0064,I64 W EXIT137 RAMP TO I64 W,I 0064,I64 S EXIT137 RAMP TO I64 W,38.259903580,-85.742130267,5.108,12/18/2021 12:00:00 AM,0910,1,1,0,0,RAINING,WET,False,OTHER ROADWAY OR MID-BLOCK COLLISION,SINGLE VEHICLE,CURVE & LEVEL,DAYLIGHT,,,12/30/2021 8:18:47 AM,False,7058,Accepted,
29483285,0568000,LOUISVILLE METRO POLICE DEPT,Accepted,JEFFERSON,US0031W,,DIXIE,HWY,,US0031W,US31W RAMP TO KY1934,,,,,38.094167598,-85.874891342,7.619,12/18/2021 12:00:00 AM,0153,1,1,0,1,CLEAR,WET,False,COLLISION WITH FIXED OBJECT IN INTERSECTION - FIRST EVENT COLLISION 09 - 32,SINGLE VEHICLE,STRAIGHT & LEVEL,DARK-HWY LIGHTED/ON,,,12/20/2021 8:37:59 AM,False,5121,Accepted,
29479657,0561000,JEFFERSONTOWN POLICE DEPT,Accepted,JEFFERSON,KY1747,,HURSTBOURNE,PKWY,S,,,I 0064,I64 E EXIT15B OFF RAMP TO KY1747,I 0064,I64 E EXIT15 ON RAMP FROM KY1747,38.221736140,-85.579537218,11.779,12/18/2021 12:00:00 AM,1239,2,2,0,0,RAINING,WET,False,OTHER ROADWAY OR MID-BLOCK COLLISION,REAR END,STRAIGHT & LEVEL,DAYLIGHT,,,12/19/2021 12:24:33 AM,False,8278,Accepted,
29483341,0568000,LOUISVILLE METRO POLICE DEPT,Accepted,JEFFERSON,,,ROBBS,LN,,KY1065,OUTER,,,,,38.138013350,-85.665255144,0.009,12/18/2021 12:00:00 AM,1430,2,2,0,0,RAINING,WET,False,ANGLE COLLISION - OTHER,ANGLE,STRAIGHT & LEVEL,DAYLIGHT,,,12/20/2021 8:41:51 AM,False,7989,Accepted,
29483292,0568000,LOUISVILLE METRO POLICE DEPT,Accepted,JEFFERSON,KY0864,,POPLAR LEVEL,RD,,,LINCOLN,,,,,38.196542455,-85.707736451,11.433,12/18/2021 12:00:00 AM,0500,2,2,0,0,RAINING,WET,False,OTHER INTERSECTION COLLISIONS,REAR END,STRAIGHT & GRADE,DARK-HWY LIGHTED/ON,,,12/20/2021 8:38:43 AM,False,5391,Accepted,
29483324,0568000,LOUISVILLE METRO POLICE DEPT,Accepted,JEFFERSON,I 0065,,I65 S,,,,,,,,,38.261499534,-85.742114551,136.656,12/18/2021 12:00:00 AM,1224,4,4,0,1,CLOUDY,WET,False,REAR END IN TRAFFIC LANES BOTH VEHICLES MOVING,REAR END,STRAIGHT & LEVEL,DAYLIGHT,,,12/20/2021 8:40:38 AM,False,5375,Accepted,
29483332,0568000,LOUISVILLE METRO POLICE DEPT,Accepted,JEFFERSON,,,BARRET,AVE,,,SUMMIT,,,,,38.228050461,-85.721750512,1.628,12/18/2021 12:00:00 AM,1940,2,2,0,0,CLEAR,DRY,False,ANGLE COLLISION - OTHER,ANGLE,STRAIGHT & LEVEL,DARK-HWY LIGHTED/ON,,,12/20/2021 8:41:11 AM,False,7488,Accepted,
29483283,0568000,LOUISVILLE METRO POLICE DEPT,Accepted,JEFFERSON,KY1142,,PALATKA,RD,,,SANDERS GATE,,,,,38.152886585,-85.791186082,0.629,12/18/2021 12:00:00 AM,0007,2,2,0,0,RAINING,WET,False,OTHER INTERSECTION COLLISIONS,REAR END,STRAIGHT & LEVEL,DARK-HWY LIGHTED/ON,,,12/20/2021 8:37:49 AM,False,5170,Accepted,
29483316,0568000,LOUISVILLE METRO POLICE DEPT,Accepted,JEFFERSON,US0031W,,DIXIE,HWY,,KY1849,MOORMAN,,,,,38.085421689,-85.879882856,6.933,12/18/2021 12:00:00 AM,1359,2,2,0,2,CLOUDY,WET,False,ANGLE COLLISION - OTHER,ANGLE,STRAIGHT & LEVEL,DAYLIGHT,,,12/20/2021 8:40:11 AM,False,2936,Accepted,
29483307,0568000,LOUISVILLE METRO POLICE DEPT,Accepted,JEFFERSON,US0060A,,EASTERN,PKWY,,,KESWICK,,,,,38.217621778,-85.737547257,4.919,12/18/2021 12:00:00 AM,0940,2,2,0,0,CLOUDY,WET,False,OTHER INTERSECTION COLLISIONS,REAR END,STRAIGHT & LEVEL,DAYLIGHT,,,12/20/2021 8:39:38 AM,False,5120,Accepted,
29483299,0568000,LOUISVILLE METRO POLICE DEPT,Accepted,JEFFERSON,US0031W,,22ND,ST,S,,,,,,,38.236506436,-85.790350670,18.656,12/18/2021 12:00:00 AM,0220,1,1,0,0,CLEAR,WET,False,COLLISION WITH FIXED OBJECT NON - INTERSECTION - FIRST EVENT COLLISION 09 - 32 EXCLUDING 16,SINGLE VEHICLE,STRAIGHT & GRADE,DARK-HWY LIGHTED/ON,,,12/20/2021 8:39:08 AM,False,5386,Accepted,
29483301,0568000,LOUISVILLE METRO POLICE DEPT,Accepted,JEFFERSON,I 0071,,,,,,,,,,,38.316469512,-85.578759600,0.153,12/18/2021 12:00:00 AM,0827,1,1,0,1,RAINING,WET,False,OTHER RAMP RELATED COLLISIONS NOT LISTED ABOVE,SINGLE VEHICLE,STRAIGHT & LEVEL,DAYLIGHT,I 0071,KY0841,12/20/2021 8:39:18 AM,False,2346,Accepted,
29483336,0568000,LOUISVILLE METRO POLICE DEPT,Accepted,JEFFERSON,US0060A,,TAYLOR,BLVD,,,OLEANDA,,,,,38.201528154,-85.782218549,1.853,12/18/2021 12:00:00 AM,2335,2,2,0,1,CLEAR,DRY,True,COLLISION WITH PARKED VEHICLE,ANGLE,CURVE & LEVEL,DARK-HWY LIGHTED/ON,,,12/20/2021 8:41:29 AM,False,5267,Accepted,
29483366,0568000,LOUISVILLE METRO POLICE DEPT,Accepted,JEFFERSON,KY0061,,PRESTON,HWY,,,OKOLONA,,,,,38.136716474,-85.685710994,3.826,12/18/2021 12:00:00 AM,2003,2,2,0,1,CLEAR,DRY,False,ANGLE COLLISION - ONE VEHICLE TURNING LEFT,ANGLE,STRAIGHT & LEVEL,DARK-HWY LIGHTED/ON,,,12/20/2021 8:43:56 AM,False,5264,Accepted,
29483368,0568000,LOUISVILLE METRO POLICE DEPT,Accepted,JEFFERSON,KY1931,,ST ANDREWS CHURCH,RD,,,,,,,,38.145730553,-85.831917314,3.613,12/18/2021 12:00:00 AM,1813,2,2,0,1,CLEAR,DRY,True,HEAD-ON COLLISION,HEAD ON,STRAIGHT & LEVEL,DUSK,,,12/20/2021 8:44:10 AM,False,5170,Accepted,