IncidentID,AgencyORI,AgencyName,IncidentStatusDesc,County,RdwyNumber,Street,RoadwayName,StreetSfx,StreetDir,IntersectionRdwy,IntersectionRdwyName,BetweenStRdwy1,BetweenStRdwyName1,BetweenStRdwy2,BetweenStRdwyName2,Latitude,Longitude,Milepoint,CollisionDate,CollisionTime,UnitsInvolved,MotorVehiclesInvolved,NumberKilled,NumberInjured,Weather,RdwyConditionCode,HitandRun,DirAnalysisCode,MannerofCollision,RdwyCharacter,LightCondition,RampFromRdwyId,RampToRdwyId,AcceptedDate,IsSecondaryCollision,OwnerBadge,IncidentStatus,
29483317,0568000,LOUISVILLE METRO POLICE DEPT,Accepted,JEFFERSON,I 0071,,,,,,,,,,,38.315537835,-85.585507301,0.177,12/18/2021 12:00:00 AM,1506,1,1,0,1,RAINING,WET,False,COLLISION WITH FIXED OBJECT NOT IN GORE ,SINGLE VEHICLE,CURVE & GRADE,DAYLIGHT,KY0841,I 0071,12/20/2021 8:40:14 AM,False,2346,Accepted,
29483318,0568000,LOUISVILLE METRO POLICE DEPT,Accepted,JEFFERSON,,,ZORN,AVE,,,MELLWOOD,,,,,38.273672249,-85.696171283,1.443,12/18/2021 12:00:00 AM,1450,2,2,0,0,CLOUDY,WET,False,ANGLE COLLISION - OTHER,ANGLE,STRAIGHT & LEVEL,DAYLIGHT,,,12/20/2021 8:40:18 AM,False,7128,Accepted,
29483319,0568000,LOUISVILLE METRO POLICE DEPT,Accepted,JEFFERSON,,,6TH,ST,S,,KENTUCKY,,,,,38.239886276,-85.762864197,1.192,12/18/2021 12:00:00 AM,1430,2,2,0,2,RAINING,WET,False,ANGLE COLLISION - OTHER,ANGLE,STRAIGHT & LEVEL,DAYLIGHT,,,12/20/2021 8:40:22 AM,False,5186,Accepted,
29483325,0568000,LOUISVILLE METRO POLICE DEPT,Accepted,JEFFERSON,I 0065,,,,,,,,,,,38.178076587,-85.720867304,0.273,12/18/2021 12:00:00 AM,0751,1,1,0,0,FOG WITH RAIN,WET,False,COLLISION WITH FIXED OBJECT NON - INTERSECTION - FIRST EVENT COLLISION 09 - 32 EXCLUDING 16,SINGLE VEHICLE,CURVE & LEVEL,DUSK,I 0065,GRADE LN,12/20/2021 8:40:44 AM,False,7341,Accepted,
29483334,0568000,LOUISVILLE METRO POLICE DEPT,Accepted,JEFFERSON,,1841,TAYLOR,AVE,,,,,,,,38.202454951,-85.702858074,1.081,12/18/2021 12:00:00 AM,2048,2,2,0,0,CLEAR,DRY,False,REAR END IN TRAFFIC LANES BOTH VEHICLES MOVING,REAR END,STRAIGHT & GRADE,DARK (UNKNOWN ROADWAY LIGHTING),,,12/20/2021 8:41:20 AM,False,5391,Accepted,
29483350,0568000,LOUISVILLE METRO POLICE DEPT,Accepted,JEFFERSON,KY1819,7101,BILLTOWN,RD,,,,,,,,38.149878004,-85.548402210,5.444,12/18/2021 12:00:00 AM,1131,2,2,0,1,RAINING,WET,False,1 VEHICLE ENTERING/LEAVING ENTRANCE,ANGLE,STRAIGHT & LEVEL,DAYLIGHT,,,12/20/2021 8:42:31 AM,False,7799,Accepted,
29483351,0568000,LOUISVILLE METRO POLICE DEPT,Accepted,JEFFERSON,US0042,,BROWNSBORO,RD,,,,,,,,38.260245259,-85.687015488,2.674,12/18/2021 12:00:00 AM,1440,2,2,0,0,RAINING,WET,False,SIDESWIPE COLLISION - SAME DIRECTION,SIDESWIPE-SAME DIRECTION,STRAIGHT & LEVEL,DAYLIGHT,,,12/20/2021 8:42:43 AM,False,7785,Accepted,
29495342,0568000,LOUISVILLE METRO POLICE DEPT,Accepted,JEFFERSON,I 0065,,I65 S,,,,,I 0065,I65 S EXIT132 ON RAMP FROM  CRITTENDEN DR,I 0065,I65 S EXIT132 OFF RAMP TO  CRITTENDEN DR,38.206813499,-85.749180273,132.425,12/18/2021 12:00:00 AM,1400,3,3,0,0,RAINING,WET,True,SIDESWIPE COLLISION - SAME DIRECTION,SIDESWIPE-SAME DIRECTION,CURVE & GRADE,DAYLIGHT,,,12/23/2021 7:26:41 AM,False,7116,Accepted,
29495343,0568000,LOUISVILLE METRO POLICE DEPT,Accepted,JEFFERSON,,,JEFFERSON,BLVD,,,BATES,,,,,38.140134857,-85.675038586,0.155,12/18/2021 12:00:00 AM,1350,2,2,0,0,CLOUDY,DRY,False,ANGLE COLLISION - OTHER,ANGLE,STRAIGHT & LEVEL,DAYLIGHT,,,12/23/2021 7:26:45 AM,False,2583,Accepted,
29495369,0568000,LOUISVILLE METRO POLICE DEPT,Accepted,JEFFERSON,,,WHISPERING HILLS,BLVD,,KY2052,SHEPHERDSVILLE,,,,,38.148607825,-85.659913552,,12/18/2021 12:00:00 AM,1207,2,2,0,0,RAINING,WET,False,SIDESWIPE-SAME DIRECTION,SIDESWIPE-SAME DIRECTION,STRAIGHT & LEVEL,DAYLIGHT,,,12/23/2021 7:28:12 AM,False,7812,Accepted,
29504139,0568000,LOUISVILLE METRO POLICE DEPT,Accepted,JEFFERSON,US0042,,BROWNSBORO,RD,,I 0264,I264 W EXIT22 ON RAMP FROM US42,,,,,38.279444811,-85.636688414,5.729,12/18/2021 12:00:00 AM,0853,1,1,0,0,CLOUDY,WET,False,COLLISION WITH FIXED OBJECT IN INTERSECTION - FIRST EVENT COLLISION 09 - 32,SINGLE VEHICLE,STRAIGHT & LEVEL,DAYLIGHT,,,12/27/2021 8:30:20 AM,False,2673,Accepted,
29483370,0568000,LOUISVILLE METRO POLICE DEPT,Accepted,JEFFERSON,US0031W,,DIXIE,HWY,,,KINGSFORD,,,,,38.172957120,-85.824914256,13.688,12/18/2021 12:00:00 AM,2317,2,2,0,2,CLEAR,DRY,False,ANGLE COLLISION - OTHER,ANGLE,STRAIGHT & LEVEL,DARK-HWY LIGHTED/ON,,,12/20/2021 8:44:15 AM,False,5170,Accepted,
29483289,0568000,LOUISVILLE METRO POLICE DEPT,Accepted,JEFFERSON,,7501,WATTERSON,TRL,S,,,,,,,38.151844400,-85.615119151,2.196,12/18/2021 12:00:00 AM,0420,1,1,0,0,FOG,WET,False,COLLISION WITH FIXED OBJECT NON - INTERSECTION - FIRST EVENT COLLISION 09 - 32 EXCLUDING 16,SINGLE VEHICLE,STRAIGHT & LEVEL,DARK-HWY NOT LIGHTED,,,12/20/2021 8:38:25 AM,False,5342,Accepted,
29483290,0568000,LOUISVILLE METRO POLICE DEPT,Accepted,JEFFERSON,KY1727,,TERRY,RD,,,RUTH,,,,,38.171506504,-85.866795179,3.521,12/18/2021 12:00:00 AM,0322,1,1,0,0,RAINING,WET,False,OTHER INTERSECTION COLLISIONS,SINGLE VEHICLE,CURVE & LEVEL,DARK-HWY LIGHTED/OFF,,,12/20/2021 8:38:30 AM,False,7365,Accepted,
29483305,0568000,LOUISVILLE METRO POLICE DEPT,Accepted,JEFFERSON,I 0064,,I64 E,,,,,,,,,38.219218690,-85.434505850,22.778,12/18/2021 12:00:00 AM,1017,2,2,0,2,CLOUDY,WET,True,REAR END IN TRAFFIC LANES BOTH VEHICLES MOVING,REAR END,STRAIGHT & LEVEL,DAYLIGHT,,,12/20/2021 8:39:34 AM,True,2346,Accepted,
29483312,0568000,LOUISVILLE METRO POLICE DEPT,Accepted,JEFFERSON,I 0065,,I65 N,,,,,,,,,38.120953494,-85.701737854,125.571,12/18/2021 12:00:00 AM,0749,2,2,0,0,RAINING,WET,False,1 VEHICLE ENTERING/LEAVING ENTRANCE,ANGLE,STRAIGHT & LEVEL,DAYLIGHT,,,12/20/2021 8:39:58 AM,False,7989,Accepted,
29483286,0568000,LOUISVILLE METRO POLICE DEPT,Accepted,JEFFERSON,US0042,,STORY,AVE,,,ADAMS,,,,,38.257308812,-85.724951860,0.454,12/18/2021 12:00:00 AM,0022,1,1,0,0,RAINING,WET,False,COLLISION WITH FIXED OBJECT NON - INTERSECTION - FIRST EVENT COLLISION 09 - 32 EXCLUDING 16,SINGLE VEHICLE,STRAIGHT & LEVEL,DARK-HWY LIGHTED/ON,,,12/20/2021 8:38:07 AM,False,5311,Accepted,
29489950,0561500,UNIV. OF LOUISVILLE POLICE,Accepted,JEFFERSON,,,4TH,ST,S,,,,,,,38.214475280,-85.763922309,2.934,12/18/2021 12:00:00 AM,2138,2,2,0,0,CLEAR,DRY,False,REAR END IN TRAFFIC LANES BOTH VEHICLES MOVING,REAR END,STRAIGHT & GRADE,DARK-HWY LIGHTED/ON,,,12/21/2021 7:04:00 PM,False,5700,Accepted,
29483339,0568000,LOUISVILLE METRO POLICE DEPT,Accepted,JEFFERSON,I 0071,,I71 S,,,,,I 0071,I71 TURN AROUND6,I 0071,I71 S EXIT5 RAMP TO I264 W,38.293367426,-85.636050735,5.712,12/18/2021 12:00:00 AM,1442,3,3,0,0,CLOUDY,WET,False,REAR END IN TRAFFIC LANES BOTH VEHICLES MOVING,REAR END,STRAIGHT & LEVEL,DAYLIGHT,,,12/20/2021 8:41:41 AM,False,5113,Accepted,
29483340,0568000,LOUISVILLE METRO POLICE DEPT,Accepted,JEFFERSON,US0060,,SHELBYVILLE,RD,,,,,BIRCHAM,,BECKLEY CREEK,38.236408637,-85.472129963,13.814,12/18/2021 12:00:00 AM,1523,2,2,0,2,RAINING,WET,False,HEAD-ON COLLISION,HEAD ON,CURVE & GRADE,DAYLIGHT,,,12/20/2021 8:41:46 AM,False,2109,Accepted,
29483347,0568000,LOUISVILLE METRO POLICE DEPT,Accepted,JEFFERSON,I 0064,,,,,,,,,,,38.258386983,-85.740326068,0.176,12/18/2021 12:00:00 AM,1325,1,1,0,0,RAINING,WET,False,OTHER RAMP RELATED COLLISIONS NOT LISTED ABOVE,SINGLE VEHICLE,CURVE & GRADE,DAYLIGHT,I 0064,I 0071,12/20/2021 8:42:13 AM,False,7862,Accepted,
29483348,0568000,LOUISVILLE METRO POLICE DEPT,Accepted,JEFFERSON,I 0065,,I65 S,,,,,,,,,38.264104591,-85.743276882,136.850,12/18/2021 12:00:00 AM,1250,2,2,0,0,RAINING,WET,False,SIDESWIPE COLLISION - SAME DIRECTION,SIDESWIPE-SAME DIRECTION,STRAIGHT & LEVEL,DAYLIGHT,,,12/20/2021 8:42:16 AM,False,7336,Accepted,
29483356,0568000,LOUISVILLE METRO POLICE DEPT,Accepted,JEFFERSON,US0031E,,BARDSTOWN,RD,,KY1747,HURSTBOURNE,,,,,38.168955820,-85.605266684,7.256,12/18/2021 12:00:00 AM,1609,3,3,0,0,RAINING,WET,False,OTHER INTERSECTION COLLISIONS,REAR END,STRAIGHT & LEVEL,DUSK,,,12/20/2021 8:43:14 AM,False,7812,Accepted,
29483563,0568000,LOUISVILLE METRO POLICE DEPT,Accepted,JEFFERSON,KY0061,5117,PRESTON,HWY,,,,,,,,38.173608462,-85.711709469,6.785,12/18/2021 12:00:00 AM,1520,2,1,0,0,CLOUDY,DRY,True,1 VEHICLE ENTERING/LEAVING ENTRANCE,ANGLE,STRAIGHT & LEVEL,DAYLIGHT,,,12/20/2021 8:40:48 AM,False,7341,Accepted,
29483329,0568000,LOUISVILLE METRO POLICE DEPT,Accepted,JEFFERSON,I 0065,,I65 N,,,I 0065,I65 N EXIT133A OFF RAMP TO  EASTERN PKWY,,,,,38.209802227,-85.752879648,132.737,12/18/2021 12:00:00 AM,1111,2,2,0,0,RAINING,WET,False,SIDESWIPE-SAME DIRECTION,SIDESWIPE-SAME DIRECTION,CURVE & GRADE,DAYLIGHT,,,12/20/2021 8:40:55 AM,False,5230,Accepted,
29483337,0568000,LOUISVILLE METRO POLICE DEPT,Accepted,JEFFERSON,US0042,,STORY,AVE,,,ADAMS,,,,,38.257316702,-85.724947391,0.454,12/18/2021 12:00:00 AM,2152,2,2,0,0,CLEAR,DRY,False,ANGLE COLLISION - OTHER,ANGLE,STRAIGHT & LEVEL,DARK-HWY LIGHTED/ON,,,12/20/2021 8:41:33 AM,False,5304,Accepted,
29483320,0568000,LOUISVILLE METRO POLICE DEPT,Accepted,JEFFERSON,KY1934,,CANE RUN,RD,,,,,,,,38.183462101,-85.855503587,7.738,12/18/2021 12:00:00 AM,1325,2,2,0,0,RAINING,WET,True,HEAD-ON COLLISION,HEAD ON,STRAIGHT & LEVEL,DAYLIGHT,,,12/20/2021 8:40:28 AM,False,7244,Accepted,
29483322,0568000,LOUISVILLE METRO POLICE DEPT,Accepted,JEFFERSON,US0031E,,MARKET,ST,E,,CLAY,,,,,38.253410709,-85.740070231,17.046,12/18/2021 12:00:00 AM,1623,2,2,0,0,CLOUDY,DRY,False,ANGLE COLLISION - OTHER,ANGLE,STRAIGHT & LEVEL,DUSK,,,12/20/2021 8:40:31 AM,False,6878,Accepted,
29483323,0568000,LOUISVILLE METRO POLICE DEPT,Accepted,JEFFERSON,,,OLIVERDA,DR,,,MAYWICK,,,,,38.096973657,-85.880756881,0.060,12/18/2021 12:00:00 AM,1630,2,2,0,0,CLOUDY,WET,False,ANGLE COLLISION - OTHER,ANGLE,STRAIGHT & LEVEL,DAYLIGHT,,,12/20/2021 8:40:35 AM,False,6877,Accepted,
29483330,0568000,LOUISVILLE METRO POLICE DEPT,Accepted,JEFFERSON,KY1747,,HURSTBOURNE,PKWY,S,,WATTERSON,,,,,38.183505923,-85.606584882,8.530,12/18/2021 12:00:00 AM,1102,3,3,0,1,RAINING,WET,False,ANGLE COLLISION - OTHER,ANGLE,CURVE & LEVEL,DAYLIGHT,,,12/20/2021 8:41:00 AM,True,2321,Accepted,
29483331,0568000,LOUISVILLE METRO POLICE DEPT,Accepted,JEFFERSON,US0031E,,BARDSTOWN,RD,,,CEDARLOOK,,,,,38.147164096,-85.585873446,5.326,12/18/2021 12:00:00 AM,1439,2,2,0,0,RAINING,WET,False,OTHER INTERSECTION COLLISIONS,REAR END,STRAIGHT & LEVEL,DAYLIGHT,,,12/20/2021 8:41:04 AM,False,2321,Accepted,
29495305,0568000,LOUISVILLE METRO POLICE DEPT,Accepted,JEFFERSON,I 0064,,I64 W,,,,,,,,,38.252249426,-85.717588964,6.864,12/18/2021 12:00:00 AM,1005,4,3,1,1,CLOUDY,WET,False,1 VEHICLE PARKED POSITION (NOT PARKING LOT/DRIVEWAY),REAR END,CURVE & LEVEL,DAYLIGHT,,,12/23/2021 7:24:33 AM,False,6886,Accepted,
29495344,0568000,LOUISVILLE METRO POLICE DEPT,Accepted,JEFFERSON,KY1065,,OUTER,LOOP,,,,,CAROL,,NOLTEMEYER WYNDE,38.138290162,-85.683798214,6.219,12/18/2021 12:00:00 AM,1221,2,2,0,0,CLOUDY,WET,False,OTHER ROADWAY OR MID-BLOCK COLLISION,OPPOSING LEFT TURN,STRAIGHT & LEVEL,DAYLIGHT,,,12/23/2021 7:26:48 AM,False,2583,Accepted,
29504177,0568000,LOUISVILLE METRO POLICE DEPT,Accepted,JEFFERSON,I 0064,,I64 W,,,,,,,,,38.219242161,-85.430346580,22.988,12/18/2021 12:00:00 AM,0530,2,2,0,0,RAINING,WET,True,SIDESWIPE COLLISION - SAME DIRECTION,SIDESWIPE-SAME DIRECTION,STRAIGHT & LEVEL,DARK-HWY LIGHTED/ON,,,12/27/2021 8:32:55 AM,False,5329,Accepted,
29495373,0568000,LOUISVILLE METRO POLICE DEPT,Accepted,JEFFERSON,I 0071,,I71 S,,,,,,,,,38.290298437,-85.646938695,5.062,12/18/2021 12:00:00 AM,1352,4,4,0,0,CLOUDY,WET,False,1 VEHICLE ENTERING/LEAVING ENTRANCE,ANGLE,STRAIGHT & LEVEL,DAYLIGHT,,,12/23/2021 7:28:24 AM,False,7005,Accepted,
29495345,0568000,LOUISVILLE METRO POLICE DEPT,Accepted,JEFFERSON,KY2053,,MT WASHINGTON,RD,,,STANDIFORD PLAZA,,,,,38.092663911,-85.667305543,0.115,12/17/2021 12:00:00 AM,1820,2,2,0,0,CLOUDY,WET,False,OPPOSING LEFT TURN,OPPOSING LEFT TURN,STRAIGHT & LEVEL,DARK-HWY LIGHTED/ON,,,12/23/2021 7:26:51 AM,False,2583,Accepted,
29483346,0568000,LOUISVILLE METRO POLICE DEPT,Accepted,JEFFERSON,KY0907,,VALLEY STATION,RD,,,,,,,,38.106609262,-85.863700161,0.180,12/17/2021 12:00:00 AM,1555,2,2,0,0,RAINING,WET,False,1 VEHICLE ENTERING/LEAVING ENTRANCE,ANGLE,STRAIGHT & LEVEL,DAYLIGHT,,,12/20/2021 8:42:09 AM,False,7768,Accepted,
29487599,0568000,LOUISVILLE METRO POLICE DEPT,Accepted,JEFFERSON,,,MUHAMMAD ALI,BLVD,W,KY1020,2ND,,,,,38.250765619,-85.754188443,0.087,12/17/2021 12:00:00 AM,1117,3,3,0,4,CLOUDY,WATER (STANDING OR MOVING),False,ANGLE COLLISION - OTHER,ANGLE,STRAIGHT & LEVEL,DAYLIGHT,,,12/21/2021 8:10:32 AM,False,7751,Accepted,
29483288,0568000,LOUISVILLE METRO POLICE DEPT,Accepted,JEFFERSON,I 0264,,I264 E,,,I 0264,I264 E EXIT15 OFF RAMP TO KY1703,,,,,38.200592253,-85.696043804,14.104,12/17/2021 12:00:00 AM,2136,4,4,0,2,RAINING,WET,False,SIDESWIPE-SAME DIRECTION,SIDESWIPE-SAME DIRECTION,STRAIGHT & GRADE,DARK-HWY LIGHTED/ON,,,12/20/2021 8:38:19 AM,False,5391,Accepted,
29474925,0568000,LOUISVILLE METRO POLICE DEPT,Accepted,JEFFERSON,,1577,PARSONS,PL,,,,,,,,38.232399770,-85.703216583,0.050,12/17/2021 12:00:00 AM,0034,1,1,0,0,CLOUDY,DRY,True,COLLISION WITH FIXED OBJECT NON - INTERSECTION - FIRST EVENT COLLISION 09 - 32 EXCLUDING 16,SINGLE VEHICLE,STRAIGHT & LEVEL,DARK-HWY NOT LIGHTED,,,12/17/2021 8:32:39 AM,False,5296,Accepted,
29483278,0568000,LOUISVILLE METRO POLICE DEPT,Accepted,JEFFERSON,,1107,BEECHER,ST,,,,,,,,38.191702735,-85.780767337,0.137,12/17/2021 12:00:00 AM,1410,1,1,0,0,RAINING,WET,False,COLLISION WITH FIXED OBJECT NON - INTERSECTION - FIRST EVENT COLLISION 09 - 32 EXCLUDING 16,SINGLE VEHICLE,STRAIGHT & LEVEL,DAYLIGHT,,,12/20/2021 8:37:23 AM,False,7468,Accepted,
29483279,0568000,LOUISVILLE METRO POLICE DEPT,Accepted,JEFFERSON,US0060,,SHELBYVILLE,RD,,,,,,,,38.249597976,-85.616574867,5.751,12/17/2021 12:00:00 AM,1858,2,2,0,0,RAINING,WET,False,REAR END IN TRAFFIC LANES BOTH VEHICLES MOVING,REAR END,STRAIGHT & LEVEL,DARK (UNKNOWN ROADWAY LIGHTING),,,12/20/2021 8:37:27 AM,False,7483,Accepted,
29483280,0568000,LOUISVILLE METRO POLICE DEPT,Accepted,JEFFERSON,KY0155,,TAYLORSVILLE,RD,,,,I 0265,I265 W EXIT23 OFF RAMP TO KY155,I 0265,I265 W EXIT23 ON RAMP FROM KY155,38.188859688,-85.509177638,6.071,12/17/2021 12:00:00 AM,1558,2,2,0,0,RAINING,WET,False,OTHER ROADWAY OR MID-BLOCK COLLISION,REAR END,STRAIGHT & LEVEL,DAYLIGHT,,,12/20/2021 8:37:32 AM,False,2324,Accepted,
29483272,0568000,LOUISVILLE METRO POLICE DEPT,Accepted,JEFFERSON,KY1934,,CANE RUN,RD,,,,,,,,38.178213948,-85.861870091,7.191,12/17/2021 12:00:00 AM,1332,2,2,0,0,RAINING,WET,True,REAR END IN TRAFFIC LANES BOTH VEHICLES MOVING,REAR END,STRAIGHT & LEVEL,DAYLIGHT,,,12/20/2021 8:36:59 AM,False,7234,Accepted,
29483273,0568000,LOUISVILLE METRO POLICE DEPT,Accepted,JEFFERSON,,6492,JOHNSONTOWN,RD,,,,,,,,38.116960510,-85.885207117,1.789,12/17/2021 12:00:00 AM,1538,2,2,0,0,RAINING,WET,True,VEHICLE BACKING NON INTERSECTION,BACKING,STRAIGHT & HILLCREST,DAYLIGHT,,,12/20/2021 8:37:03 AM,False,7234,Accepted,
29483281,0568000,LOUISVILLE METRO POLICE DEPT,Accepted,JEFFERSON,KY1819,,BILLTOWN,RD,,,SHAFFER,,,,,38.153580461,-85.559184253,6.091,12/17/2021 12:00:00 AM,2136,2,2,0,7,RAINING,WET,False,HEAD-ON COLLISION,HEAD ON,CURVE & LEVEL,DARK-HWY LIGHTED/ON,,,12/20/2021 8:37:40 AM,False,5196,Accepted,
29483296,0568000,LOUISVILLE METRO POLICE DEPT,Accepted,JEFFERSON,,,FAIRGROUND,RD,,,PLUMWOOD,,,,,38.165178084,-85.585656259,0.721,12/17/2021 12:00:00 AM,2143,1,1,0,0,RAINING,WET,False,OTHER INTERSECTION COLLISIONS,SINGLE VEHICLE,CURVE & LEVEL,DARK-HWY NOT LIGHTED,,,12/20/2021 8:38:53 AM,False,5169,Accepted,
29483298,0568000,LOUISVILLE METRO POLICE DEPT,Accepted,JEFFERSON,,,INDEPENDENCE SCHOOL,RD,,,,,,,,38.103885355,-85.605229088,0.322,12/17/2021 12:00:00 AM,1642,2,2,0,0,RAINING,WET,False,HEAD-ON COLLISION,HEAD ON,CURVE & GRADE,DUSK,,,12/20/2021 8:38:58 AM,False,7755,Accepted,
29474922,0568000,LOUISVILLE METRO POLICE DEPT,Accepted,JEFFERSON,,1790,MELLWOOD,AVE,,,,US0042,BROWNSBORO,,MUNCIE,38.260374622,-85.716700534,0.019,12/17/2021 12:00:00 AM,0135,1,1,0,1,CLEAR,DRY,False,COLLISION WITH FIXED OBJECT NON - INTERSECTION - FIRST EVENT COLLISION 09 - 32 EXCLUDING 16,SINGLE VEHICLE,CURVE & LEVEL,DARK-HWY LIGHTED/ON,,,12/17/2021 8:32:29 AM,False,5197,Accepted,
29483255,0568000,LOUISVILLE METRO POLICE DEPT,Accepted,JEFFERSON,,,20TH,ST,S,US0031W,MARKET,,,,,38.258167931,-85.783263616,0.096,12/17/2021 12:00:00 AM,0816,2,2,0,2,CLOUDY,DRY,False,OPPOSING LEFT TURN,OPPOSING LEFT TURN,STRAIGHT & LEVEL,DAYLIGHT,,,12/20/2021 8:35:45 AM,False,5397,Accepted,
29483261,0568000,LOUISVILLE METRO POLICE DEPT,Accepted,JEFFERSON,US0060,,SHELBYVILLE,RD,,,,,BIRCHAM,,BECKLEY CREEK,38.236078676,-85.474906220,13.661,12/17/2021 12:00:00 AM,0714,3,3,0,1,CLOUDY,DRY,False,SIDESWIPE COLLISION - SAME DIRECTION,SIDESWIPE-SAME DIRECTION,STRAIGHT & GRADE,DARK-HWY LIGHTED/ON,,,12/20/2021 8:36:12 AM,False,7876,Accepted,
29483262,0568000,LOUISVILLE METRO POLICE DEPT,Accepted,JEFFERSON,,,INDIAN,TRL,E,,HELMWOOD,,,,,38.168701281,-85.703098185,0.190,12/17/2021 12:00:00 AM,0741,2,2,0,0,CLOUDY,DRY,False,HEAD-ON COLLISION,HEAD ON,STRAIGHT & LEVEL,DAWN,,,12/20/2021 8:36:16 AM,False,4693,Accepted,
29483263,0568000,LOUISVILLE METRO POLICE DEPT,Accepted,JEFFERSON,KY0061,,PRESTON,HWY,,,,,,,,38.098357550,-85.670889848,1.032,12/17/2021 12:00:00 AM,1316,2,2,0,0,RAINING,WET,False,REAR END IN TRAFFIC LANES BOTH VEHICLES MOVING,REAR END,STRAIGHT & LEVEL,DAYLIGHT,,,12/20/2021 8:36:20 AM,False,4693,Accepted,
29483271,0568000,LOUISVILLE METRO POLICE DEPT,Accepted,JEFFERSON,,,LEE,ST,E,KY0061,ARTHUR,,,,,38.222238054,-85.751632185,0.317,12/17/2021 12:00:00 AM,1437,2,2,0,0,RAINING,WET,False,OTHER INTERSECTION COLLISIONS,REAR END,STRAIGHT & LEVEL,DAYLIGHT,,,12/20/2021 8:36:49 AM,False,5052,Accepted,
29504176,0568000,LOUISVILLE METRO POLICE DEPT,Accepted,JEFFERSON,US0060,,SHELBYVILLE,RD,,,ENGLISH STATION,,,,,38.241609446,-85.499064887,12.309,12/17/2021 12:00:00 AM,2102,1,1,0,0,RAINING,WET,False,NON-COLLISION OBJECT COLLISION,SINGLE VEHICLE,STRAIGHT & LEVEL,DARK-HWY LIGHTED/ON,,,12/27/2021 8:32:52 AM,False,5329,Accepted,
29508512,0568000,LOUISVILLE METRO POLICE DEPT,Accepted,JEFFERSON,KY1020,,2ND,ST,S,,YORK,,,,,38.243943797,-85.755416184,11.989,12/17/2021 12:00:00 AM,0012,2,2,0,0,CLEAR,WET,True,SIDESWIPE-SAME DIRECTION,SIDESWIPE-SAME DIRECTION,,DARK-HWY LIGHTED/ON,,,12/28/2021 8:19:39 AM,False,5373,Accepted,
29490084,0568000,LOUISVILLE METRO POLICE DEPT,Accepted,JEFFERSON,KY0061,,PRESTON,HWY,,,,,,,,38.098357550,-85.670889848,1.032,12/17/2021 12:00:00 AM,1316,2,1,0,3,RAINING,WET,False,REAR END IN TRAFFIC LANES BOTH VEHICLES MOVING,REAR END,STRAIGHT & LEVEL,DAYLIGHT,,,12/21/2021 8:17:22 PM,False,4693,Accepted,
29585650,0568000,LOUISVILLE METRO POLICE DEPT,Accepted,JEFFERSON,US0150,,22ND,ST,N,,PORTLAND,,,,,38.268388809,-85.782533256,0.125,12/17/2021 12:00:00 AM,2128,2,2,0,0,RAINING,WET,False,VEHICLE BACKING IN INTERSECTION,BACKING,STRAIGHT & LEVEL,DARK-HWY LIGHTED/ON,,,1/14/2022 8:09:22 AM,False,5275,Accepted,
29483274,0568000,LOUISVILLE METRO POLICE DEPT,Accepted,JEFFERSON,KY0841,,GENE SNYDER,FWY,,US0031W,US31W N RAMP TO KY841 E,,,,,38.090943480,-85.869656412,0.316,12/17/2021 12:00:00 AM,1728,2,2,0,0,RAINING,WET,False,SIDESWIPE-SAME DIRECTION,SIDESWIPE-SAME DIRECTION,STRAIGHT & HILLCREST,DARK-HWY NOT LIGHTED,,,12/20/2021 8:37:07 AM,False,6877,Accepted,
29483275,0568000,LOUISVILLE METRO POLICE DEPT,Accepted,JEFFERSON,,,MULBERRY,ST,,,SHELBY,,,,,38.228368870,-85.741934576,0.003,12/17/2021 12:00:00 AM,1703,2,2,0,1,RAINING,WET,False,ANGLE COLLISION - OTHER,ANGLE,STRAIGHT & LEVEL,DUSK,,,12/20/2021 8:37:11 AM,False,7462,Accepted,
29483276,0568000,LOUISVILLE METRO POLICE DEPT,Accepted,JEFFERSON,,,MANSLICK,RD,,,CRISTLAND,,,,,38.143727384,-85.792244387,0.652,12/17/2021 12:00:00 AM,1631,2,2,0,0,RAINING,WET,False,HEAD-ON COLLISION,HEAD ON,STRAIGHT & LEVEL,DAYLIGHT,,,12/20/2021 8:37:14 AM,False,7427,Accepted,