IncidentID,AgencyORI,AgencyName,IncidentStatusDesc,County,RdwyNumber,Street,RoadwayName,StreetSfx,StreetDir,IntersectionRdwy,IntersectionRdwyName,BetweenStRdwy1,BetweenStRdwyName1,BetweenStRdwy2,BetweenStRdwyName2,Latitude,Longitude,Milepoint,CollisionDate,CollisionTime,UnitsInvolved,MotorVehiclesInvolved,NumberKilled,NumberInjured,Weather,RdwyConditionCode,HitandRun,DirAnalysisCode,MannerofCollision,RdwyCharacter,LightCondition,RampFromRdwyId,RampToRdwyId,AcceptedDate,IsSecondaryCollision,OwnerBadge,IncidentStatus,
29483282,0568000,LOUISVILLE METRO POLICE DEPT,Accepted,JEFFERSON,KY1865,,TAYLOR,BLVD,,,CAMDEN,,,,,38.192576048,-85.783312374,5.929,12/17/2021 12:00:00 AM,1338,2,2,0,0,RAINING,WET,False,OTHER INTERSECTION COLLISIONS,REAR END,STRAIGHT & LEVEL,DAYLIGHT,,,12/20/2021 8:37:45 AM,False,7360,Accepted,
29483302,0568000,LOUISVILLE METRO POLICE DEPT,Accepted,JEFFERSON,KY1703,,NEWBURG,RD,,,,,INDIAN,,BROADMOOR,38.185421996,-85.666438823,0.579,12/17/2021 12:00:00 AM,1706,2,2,0,1,RAINING,WET,False,REAR END IN TRAFFIC LANES BOTH VEHICLES MOVING,REAR END,STRAIGHT & LEVEL,DUSK,,,12/20/2021 8:39:27 AM,False,7400,Accepted,
29483284,0568000,LOUISVILLE METRO POLICE DEPT,Accepted,JEFFERSON,,,BERRY,BLVD,,KY1865,TAYLOR,,,,,38.196418976,-85.783025098,0.008,12/17/2021 12:00:00 AM,1945,2,2,0,1,RAINING,WET,False,ANGLE COLLISION - OTHER,ANGLE,STRAIGHT & LEVEL,DARK-HWY LIGHTED/ON,,,12/20/2021 8:37:55 AM,False,5389,Accepted,
29483291,0568000,LOUISVILLE METRO POLICE DEPT,Accepted,JEFFERSON,,1104,BERRY,BLVD,,,PEACHTREE,,,,,38.196148914,-85.780622553,0.129,12/17/2021 12:00:00 AM,2214,3,3,0,0,RAINING,WATER (STANDING OR MOVING),False,COLLISION WITH PARKED VEHICLE,REAR END,STRAIGHT & LEVEL,DARK-HWY LIGHTED/ON,,,12/20/2021 8:38:38 AM,False,7435,Accepted,
29483007,0566700,MIDDLETOWN POLICE DEPARTMENT,Accepted,JEFFERSON,US0060,,SHELBYVILLE,RD,,,BECKLEY WOODS,,,,,38.241602631,-85.498345438,12.298,12/17/2021 12:00:00 AM,1355,2,2,0,0,RAINING,WET,False,OTHER INTERSECTION COLLISIONS,REAR END,STRAIGHT & LEVEL,DAYLIGHT,,,12/20/2021 7:24:31 AM,False,2011,Accepted,
29483293,0568000,LOUISVILLE METRO POLICE DEPT,Accepted,JEFFERSON,KY0864,,FEGENBUSH,LN,,,WOODROW,,,,,38.153435335,-85.633320057,5.892,12/17/2021 12:00:00 AM,2040,2,2,0,0,RAINING,WET,False,OTHER INTERSECTION COLLISIONS,REAR END,STRAIGHT & GRADE,DARK-HWY NOT LIGHTED,,,12/20/2021 8:38:48 AM,False,5169,Accepted,
29483267,0568000,LOUISVILLE METRO POLICE DEPT,Accepted,JEFFERSON,US0031W,7335,DIXIE,HWY,,,,,,,,38.143670836,-85.839419817,11.706,12/17/2021 12:00:00 AM,1413,2,2,0,0,RAINING,WET,False,COLLISION IN PARKING LOT,ANGLE,STRAIGHT & LEVEL,DAYLIGHT,,,12/20/2021 8:36:29 AM,False,5340,Accepted,
29483260,0568000,LOUISVILLE METRO POLICE DEPT,Accepted,JEFFERSON,I 0264,,,,,,,,,,,38.244555401,-85.620777003,0.297,12/17/2021 12:00:00 AM,1232,3,3,0,0,RAINING,WET,False,OTHER RAMP RELATED COLLISIONS NOT LISTED ABOVE,REAR END,STRAIGHT & LEVEL,DAYLIGHT,I 0264,US0060,12/20/2021 8:36:07 AM,False,4903,Accepted,
29483257,0568000,LOUISVILLE METRO POLICE DEPT,Accepted,JEFFERSON,I 0071,,I71 N,,,,,,,,,38.311590244,-85.588185925,8.680,12/17/2021 12:00:00 AM,0916,2,2,0,0,CLOUDY,DRY,False,VEHICLE BACKING NON INTERSECTION,BACKING,STRAIGHT & LEVEL,DAYLIGHT,,,12/20/2021 8:35:55 AM,False,2346,Accepted,
29483269,0568000,LOUISVILLE METRO POLICE DEPT,Accepted,JEFFERSON,I 0264,,I264 W,,,I 0264,I264 W EXIT16 OFF RAMP TO US31E,,,,,38.217164047,-85.660210463,16.400,12/17/2021 12:00:00 AM,1625,3,3,0,1,RAINING,WET,False,OTHER INTERSECTION COLLISIONS,REAR END,STRAIGHT & LEVEL,DARK-HWY LIGHTED/ON,,,12/20/2021 8:36:39 AM,False,7740,Accepted,
29483277,0568000,LOUISVILLE METRO POLICE DEPT,Accepted,JEFFERSON,I 0065,,I65 S,,,,,,,,,38.252692981,-85.745684781,135.864,12/17/2021 12:00:00 AM,1521,2,2,0,2,RAINING,WET,False,SIDESWIPE COLLISION - SAME DIRECTION,SIDESWIPE-SAME DIRECTION,CURVE & LEVEL,DAYLIGHT,,,12/20/2021 8:37:18 AM,False,7239,Accepted,
29474926,0568000,LOUISVILLE METRO POLICE DEPT,Accepted,JEFFERSON,,,JOHNSONTOWN,RD,,US0031W,DIXIE,,,,,38.121207427,-85.855691015,,12/17/2021 12:00:00 AM,0548,2,2,0,1,CLEAR,DRY,False,ANGLE COLLISION - OTHER,ANGLE,STRAIGHT & LEVEL,DARK-HWY LIGHTED/ON,,,12/17/2021 8:32:42 AM,False,5136,Accepted,
29512257,0568000,LOUISVILLE METRO POLICE DEPT,Accepted,JEFFERSON,,,CHESTNUT,ST,W,,24TH,,,,,38.252718905,-85.791841610,0.496,12/17/2021 12:00:00 AM,1133,2,2,0,0,CLEAR,DRY,False,SIDESWIPE-SAME DIRECTION,SIDESWIPE-SAME DIRECTION,STRAIGHT & LEVEL,DAYLIGHT,,,12/29/2021 8:11:39 AM,False,5173,Accepted,
29526279,0568000,LOUISVILLE METRO POLICE DEPT,Accepted,JEFFERSON,US0031W,400,MAIN,ST,W,,,,,,,38.256688080,-85.757094667,21.902,12/17/2021 12:00:00 AM,1531,2,2,0,2,RAINING,WET,False,1 VEHICLE ENTERING/LEAVING ENTRANCE,ANGLE,STRAIGHT & LEVEL,DAYLIGHT,,,1/3/2022 7:49:23 AM,False,5338,Accepted,
29474777,0566900,LOUISVILLE AIRPORT POLICE,Accepted,JEFFERSON,,3345,ROGER E SCHUPP,ST,,,,,,,,38.224659555,-85.658607664,0.096,12/17/2021 12:00:00 AM,0540,1,1,0,0,CLEAR,WET,True,COLLISION WITH FIXED OBJECT NON - INTERSECTION - FIRST EVENT COLLISION 09 - 32 EXCLUDING 16,SINGLE VEHICLE,CURVE & LEVEL,DARK-HWY NOT LIGHTED,,,12/17/2021 7:28:25 AM,False,5870,Accepted,
29474920,0568000,LOUISVILLE METRO POLICE DEPT,Accepted,JEFFERSON,,3506,BLANTON,LN,,,,,,,,38.154789228,-85.825404488,0.576,12/16/2021 12:00:00 AM,1913,1,1,0,0,CLOUDY,WET,True,OTHER COLLISIONS ON SHOULDER,SINGLE VEHICLE,STRAIGHT & LEVEL,DARK-HWY LIGHTED/ON,,,12/17/2021 8:32:19 AM,False,5212,Accepted,
29474921,0568000,LOUISVILLE METRO POLICE DEPT,Accepted,JEFFERSON,,,FACTORY,LN,,,SERVICE,,,,,38.288990006,-85.511453032,0.052,12/16/2021 12:00:00 AM,1919,2,2,0,1,CLEAR,WET,False,ANGLE COLLISION - OTHER,ANGLE,STRAIGHT & LEVEL,DARK-HWY LIGHTED/ON,,,12/17/2021 8:32:25 AM,False,7475,Accepted,
29474877,0568000,LOUISVILLE METRO POLICE DEPT,Accepted,JEFFERSON,,960,4TH,ST,S,,,,,,,38.241606344,-85.759202856,1.046,12/16/2021 12:00:00 AM,1054,2,2,0,0,CLOUDY,FLOODED,False,1 VEHICLE PARKED POSITION (NOT PARKING LOT/DRIVEWAY),SIDESWIPE-SAME DIRECTION,STRAIGHT & LEVEL,DAYLIGHT,,,12/17/2021 8:29:56 AM,False,5387,Accepted,
29470840,0568000,LOUISVILLE METRO POLICE DEPT,Accepted,JEFFERSON,KY1934,,CANE RUN,RD,,,MELODY ACRES,,,,,38.186931043,-85.852295465,8.000,12/16/2021 12:00:00 AM,0425,2,2,0,2,CLOUDY,DRY,False,OTHER INTERSECTION COLLISIONS,REAR END,STRAIGHT & LEVEL,DARK-HWY NOT LIGHTED,,,12/16/2021 8:18:41 AM,False,5298,Accepted,
29474928,0568000,LOUISVILLE METRO POLICE DEPT,Accepted,JEFFERSON,I 0071,,I71 S,,,,,,,,,38.312336747,-85.587206419,8.757,12/16/2021 12:00:00 AM,2141,2,2,0,0,CLEAR,WET,True,SIDESWIPE COLLISION - SAME DIRECTION,SIDESWIPE-SAME DIRECTION,STRAIGHT & HILLCREST,DARK-HWY LIGHTED/OFF,,,12/17/2021 8:32:46 AM,False,7369,Accepted,
29474879,0568000,LOUISVILLE METRO POLICE DEPT,Accepted,JEFFERSON,,,5TH,ST,S,,BRENTWOOD,,,,,38.194835009,-85.768391597,1.333,12/16/2021 12:00:00 AM,1309,2,2,0,0,CLOUDY,DRY,False,COLLISION WITH PARKED VEHICLE,REAR END,STRAIGHT & LEVEL,DAYLIGHT,,,12/17/2021 8:30:06 AM,False,5252,Accepted,
29474884,0568000,LOUISVILLE METRO POLICE DEPT,Accepted,JEFFERSON,KY0061,,PRESTON,ST,S,,,,,,,38.216940042,-85.745358550,10.325,12/16/2021 12:00:00 AM,0725,2,2,0,0,CLEAR,DRY,False,1 VEHICLE PARKED POSITION (NOT PARKING LOT/DRIVEWAY),SIDESWIPE-SAME DIRECTION,STRAIGHT & LEVEL,DAWN,,,12/17/2021 8:30:37 AM,False,5258,Accepted,
29474885,0568000,LOUISVILLE METRO POLICE DEPT,Accepted,JEFFERSON,KY1020,7600,NATIONAL,TPKE,,,,,,,,38.139194282,-85.753732999,4.534,12/16/2021 12:00:00 AM,1250,2,2,0,0,CLOUDY,DRY,True,SIDESWIPE COLLISION - SAME DIRECTION,SIDESWIPE-SAME DIRECTION,STRAIGHT & LEVEL,DAYLIGHT,,,12/17/2021 8:30:48 AM,False,5395,Accepted,
29474894,0568000,LOUISVILLE METRO POLICE DEPT,Accepted,JEFFERSON,KY2053,,THIXTON,LN,,,,,,,,38.080946460,-85.618105767,3.104,12/16/2021 12:00:00 AM,1413,2,2,0,1,CLOUDY,WET,False,1 VEHICLE ENTERING/LEAVING ENTRANCE,ANGLE,CURVE & LEVEL,DAYLIGHT,,,12/17/2021 8:31:18 AM,False,7698,Accepted,
29474896,0568000,LOUISVILLE METRO POLICE DEPT,Accepted,JEFFERSON,KY0864,,FEGENBUSH,LN,,,FENWICK,,,,,38.155187610,-85.636374600,6.086,12/16/2021 12:00:00 AM,1722,2,2,0,3,CLOUDY,WET,False,OTHER INTERSECTION COLLISIONS,REAR END,CURVE & GRADE,DAYLIGHT,,,12/17/2021 8:31:29 AM,False,7698,Accepted,
29474918,0568000,LOUISVILLE METRO POLICE DEPT,Accepted,JEFFERSON,,4112,WHEELER,AVE,,,,,,,,38.183398838,-85.788889967,0.654,12/16/2021 12:00:00 AM,0100,1,1,0,0,CLEAR,DRY,False,COLLISION WITH FIXED OBJECT NON - INTERSECTION - FIRST EVENT COLLISION 09 - 32 EXCLUDING 16,SINGLE VEHICLE,STRAIGHT & LEVEL,DARK-HWY LIGHTED/OFF,,,12/17/2021 8:32:08 AM,False,7560,Accepted,
29474919,0568000,LOUISVILLE METRO POLICE DEPT,Accepted,JEFFERSON,KY0061,,PRESTON,HWY,,KY1747,FERN VALLEY,,,,,38.156842972,-85.696760224,5.352,12/16/2021 12:00:00 AM,1931,2,2,0,0,RAINING,WET,False,OTHER INTERSECTION COLLISIONS,REAR END,STRAIGHT & LEVEL,DARK-HWY LIGHTED/ON,,,12/17/2021 8:32:14 AM,False,5336,Accepted,
29474901,0568000,LOUISVILLE METRO POLICE DEPT,Accepted,JEFFERSON,,,34TH,ST,S,,HERMAN,,,,,38.258868360,-85.807550075,0.218,12/16/2021 12:00:00 AM,1609,2,2,0,1,RAINING,WET,False,ANGLE COLLISION - OTHER,ANGLE,STRAIGHT & LEVEL,DUSK,,,12/17/2021 8:31:40 AM,False,5282,Accepted,
29474910,0568000,LOUISVILLE METRO POLICE DEPT,Accepted,JEFFERSON,KY2054,,ALGONQUIN,PKWY,,,7TH,,,,,38.220450842,-85.777733334,2.484,12/16/2021 12:00:00 AM,1723,3,3,0,0,RAINING,WET,False,ANGLE COLLISION - ONE VEHICLE TURNING LEFT,ANGLE,CURVE & LEVEL,DARK-HWY LIGHTED/ON,,,12/17/2021 8:31:55 AM,False,5384,Accepted,
29475121,0568000,LOUISVILLE METRO POLICE DEPT,Accepted,JEFFERSON,,7701,SMYRNA,PKWY,,,,,,,,38.137833254,-85.641903388,0.008,12/16/2021 12:00:00 AM,1617,2,1,0,0,RAINING,WET,False,1 VEHICLE ENTERING/LEAVING ENTRANCE,ANGLE,STRAIGHT & LEVEL,DAYLIGHT,,,12/17/2021 8:31:43 AM,False,7272,Accepted,
29480508,0560600,WEST BUECHEL POLICE DEPT.,Accepted,JEFFERSON,US0031E,3616,BUECHEL,BYP,,,,,,,,38.198900014,-85.661706067,11.032,12/16/2021 12:00:00 AM,1726,2,2,0,0,OTHER,WET,True,COLLISION IN PARKING LOT,SIDESWIPE-SAME DIRECTION,STRAIGHT & LEVEL,OTHER,,,12/19/2021 10:04:56 AM,False,1290,Accepted,
29483357,0568000,LOUISVILLE METRO POLICE DEPT,Accepted,JEFFERSON,I 0065,,,,,,,,,,,38.112418743,-85.700468250,0.510,12/16/2021 12:00:00 AM,1601,2,2,0,0,CLEAR,DRY,False,OTHER RAMP RELATED COLLISIONS NOT LISTED ABOVE,REAR END,CURVE & GRADE,DAYLIGHT,I 0065,I 0265,12/20/2021 8:43:23 AM,False,8278,Accepted,
29483375,0568000,LOUISVILLE METRO POLICE DEPT,Accepted,JEFFERSON,KY1447,,WESTPORT,RD,,,,,,,,38.296781047,-85.551533133,6.486,12/16/2021 12:00:00 AM,1900,1,1,0,0,CLOUDY,WET,False,COLLISION WITH FIXED OBJECT NON - INTERSECTION - FIRST EVENT COLLISION 09 - 32 EXCLUDING 16,SINGLE VEHICLE,STRAIGHT & LEVEL,DARK-HWY LIGHTED/ON,,,12/20/2021 8:44:43 AM,False,7615,Accepted,
29504217,0568000,LOUISVILLE METRO POLICE DEPT,Accepted,JEFFERSON,I 0065,,,,,,,,,,,38.181271145,-85.720995462,0.346,12/16/2021 12:00:00 AM,1518,2,2,0,0,RAINING,WET,False,OTHER RAMP RELATED COLLISIONS NOT LISTED ABOVE,SIDESWIPE-SAME DIRECTION,STRAIGHT & LEVEL,DAYLIGHT,KY0061,I 0065,12/27/2021 8:34:59 AM,False,7938,Accepted,
29495307,0568000,LOUISVILLE METRO POLICE DEPT,Accepted,JEFFERSON,I 0264,,I264 W,,,,,I 0264,I264 W EXIT15B OFF RAMP TO KY1703 S,I 0264,I264 W EXIT15 ON RAMP FROM KY1703,38.201314009,-85.693234770,14.272,12/16/2021 12:00:00 AM,1413,2,2,0,0,RAINING,WET,False,SIDESWIPE COLLISION - SAME DIRECTION,SIDESWIPE-SAME DIRECTION,STRAIGHT & LEVEL,DAYLIGHT,,,12/23/2021 7:24:44 AM,False,7938,Accepted,
29487579,0568000,LOUISVILLE METRO POLICE DEPT,Accepted,JEFFERSON,I 0264,,I264 W,,,,,,,,,38.189932880,-85.769052630,10.020,12/16/2021 12:00:00 AM,0930,2,2,0,0,CLEAR,DRY,False,REAR END IN TRAFFIC LANES BOTH VEHICLES MOVING,REAR END,STRAIGHT & LEVEL,DAYLIGHT,,,12/21/2021 8:09:05 AM,False,2738,Accepted,
29531205,0568000,LOUISVILLE METRO POLICE DEPT,Accepted,JEFFERSON,I 0065,,,,,,,,,,,38.195088520,-85.733003390,0.734,12/16/2021 12:00:00 AM,1624,1,1,0,0,CLOUDY,WET,True,COLLISION WITH FIXED OBJECT NOT IN GORE ,SINGLE VEHICLE,CURVE & GRADE,DAYLIGHT,I 0264,I 0065,1/4/2022 7:40:52 AM,False,8278,Accepted,
29742996,0568000,LOUISVILLE METRO POLICE DEPT,Accepted,JEFFERSON,KY0061,,PRESTON,HWY,,,OAKLAWN,,,,,38.148758789,-85.692488130,4.728,12/16/2021 12:00:00 AM,1804,2,2,0,1,RAINING,WET,False,ANGLE COLLISION - OTHER,ANGLE,STRAIGHT & LEVEL,DARK-HWY LIGHTED/ON,,,2/25/2022 7:41:45 AM,False,7269,Accepted,
29549533,0568000,LOUISVILLE METRO POLICE DEPT,Accepted,JEFFERSON,US0150,,21ST,ST,N,US0031W,MAIN,,,,,38.259741376,-85.784657362,0.761,12/16/2021 12:00:00 AM,1502,2,2,0,1,CLOUDY,DRY,False,ANGLE COLLISION - OTHER,ANGLE,STRAIGHT & LEVEL,DAYLIGHT,,,1/10/2022 8:38:51 AM,False,7405,Accepted,
29474923,0568000,LOUISVILLE METRO POLICE DEPT,Accepted,JEFFERSON,KY1932,,BRECKENRIDGE,LN,,,BRONNER,,,,,38.184853218,-85.626276586,0.252,12/16/2021 12:00:00 AM,2045,2,2,0,1,CLEAR,WET,False,OTHER INTERSECTION COLLISIONS,REAR END,STRAIGHT & LEVEL,UNKNOWN,,,12/17/2021 8:32:32 AM,False,5153,Accepted,
29474924,0568000,LOUISVILLE METRO POLICE DEPT,Accepted,JEFFERSON,KY1020,,NATIONAL,TPKE,,KY1065,OUTER,,,,,38.126954691,-85.748970731,3.661,12/16/2021 12:00:00 AM,2239,2,2,0,0,CLEAR,DRY,False,ANGLE COLLISION - OTHER,ANGLE,STRAIGHT & LEVEL,DARK-HWY LIGHTED/ON,,,12/17/2021 8:32:36 AM,False,5312,Accepted,
29474917,0568000,LOUISVILLE METRO POLICE DEPT,Accepted,JEFFERSON,US0060,15402,SHELBYVILLE,RD,,,,,BECKLEY CREEK,,BIRCHAM,38.235958599,-85.476204145,13.590,12/16/2021 12:00:00 AM,1934,1,1,0,0,CLOUDY,WET,False,COLLISION WITH FIXED OBJECT NON - INTERSECTION - FIRST EVENT COLLISION 09 - 32 EXCLUDING 16,SINGLE VEHICLE,CURVE & GRADE,DARK-HWY LIGHTED/ON,,,12/17/2021 8:32:02 AM,False,7370,Accepted,
29476488,0560000,JEFFERSON COUNTY SHERIFF DEPT.,Accepted,JEFFERSON,KY1631,,CRITTENDEN,DR,,,CENTRAL,,,,,38.202948319,-85.750757447,1.035,12/16/2021 12:00:00 AM,1038,2,2,0,0,CLEAR,DRY,False,OPPOSING LEFT TURN,OPPOSING LEFT TURN,STRAIGHT & LEVEL,DAYLIGHT,,,12/17/2021 4:29:52 PM,False,3949,Accepted,
29474875,0568000,LOUISVILLE METRO POLICE DEPT,Accepted,JEFFERSON,,,GLIMMER,WAY,,,,,,,,38.134625011,-85.777325911,0.546,12/16/2021 12:00:00 AM,0827,2,2,0,0,CLOUDY,DRY,False,COLLISION IN PARKING LOT,SIDESWIPE-OPPOSITE DIRECTION,STRAIGHT & LEVEL,DAYLIGHT,,,12/17/2021 8:29:47 AM,False,7080,Accepted,
29474881,0568000,LOUISVILLE METRO POLICE DEPT,Accepted,JEFFERSON,US0031E,,BARDSTOWN,RD,,,GOLDSMITH,,,,,38.208347201,-85.669072469,11.772,12/16/2021 12:00:00 AM,0802,2,2,0,0,CLOUDY,DRY,False,ANGLE COLLISION - OTHER,ANGLE,STRAIGHT & LEVEL,DAYLIGHT,,,12/17/2021 8:30:11 AM,False,4693,Accepted,
29474882,0568000,LOUISVILLE METRO POLICE DEPT,Accepted,JEFFERSON,KY1747,,HURSTBOURNE,PKWY,S,,RAINTREE,,,,,38.200688137,-85.602912658,9.729,12/16/2021 12:00:00 AM,1124,2,2,0,3,CLOUDY,DRY,False,ANGLE COLLISION - OTHER,ANGLE,STRAIGHT & GRADE,DAYLIGHT,,,12/17/2021 8:30:17 AM,False,4693,Accepted,
29474888,0568000,LOUISVILLE METRO POLICE DEPT,Accepted,JEFFERSON,KY0061,,JACKSON,ST,S,,KENTUCKY,,,,,38.237562552,-85.746902645,11.761,12/16/2021 12:00:00 AM,1238,2,2,0,1,CLOUDY,DRY,False,ANGLE COLLISION - OTHER,ANGLE,STRAIGHT & LEVEL,DAYLIGHT,,,12/17/2021 8:30:56 AM,False,5175,Accepted,
29474889,0568000,LOUISVILLE METRO POLICE DEPT,Accepted,JEFFERSON,KY1020,,2ND,ST,S,,LEE,,,,,38.222858640,-85.759081750,10.501,12/16/2021 12:00:00 AM,1307,2,2,0,0,CLOUDY,DRY,False,COLLISION WITH PARKED VEHICLE,SIDESWIPE-SAME DIRECTION,STRAIGHT & LEVEL,DAYLIGHT,,,12/17/2021 8:31:00 AM,False,5175,Accepted,
29474891,0568000,LOUISVILLE METRO POLICE DEPT,Accepted,JEFFERSON,,,INDIAN,TRL,E,KY0061,PRESTON,,,,,38.168764928,-85.706558786,0.001,12/16/2021 12:00:00 AM,1420,3,3,0,0,RAINING,WET,False,OPPOSING LEFT TURN,OPPOSING LEFT TURN,STRAIGHT & LEVEL,DAYLIGHT,,,12/17/2021 8:31:09 AM,True,5394,Accepted,
29474899,0568000,LOUISVILLE METRO POLICE DEPT,Accepted,JEFFERSON,KY0864,,FEGENBUSH,LN,,,,,FENWICK,,CONCORD HILL,38.155754199,-85.636744607,6.131,12/16/2021 12:00:00 AM,1309,2,2,0,6,RAINING,WET,False,HEAD-ON COLLISION,HEAD ON,CURVE & GRADE,DAYLIGHT,,,12/17/2021 8:31:36 AM,False,2324,Accepted,
29470839,0568000,LOUISVILLE METRO POLICE DEPT,Accepted,JEFFERSON,KY0841,,GENE SNYDER,FWY,,,,,PARK,KY0841,KY841 RAMP TO KY1020,38.117993304,-85.741046186,8.014,12/16/2021 12:00:00 AM,0259,1,1,0,0,CLEAR,DRY,False,OTHER COLLISIONS ON SHOULDER,SINGLE VEHICLE,STRAIGHT & LEVEL,DARK-HWY LIGHTED/ON,,,12/16/2021 8:18:37 AM,False,5220,Accepted,
29474872,0568000,LOUISVILLE METRO POLICE DEPT,Accepted,JEFFERSON,US0031E,,BARDSTOWN,RD,,,,,,,,38.134820751,-85.579817882,4.421,12/16/2021 12:00:00 AM,0828,2,2,0,0,CLOUDY,DRY,False,OTHER ROADWAY OR MID-BLOCK COLLISION,OPPOSING LEFT TURN,STRAIGHT & LEVEL,DAYLIGHT,,,12/17/2021 8:29:37 AM,False,7698,Accepted,
29475122,0568000,LOUISVILLE METRO POLICE DEPT,Accepted,JEFFERSON,US0150,,22ND,ST,N,,,,LYTLE,,PORTLAND,38.268328320,-85.782556279,0.129,12/16/2021 12:00:00 AM,1257,2,1,0,0,CLOUDY,DRY,False,REAR END IN TRAFFIC LANES BOTH VEHICLES MOVING,REAR END,STRAIGHT & LEVEL,DAYLIGHT,,,12/17/2021 8:31:50 AM,False,7325,Accepted,
29486272,0560500,ANCHORAGE POLICE DEPARTMENT,Accepted,JEFFERSON,,,OLD HARRODS CREEK,RD,,,BEECH,,,,,38.257016809,-85.548497754,0.925,12/16/2021 12:00:00 AM,1515,2,2,0,1,RAINING,WET,False,ANGLE COLLISION - OTHER,ANGLE,STRAIGHT & LEVEL,DAYLIGHT,,,12/20/2021 9:52:45 PM,False,8542,Accepted,
29483371,0568000,LOUISVILLE METRO POLICE DEPT,Accepted,JEFFERSON,I 0065,,,,,,,,,,,38.190645930,-85.731521210,0.461,12/15/2021 12:00:00 AM,0700,2,2,0,1,CLEAR,FLOODED,False,OTHER RAMP RELATED COLLISIONS NOT LISTED ABOVE,REAR END,CURVE & LEVEL,DAYLIGHT,I 0264,I 0065,12/20/2021 8:44:24 AM,False,7628,Accepted,
29474883,0568000,LOUISVILLE METRO POLICE DEPT,Accepted,JEFFERSON,US0031W,,DIXIE,HWY,,,KENDALL,,,,,38.115545487,-85.860569907,9.276,12/15/2021 12:00:00 AM,1830,2,2,0,3,CLEAR,DRY,False,ANGLE COLLISION - OTHER,ANGLE,STRAIGHT & LEVEL,DARK-HWY NOT LIGHTED,,,12/17/2021 8:30:23 AM,False,2311,Accepted,
29470827,0568000,LOUISVILLE METRO POLICE DEPT,Accepted,JEFFERSON,KY1934,4443,CANE RUN,RD,,,,,,,,38.195658278,-85.840436741,9.229,12/15/2021 12:00:00 AM,1001,2,2,0,0,CLEAR,DRY,False,1 VEHICLE PARKED POSITION (NOT PARKING LOT/DRIVEWAY),SIDESWIPE-OPPOSITE DIRECTION,STRAIGHT & LEVEL,DAYLIGHT,,,12/16/2021 8:17:44 AM,False,5240,Accepted,
29470828,0568000,LOUISVILLE METRO POLICE DEPT,Accepted,JEFFERSON,,,KAHLERT,AVE,,,CARLISLE,,,,,38.194320350,-85.787064649,0.097,12/15/2021 12:00:00 AM,0715,4,4,0,0,CLOUDY,DRY,True,ANGLE COLLISION - OTHER,ANGLE,STRAIGHT & LEVEL,DARK-HWY LIGHTED/ON,,,12/16/2021 8:17:48 AM,False,2745,Accepted,
29470829,0568000,LOUISVILLE METRO POLICE DEPT,Accepted,JEFFERSON,KY0061,,PRESTON,ST,S,,,,,,,38.237772261,-85.748835075,12.046,12/15/2021 12:00:00 AM,1520,2,2,0,0,CLEAR,DRY,False,REAR END IN TRAFFIC LANES BOTH VEHICLES MOVING,REAR END,STRAIGHT & LEVEL,DAYLIGHT,,,12/16/2021 8:17:52 AM,False,5258,Accepted,
29470836,0568000,LOUISVILLE METRO POLICE DEPT,Accepted,JEFFERSON,US0031E,,MARKET,ST,E,,,,CAMPBELL,,WENZEL,38.252858670,-85.734486230,16.742,12/15/2021 12:00:00 AM,1524,2,2,0,1,CLOUDY,DRY,False,1 VEHICLE ENTERING/LEAVING ENTRANCE,ANGLE,STRAIGHT & LEVEL,DAYLIGHT,,,12/16/2021 8:18:26 AM,False,6360,Accepted,
29470837,0568000,LOUISVILLE METRO POLICE DEPT,Accepted,JEFFERSON,US0031E,2108,BARDSTOWN,RD,,,,,PRINCETON,,DOUGLASS,38.225118273,-85.695111306,13.715,12/15/2021 12:00:00 AM,1400,3,3,0,0,CLEAR,DRY,True,1 VEHICLE PARKED POSITION (NOT PARKING LOT/DRIVEWAY),SIDESWIPE-SAME DIRECTION,STRAIGHT & HILLCREST,DAYLIGHT,,,12/16/2021 8:18:30 AM,False,7960,Accepted,
29474915,0568000,LOUISVILLE METRO POLICE DEPT,Accepted,JEFFERSON,US0031E,,BUECHEL,BYP,,KY2052,HIKES,,,,,38.198147246,-85.660936481,10.960,12/15/2021 12:00:00 AM,1000,2,2,0,2,CLEAR,DRY,False,ANGLE COLLISION - OTHER,ANGLE,STRAIGHT & LEVEL,DAYLIGHT,,,12/17/2021 8:31:59 AM,False,5247,Accepted,
29470838,0568000,LOUISVILLE METRO POLICE DEPT,Accepted,JEFFERSON,,4921,DETERMINE,LN,,,,,,,,38.170256729,-85.841275773,0.193,12/15/2021 12:00:00 AM,2240,2,2,0,0,CLEAR,DRY,True,COLLISION IN PARKING LOT,REAR END,STRAIGHT & LEVEL,DARK-HWY LIGHTED/ON,,,12/16/2021 8:18:34 AM,False,5212,Accepted,