IncidentID,AgencyORI,AgencyName,IncidentStatusDesc,County,RdwyNumber,Street,RoadwayName,StreetSfx,StreetDir,IntersectionRdwy,IntersectionRdwyName,BetweenStRdwy1,BetweenStRdwyName1,BetweenStRdwy2,BetweenStRdwyName2,Latitude,Longitude,Milepoint,CollisionDate,CollisionTime,UnitsInvolved,MotorVehiclesInvolved,NumberKilled,NumberInjured,Weather,RdwyConditionCode,HitandRun,DirAnalysisCode,MannerofCollision,RdwyCharacter,LightCondition,RampFromRdwyId,RampToRdwyId,AcceptedDate,IsSecondaryCollision,OwnerBadge,IncidentStatus,
29487603,0568000,LOUISVILLE METRO POLICE DEPT,Accepted,JEFFERSON,KY0155,,TAYLORSVILLE,RD,,I 0265,I265 E EXIT23 ON RAMP FROM KY155,,,,,38.188660229,-85.509109049,6.071,12/15/2021 12:00:00 AM,2020,3,3,0,0,CLEAR,DRY,False,OTHER INTERSECTION COLLISIONS,REAR END,STRAIGHT & LEVEL,DARK-HWY LIGHTED/ON,,,12/21/2021 8:10:41 AM,False,5403,Accepted,
29504159,0568000,LOUISVILLE METRO POLICE DEPT,Accepted,JEFFERSON,,,SOUTHSIDE,DR,,,TENNY,,,,,38.176662115,-85.764709853,0.001,12/15/2021 12:00:00 AM,0115,2,2,0,0,CLEAR,DRY,False,COLLISION WITH FIXED OBJECT IN INTERSECTION - FIRST EVENT COLLISION 09 - 32,HEAD ON,STRAIGHT & LEVEL,DARK-HWY LIGHTED/ON,,,12/27/2021 8:31:40 AM,False,5249,Accepted,
29508511,0568000,LOUISVILLE METRO POLICE DEPT,Accepted,JEFFERSON,,,MAGNOLIA,AVE,W,,4TH,,,,,38.229176758,-85.761362219,0.271,12/15/2021 12:00:00 AM,2154,2,2,0,1,CLOUDY,DRY,False,ANGLE COLLISION - OTHER,ANGLE,STRAIGHT & LEVEL,DARK-HWY LIGHTED/ON,,,12/28/2021 8:19:34 AM,False,5373,Accepted,
29515715,0568000,LOUISVILLE METRO POLICE DEPT,Accepted,JEFFERSON,,,NORRIS,PL,,US0060A,EASTERN,,,,,38.230747400,-85.711557677,0.078,12/15/2021 12:00:00 AM,1840,2,2,0,0,CLEAR,DRY,False,ANGLE COLLISION - ONE VEHICLE TURNING RIGHT,ANGLE,STRAIGHT & LEVEL,DARK-HWY LIGHTED/ON,,,12/30/2021 8:19:07 AM,False,5006,Accepted,
29466921,0568000,LOUISVILLE METRO POLICE DEPT,Accepted,JEFFERSON,,4312,NEWPORT,RD,,,,,,,,38.178336072,-85.641971704,0.172,12/15/2021 12:00:00 AM,0229,3,3,0,0,CLEAR,DRY,False,1 VEHICLE PARKED POSITION (NOT PARKING LOT/DRIVEWAY),ANGLE,STRAIGHT & LEVEL,DARK-HWY LIGHTED/ON,,,12/15/2021 8:29:10 AM,False,5299,Accepted,
29470831,0568000,LOUISVILLE METRO POLICE DEPT,Accepted,JEFFERSON,KY1747,,FERN VALLEY,RD,,,FERN VALLEY,,,,,38.155981903,-85.651395425,4.434,12/15/2021 12:00:00 AM,1528,2,2,0,2,CLEAR,DRY,False,OPPOSING LEFT TURN,OPPOSING LEFT TURN,STRAIGHT & LEVEL,DAYLIGHT,,,12/16/2021 8:18:03 AM,False,7698,Accepted,
29470832,0568000,LOUISVILLE METRO POLICE DEPT,Accepted,JEFFERSON,KY0061,,JACKSON,ST,S,,CONRAD,,,,,38.238344848,-85.746852809,11.788,12/15/2021 12:00:00 AM,1333,2,2,0,0,CLEAR,DRY,False,SIDESWIPE-SAME DIRECTION,SIDESWIPE-SAME DIRECTION,STRAIGHT & LEVEL,DAYLIGHT,,,12/16/2021 8:18:06 AM,False,5301,Accepted,
29474878,0568000,LOUISVILLE METRO POLICE DEPT,Accepted,JEFFERSON,KY1819,6412,BILLTOWN,RD,,,,,,,,38.151058551,-85.550620606,5.606,12/15/2021 12:00:00 AM,1210,2,2,0,0,CLEAR,DRY,False,SIDESWIPE COLLISION - SAME DIRECTION,SIDESWIPE-SAME DIRECTION,STRAIGHT & LEVEL,DAYLIGHT,,,12/17/2021 8:30:01 AM,False,7465,Accepted,
29474876,0568000,LOUISVILLE METRO POLICE DEPT,Accepted,JEFFERSON,KY2051,5700,CAMP GROUND,RD,,,,,,,,38.198943333,-85.858863600,3.705,12/15/2021 12:00:00 AM,1820,2,2,0,2,CLEAR,DRY,False,1 VEHICLE ENTERING/LEAVING ENTRANCE,ANGLE,STRAIGHT & HILLCREST,DARK-HWY LIGHTED/OFF,,,12/17/2021 8:29:53 AM,False,5240,Accepted,
29474871,0568000,LOUISVILLE METRO POLICE DEPT,Accepted,JEFFERSON,US0060,,SHELBYVILLE,RD,,,,,,,,38.245022121,-85.559179164,8.827,12/15/2021 12:00:00 AM,1755,2,2,0,2,CLEAR,DRY,False,OTHER ROADWAY OR MID-BLOCK COLLISION,OPPOSING LEFT TURN,STRAIGHT & LEVEL,DARK-HWY LIGHTED/ON,,,12/17/2021 8:29:30 AM,False,2218,Accepted,
29470826,0568000,LOUISVILLE METRO POLICE DEPT,Accepted,JEFFERSON,,3706,DIANN MARIE,RD,,,,,,,,38.299796406,-85.542950760,0.275,12/15/2021 12:00:00 AM,1245,2,1,0,1,CLEAR,DRY,False,COLLISION WITH PEDESTRIAN NON - INTERSECTION,SINGLE VEHICLE,STRAIGHT & LEVEL,DAYLIGHT,,,12/16/2021 8:17:40 AM,False,7615,Accepted,
29470834,0568000,LOUISVILLE METRO POLICE DEPT,Accepted,JEFFERSON,,,41ST,ST,S,,LARKWOOD,,,,,38.258999705,-85.818388230,1.615,12/15/2021 12:00:00 AM,1115,2,2,0,2,CLEAR,DRY,False,ANGLE COLLISION - OTHER,ANGLE,STRAIGHT & LEVEL,DAYLIGHT,,,12/16/2021 8:18:18 AM,False,7363,Accepted,
29466874,0568000,LOUISVILLE METRO POLICE DEPT,Accepted,JEFFERSON,,700,ACADEMY RIDGE,BLVD,,,,,,,,38.235279330,-85.499029746,0.112,12/14/2021 12:00:00 AM,1215,2,2,0,0,CLEAR,DRY,False,1 VEHICLE ENTERING/LEAVING ENTRANCE,ANGLE,STRAIGHT & GRADE,DAYLIGHT,,,12/15/2021 8:27:23 AM,False,6532,Accepted,
29466882,0568000,LOUISVILLE METRO POLICE DEPT,Accepted,JEFFERSON,,,ANTLE,DR,,KY6302,OLD KY 61 RD,,,,,38.087505611,-85.668211506,0.128,12/14/2021 12:00:00 AM,1130,2,2,0,1,CLEAR,DRY,False,ANGLE COLLISION - OTHER,ANGLE,STRAIGHT & LEVEL,DAYLIGHT,,,12/15/2021 8:27:35 AM,False,4693,Accepted,
29466891,0568000,LOUISVILLE METRO POLICE DEPT,Accepted,JEFFERSON,US0031E,,BARDSTOWN,RD,,,EDENSIDE,,,,,38.232627582,-85.710734560,14.715,12/14/2021 12:00:00 AM,1714,2,2,0,1,CLEAR,DRY,False,ANGLE COLLISION - OTHER,ANGLE,STRAIGHT & LEVEL,DUSK,,,12/15/2021 8:27:50 AM,False,2100,Accepted,
29466915,0568000,LOUISVILLE METRO POLICE DEPT,Accepted,JEFFERSON,I 0265,,I265 N,,,,,,,,,38.287054867,-85.520046771,30.783,12/14/2021 12:00:00 AM,2204,2,2,0,1,CLOUDY,DRY,True,SIDESWIPE COLLISION - SAME DIRECTION,SIDESWIPE-SAME DIRECTION,CURVE & LEVEL,DARK-HWY LIGHTED/ON,,,12/15/2021 8:28:49 AM,False,7159,Accepted,
29466916,0568000,LOUISVILLE METRO POLICE DEPT,Accepted,JEFFERSON,KY1865,,TAYLOR,BLVD,,,BROOKLINE,,,,,38.175423797,-85.782600119,4.738,12/14/2021 12:00:00 AM,2232,1,1,0,0,CLEAR,DRY,True,COLLISION WITH FIXED OBJECT IN INTERSECTION - FIRST EVENT COLLISION 09 - 32,SINGLE VEHICLE,STRAIGHT & LEVEL,DARK-HWY LIGHTED/ON,,,12/15/2021 8:28:52 AM,False,5284,Accepted,
29466922,0568000,LOUISVILLE METRO POLICE DEPT,Accepted,JEFFERSON,I 0065,,I65 N,,,,,,,,,38.235906910,-85.751718552,134.565,12/14/2021 12:00:00 AM,0710,2,2,0,1,CLEAR,DRY,False,SIDESWIPE COLLISION - SAME DIRECTION,SIDESWIPE-SAME DIRECTION,STRAIGHT & LEVEL,DAYLIGHT,,,12/15/2021 8:29:16 AM,False,7628,Accepted,
29470825,0568000,LOUISVILLE METRO POLICE DEPT,Accepted,JEFFERSON,KY1020,9205,NATIONAL,TPKE,,,,,,,,38.114544208,-85.747831156,2.814,12/14/2021 12:00:00 AM,1814,2,2,0,0,CLOUDY,DRY,True,REAR END IN TRAFFIC LANES BOTH VEHICLES MOVING,REAR END,STRAIGHT & LEVEL,DARK-HWY LIGHTED/ON,,,12/16/2021 8:17:36 AM,False,7252,Accepted,
29466898,0568000,LOUISVILLE METRO POLICE DEPT,Accepted,JEFFERSON,KY1631,,CRITTENDEN,DR,,,CENTRAL,,,,,38.202966897,-85.750729158,1.035,12/14/2021 12:00:00 AM,1744,2,2,0,0,CLOUDY,DRY,False,ANGLE COLLISION - OTHER,ANGLE,STRAIGHT & LEVEL,DAYLIGHT,,,12/15/2021 8:28:08 AM,False,5378,Accepted,
29466905,0568000,LOUISVILLE METRO POLICE DEPT,Accepted,JEFFERSON,KY0022,,BALLARDSVILLE,RD,,,NETHERWOOD RIDGE,,,,,38.317323312,-85.544018602,5.797,12/14/2021 12:00:00 AM,0947,2,2,0,0,CLEAR,DRY,False,COLLISION WITH PARKED VEHICLE,SIDESWIPE-SAME DIRECTION,STRAIGHT & GRADE,DAYLIGHT,,,12/15/2021 8:28:24 AM,False,7483,Accepted,
29466906,0568000,LOUISVILLE METRO POLICE DEPT,Accepted,JEFFERSON,,,WATTERSON,TRL,S,,FAIR,,,,,38.158584628,-85.614530955,1.838,12/14/2021 12:00:00 AM,1603,2,2,0,0,CLEAR,DRY,True,OPPOSITE DIRECTION - BOTH VEHICLES GOING STRAIGHT AHEAD,SIDESWIPE-OPPOSITE DIRECTION,STRAIGHT & LEVEL,DAYLIGHT,,,12/15/2021 8:28:30 AM,False,2321,Accepted,
29466862,0568000,LOUISVILLE METRO POLICE DEPT,Accepted,JEFFERSON,KY1703,,BAXTER,AVE,,,,,EDENSIDE,US0060A,EASTERN,38.228972662,-85.715319048,4.762,12/14/2021 12:00:00 AM,0844,2,2,0,0,CLEAR,DRY,False,VEHICLE BACKING NON INTERSECTION,BACKING,STRAIGHT & GRADE,DAYLIGHT,,,12/15/2021 8:26:53 AM,False,2228,Accepted,
29466889,0568000,LOUISVILLE METRO POLICE DEPT,Accepted,JEFFERSON,,1530,PHYLLIS,AVE,,,COLORADO,,,,,38.208799079,-85.783712837,0.343,12/14/2021 12:00:00 AM,1531,1,1,0,0,CLOUDY,DRY,False,COLLISION WITH FIXED OBJECT IN INTERSECTION - FIRST EVENT COLLISION 09 - 32,SINGLE VEHICLE,STRAIGHT & LEVEL,DAYLIGHT,,,12/15/2021 8:27:46 AM,False,5399,Accepted,
29483268,0568000,LOUISVILLE METRO POLICE DEPT,Accepted,JEFFERSON,,,GRINSTEAD,DR,,I 0064,I64 E EXIT8 ON RAMP FROM  GRINSTEAD DR,,,,,38.246766028,-85.700650242,0.227,12/14/2021 12:00:00 AM,1800,2,2,0,0,CLOUDY,DRY,False,ANGLE COLLISION - ONE VEHICLE TURNING LEFT,ANGLE,STRAIGHT & LEVEL,DARK-HWY LIGHTED/ON,,,12/20/2021 8:36:34 AM,False,2228,Accepted,
29701181,0568000,LOUISVILLE METRO POLICE DEPT,Accepted,JEFFERSON,US0031E,,MARKET,ST,E,,BROOK,,,,,38.254478404,-85.750141486,17.569,12/14/2021 12:00:00 AM,2059,2,2,0,1,CLEAR,DRY,False,SIDESWIPE-SAME DIRECTION,SIDESWIPE-SAME DIRECTION,STRAIGHT & LEVEL,DARK-HWY LIGHTED/ON,,,2/15/2022 8:15:35 AM,False,5122,Accepted,
29466866,0568000,LOUISVILLE METRO POLICE DEPT,Accepted,JEFFERSON,US0031W,,DIXIE,HWY,,,,,,,,38.101438127,-85.870535078,8.159,12/14/2021 12:00:00 AM,0945,2,2,0,0,CLEAR,DRY,False,1 VEHICLE ENTERING/LEAVING ENTRANCE,ANGLE,STRAIGHT & LEVEL,DAYLIGHT,,,12/15/2021 8:27:03 AM,False,7174,Accepted,
29466884,0568000,LOUISVILLE METRO POLICE DEPT,Accepted,JEFFERSON,,,WATTERSON,TRL,S,,,,,,,38.156323127,-85.614651525,1.991,12/14/2021 12:00:00 AM,1325,2,2,0,0,CLOUDY,DRY,False,1 VEHICLE ENTERING/LEAVING ENTRANCE,ANGLE,STRAIGHT & HILLCREST,DAYLIGHT,,,12/15/2021 8:27:39 AM,False,4693,Accepted,
29466901,0568000,LOUISVILLE METRO POLICE DEPT,Accepted,JEFFERSON,US0031W,,DIXIE,HWY,,,,,,,,38.112224260,-85.863367680,9.000,12/14/2021 12:00:00 AM,1841,2,1,0,1,CLEAR,DRY,False,COLLISION WITH PEDESTRIAN NON - INTERSECTION,SINGLE VEHICLE,STRAIGHT & LEVEL,DARK-HWY NOT LIGHTED,,,12/15/2021 8:28:16 AM,False,7234,Accepted,
29466903,0568000,LOUISVILLE METRO POLICE DEPT,Accepted,JEFFERSON,I 0264,,,,,,,,,,,38.243755788,-85.621085268,0.239,12/14/2021 12:00:00 AM,1740,2,2,0,2,CLEAR,DRY,False,OTHER RAMP RELATED COLLISIONS NOT LISTED ABOVE,REAR END,STRAIGHT & LEVEL,DUSK,I 0264,US0060,12/15/2021 8:28:20 AM,False,2013,Accepted,
29466911,0568000,LOUISVILLE METRO POLICE DEPT,Accepted,JEFFERSON,KY0907,7800,3RD ST,RD,,,,,,,,38.131829696,-85.791500733,5.002,12/14/2021 12:00:00 AM,2101,3,3,0,0,CLEAR,DRY,False,SIDESWIPE COLLISION - SAME DIRECTION,SIDESWIPE-SAME DIRECTION,STRAIGHT & LEVEL,DARK-HWY LIGHTED/ON,,,12/15/2021 8:28:38 AM,False,5321,Accepted,
29466918,0568000,LOUISVILLE METRO POLICE DEPT,Accepted,JEFFERSON,KY0841,,GENE SNYDER,FWY,,,,,,,,38.118959865,-85.783127634,5.690,12/14/2021 12:00:00 AM,0515,4,4,0,1,CLEAR,DRY,False,SIDESWIPE COLLISION - SAME DIRECTION,SIDESWIPE-SAME DIRECTION,STRAIGHT & LEVEL,DAWN,,,12/15/2021 8:28:59 AM,False,7277,Accepted,
29466919,0568000,LOUISVILLE METRO POLICE DEPT,Accepted,JEFFERSON,I 0265,,I265 E,,,,,I 0265,I265 E EXIT15 ON RAMP FROM KY864,I 0265,I265 E EXIT17 OFF RAMP TO US31E,38.128290361,-85.605499092,15.751,12/14/2021 12:00:00 AM,2236,1,1,0,1,CLEAR,DRY,False,COLLISION WITH FIXED OBJECT NON - INTERSECTION - FIRST EVENT COLLISION 09 - 32 EXCLUDING 16,SINGLE VEHICLE,STRAIGHT & LEVEL,DARK-HWY NOT LIGHTED,,,12/15/2021 8:29:03 AM,False,5141,Accepted,
29466920,0568000,LOUISVILLE METRO POLICE DEPT,Accepted,JEFFERSON,,,ST RITA,DR,,KY0061,PRESTON,,,,,38.128386303,-85.681238903,0.002,12/14/2021 12:00:00 AM,2153,2,2,0,0,CLEAR,DRY,False,COLLISION WITH FIXED OBJECT NON - INTERSECTION - FIRST EVENT COLLISION 09 - 32 EXCLUDING 16,REAR END,STRAIGHT & LEVEL,DARK-HWY NOT LIGHTED,,,12/15/2021 8:29:06 AM,False,5115,Accepted,
29438250,0568000,LOUISVILLE METRO POLICE DEPT,Accepted,JEFFERSON,KY3082,,BANK,ST,,,,,24TH,US0150,22ND,38.267538493,-85.786032716,1.386,12/14/2021 12:00:00 AM,0100,2,2,0,0,CLEAR,DRY,False,1 VEHICLE PARKED POSITION (NOT PARKING LOT/DRIVEWAY),SIDESWIPE-SAME DIRECTION,STRAIGHT & LEVEL,DARK-HWY LIGHTED/ON,,,12/14/2021 8:16:49 AM,False,5275,Accepted,
29441540,0568000,LOUISVILLE METRO POLICE DEPT,Accepted,JEFFERSON,US0060,,SHELBYVILLE,RD,,,,,,,,38.246232037,-85.574666984,7.980,12/14/2021 12:00:00 AM,0809,2,2,0,0,CLEAR,DRY,False,1 VEHICLE ENTERING/LEAVING ENTRANCE,ANGLE,STRAIGHT & GRADE,DAYLIGHT,,,12/14/2021 9:59:24 AM,False,6532,Accepted,
29466686,0566700,MIDDLETOWN POLICE DEPARTMENT,Accepted,JEFFERSON,US0060,,SHELBYVILLE,RD,,,SPREADING OAK,,,,,38.241444617,-85.496914077,12.379,12/14/2021 12:00:00 AM,1638,2,2,0,0,CLOUDY,DRY,False,OTHER INTERSECTION COLLISIONS,REAR END,STRAIGHT & LEVEL,DAYLIGHT,,,12/15/2021 7:34:59 AM,False,2011,Accepted,
29466908,0568000,LOUISVILLE METRO POLICE DEPT,Accepted,JEFFERSON,KY1865,,TAYLOR,BLVD,,,SEELBACH,,,,,38.187884975,-85.783580819,5.573,12/14/2021 12:00:00 AM,1750,3,3,0,6,CLEAR,DRY,True,ANGLE COLLISION - OTHER,ANGLE,STRAIGHT & LEVEL,DUSK,,,12/15/2021 8:28:34 AM,False,5230,Accepted,
29467025,0568000,LOUISVILLE METRO POLICE DEPT,Accepted,JEFFERSON,KY2048,,CANNONS,LN,,,,,,,,38.222479005,-85.658239479,0.020,12/14/2021 12:00:00 AM,1241,3,1,0,3,CLEAR,DRY,False,OTHER ROADWAY OR MID-BLOCK COLLISION,REAR TO REAR,STRAIGHT & LEVEL,DAYLIGHT,,,12/15/2021 8:28:04 AM,False,6813,Accepted,
29466860,0568000,LOUISVILLE METRO POLICE DEPT,Accepted,JEFFERSON,KY1747,,HURSTBOURNE,PKWY,N,,,,,,,38.287603118,-85.572368068,17.033,12/14/2021 12:00:00 AM,0859,2,2,0,1,CLEAR,DRY,False,1 VEHICLE ENTERING/LEAVING ENTRANCE,ANGLE,STRAIGHT & LEVEL,DAYLIGHT,,,12/15/2021 8:26:48 AM,False,2346,Accepted,
29466877,0568000,LOUISVILLE METRO POLICE DEPT,Accepted,JEFFERSON,,,MURPHY,LN,,,,,TAZWELL,,OAKBROOK,38.307083010,-85.536214462,0.401,12/14/2021 12:00:00 AM,0649,2,2,0,0,CLEAR,DRY,False,1 VEHICLE ENTERING/LEAVING ENTRANCE,ANGLE,STRAIGHT & HILLCREST,DARK-HWY LIGHTED/ON,,,12/15/2021 8:27:27 AM,False,7876,Accepted,
29466886,0568000,LOUISVILLE METRO POLICE DEPT,Accepted,JEFFERSON,,,15TH,ST,S,,PRENTICE,,,,,38.240344568,-85.777760843,1.038,12/14/2021 12:00:00 AM,1552,2,2,0,0,CLEAR,DRY,False,SIDESWIPE-SAME DIRECTION,SIDESWIPE-SAME DIRECTION,STRAIGHT & LEVEL,DAYLIGHT,,,12/15/2021 8:27:43 AM,False,5402,Accepted,
29466900,0568000,LOUISVILLE METRO POLICE DEPT,Accepted,JEFFERSON,I 0065,,,,,,,,,,,38.190151524,-85.737540697,1.692,12/14/2021 12:00:00 AM,1800,2,2,0,0,CLEAR,DRY,True,OTHER RAMP RELATED COLLISIONS NOT LISTED ABOVE,SIDESWIPE-SAME DIRECTION,,DARK-HWY LIGHTED/ON,I 0065,I 0264,12/15/2021 8:28:12 AM,False,7357,Accepted,
29470820,0568000,LOUISVILLE METRO POLICE DEPT,Accepted,JEFFERSON,,,13TH,ST,S,,,,,,,38.223569224,-85.777538908,2.001,12/14/2021 12:00:00 AM,0808,2,2,0,1,CLEAR,DRY,False,1 VEHICLE ENTERING/LEAVING ENTRANCE,ANGLE,STRAIGHT & LEVEL,DAYLIGHT,,,12/16/2021 8:17:01 AM,False,7628,Accepted,
29483254,0568000,LOUISVILLE METRO POLICE DEPT,Accepted,JEFFERSON,,3107,MUHAMMAD ALI,BLVD,W,,,,,,,38.256472302,-85.805371914,2.904,12/14/2021 12:00:00 AM,0832,1,1,0,0,CLEAR,DRY,False,OTHER ROADWAY OR MID-BLOCK COLLISION,SINGLE VEHICLE,STRAIGHT & GRADE,DAYLIGHT,,,12/20/2021 8:35:42 AM,False,5397,Accepted,
29483287,0568000,LOUISVILLE METRO POLICE DEPT,Accepted,JEFFERSON,US0031W,,MARKET,ST,W,,18TH,,,,,38.257796253,-85.779945176,20.554,12/14/2021 12:00:00 AM,0517,2,2,0,0,CLEAR,DRY,False,ANGLE COLLISION - OTHER,ANGLE,STRAIGHT & LEVEL,DARK-HWY LIGHTED/ON,,,12/20/2021 8:38:14 AM,False,5275,Accepted,
29495381,0568000,LOUISVILLE METRO POLICE DEPT,Accepted,JEFFERSON,KY1934,,CANE RUN,RD,,,RICHMONT,,,,,38.197336669,-85.840127002,9.030,12/14/2021 12:00:00 AM,2121,2,2,0,0,CLEAR,DRY,False,OTHER INTERSECTION COLLISIONS,REAR END,STRAIGHT & LEVEL,DARK-HWY LIGHTED/ON,,,12/23/2021 7:28:56 AM,False,5325,Accepted,
29504160,0568000,LOUISVILLE METRO POLICE DEPT,Accepted,JEFFERSON,US0031E,,BARDSTOWN,RD,,US0031E,BUECHEL,,,,,38.200462987,-85.662421855,11.168,12/14/2021 12:00:00 AM,1540,2,2,0,0,CLEAR,DRY,False,ANGLE COLLISION - OTHER,ANGLE,STRAIGHT & LEVEL,DAYLIGHT,,,12/27/2021 8:31:44 AM,False,5276,Accepted,
29495306,0568000,LOUISVILLE METRO POLICE DEPT,Accepted,JEFFERSON,,1044,38TH,ST,S,,,,,,,38.243144386,-85.816303181,1.258,12/13/2021 12:00:00 AM,1530,2,2,0,0,CLEAR,DRY,False,1 VEHICLE PARKED POSITION (NOT PARKING LOT/DRIVEWAY),BACKING,STRAIGHT & LEVEL,DAYLIGHT,,,12/23/2021 7:24:40 AM,False,7329,Accepted,
29483328,0568000,LOUISVILLE METRO POLICE DEPT,Accepted,JEFFERSON,,,FURMAN,BLVD,,,HIKES,,,,,38.211967188,-85.639369132,0.763,12/13/2021 12:00:00 AM,1641,2,2,0,0,CLOUDY,DRY,False,ANGLE COLLISION - ONE VEHICLE TURNING LEFT,ANGLE,STRAIGHT & LEVEL,DUSK,,,12/20/2021 8:40:51 AM,False,7200,Accepted,
29438164,0568000,LOUISVILLE METRO POLICE DEPT,Accepted,JEFFERSON,,1639,LUCIA,AVE,,,,US0031E,BARDSTOWN,KY1703,BAXTER,38.236672076,-85.719116193,0.044,12/13/2021 12:00:00 AM,1206,2,2,0,1,CLEAR,DRY,True,1 VEHICLE ENTERING/LEAVING ENTRANCE,ANGLE,STRAIGHT & LEVEL,DAYLIGHT,,,12/14/2021 8:15:04 AM,False,7900,Accepted,
29438207,0568000,LOUISVILLE METRO POLICE DEPT,Accepted,JEFFERSON,I 0071,,I71 S,,,,,,,,,38.312215573,-85.587668753,8.775,12/13/2021 12:00:00 AM,1649,2,2,0,2,CLEAR,DRY,False,OTHER ROADWAY OR MID-BLOCK COLLISION,REAR END,STRAIGHT & LEVEL,DAYLIGHT,,,12/14/2021 8:16:00 AM,False,2346,Accepted,
29438246,0568000,LOUISVILLE METRO POLICE DEPT,Accepted,JEFFERSON,KY0061,,PRESTON,HWY,,,INDIAN,,,,,38.168754587,-85.706569011,6.339,12/13/2021 12:00:00 AM,2152,2,2,0,1,CLEAR,DRY,False,OPPOSING LEFT TURN,OPPOSING LEFT TURN,STRAIGHT & LEVEL,DARK-HWY LIGHTED/ON,,,12/14/2021 8:16:46 AM,False,5391,Accepted,
29466870,0568000,LOUISVILLE METRO POLICE DEPT,Accepted,JEFFERSON,KY1931,,GREENWOOD,RD,,,,,,,,38.144703060,-85.869745595,1.497,12/13/2021 12:00:00 AM,1644,2,2,0,1,CLEAR,DRY,False,1 VEHICLE ENTERING/LEAVING ENTRANCE,ANGLE,STRAIGHT & LEVEL,DAYLIGHT,,,12/15/2021 8:27:14 AM,False,7234,Accepted,
29438156,0568000,LOUISVILLE METRO POLICE DEPT,Accepted,JEFFERSON,I 0265,,I265 S,,,,,,,,,38.307377890,-85.568794975,33.807,12/13/2021 12:00:00 AM,0829,2,2,0,0,CLEAR,DRY,True,SIDESWIPE COLLISION - SAME DIRECTION,SIDESWIPE-SAME DIRECTION,STRAIGHT & LEVEL,DAYLIGHT,,,12/14/2021 8:14:54 AM,False,2346,Accepted,
29438181,0568000,LOUISVILLE METRO POLICE DEPT,Accepted,JEFFERSON,I 0065,,I65 N EXIT130 TRANSIT,,,,,,,,,38.184001396,-85.722877757,0.560,12/13/2021 12:00:00 AM,1312,3,3,0,0,CLEAR,DRY,False,REAR END IN TRAFFIC LANES BOTH VEHICLES MOVING,REAR END,STRAIGHT & LEVEL,DAYLIGHT,,,12/14/2021 8:15:28 AM,False,4693,Accepted,
29438183,0568000,LOUISVILLE METRO POLICE DEPT,Accepted,JEFFERSON,,2141,SYCAMORE,AVE,,,,,,,,38.255635638,-85.705027662,0.252,12/13/2021 12:00:00 AM,1312,2,2,0,0,CLEAR,DRY,False,COLLISION IN PARKING LOT,BACKING,STRAIGHT & LEVEL,DAYLIGHT,,,12/14/2021 8:15:32 AM,False,7535,Accepted,
29438198,0568000,LOUISVILLE METRO POLICE DEPT,Accepted,JEFFERSON,KY0061,,PRESTON,HWY,,,GRADE,,,,,38.180428293,-85.718767220,7.382,12/13/2021 12:00:00 AM,1625,2,2,0,0,CLEAR,DRY,True,SIDESWIPE-SAME DIRECTION,SIDESWIPE-SAME DIRECTION,STRAIGHT & LEVEL,DAYLIGHT,,,12/14/2021 8:15:50 AM,False,5233,Accepted,
29417633,0568000,LOUISVILLE METRO POLICE DEPT,Accepted,JEFFERSON,I 0264,,I264 W,,,,,,,,,38.190008478,-85.738290050,11.620,12/13/2021 12:00:00 AM,0146,2,2,0,1,CLEAR,DRY,True,REAR END IN TRAFFIC LANES BOTH VEHICLES MOVING,REAR END,STRAIGHT & LEVEL,DARK-HWY LIGHTED/ON,,,12/13/2021 8:34:45 AM,False,5183,Accepted,
29436701,0560400,SHIVELY POLICE DEPARTMENT,Accepted,JEFFERSON,I 0264,,I264 W,,,,,I 0065,I264 W EXIT12 OFF RAMP TO,I 0264,I264 W EXIT14 ON RAMP FROM KY864,38.192159992,-85.713943111,12.956,12/13/2021 12:00:00 AM,1840,2,2,0,0,CLEAR,DRY,False,REAR END IN TRAFFIC LANES BOTH VEHICLES MOVING,REAR END,STRAIGHT & LEVEL,DARK-HWY LIGHTED/ON,,,12/14/2021 1:45:44 AM,False,7129,Accepted,
29438231,0568000,LOUISVILLE METRO POLICE DEPT,Accepted,JEFFERSON,,,32ND,ST,S,,VERMONT,,,,,38.256435821,-85.804953280,1.967,12/13/2021 12:00:00 AM,1839,2,2,0,0,CLEAR,DRY,False,ANGLE COLLISION - OTHER,ANGLE,STRAIGHT & LEVEL,DARK-HWY LIGHTED/ON,,,12/14/2021 8:16:28 AM,False,5355,Accepted,