IncidentID,AgencyORI,AgencyName,IncidentStatusDesc,County,RdwyNumber,Street,RoadwayName,StreetSfx,StreetDir,IntersectionRdwy,IntersectionRdwyName,BetweenStRdwy1,BetweenStRdwyName1,BetweenStRdwy2,BetweenStRdwyName2,Latitude,Longitude,Milepoint,CollisionDate,CollisionTime,UnitsInvolved,MotorVehiclesInvolved,NumberKilled,NumberInjured,Weather,RdwyConditionCode,HitandRun,DirAnalysisCode,MannerofCollision,RdwyCharacter,LightCondition,RampFromRdwyId,RampToRdwyId,AcceptedDate,IsSecondaryCollision,OwnerBadge,IncidentStatus,
29438238,0568000,LOUISVILLE METRO POLICE DEPT,Accepted,JEFFERSON,,,ARNOLDTOWN,RD,,KY0907,3RD ST,,,,,38.121248368,-85.803667256,2.312,12/13/2021 12:00:00 AM,1955,2,2,0,0,CLEAR,DRY,False,REAR END - ONE VEHICLE TURNING RIGHT,REAR END,STRAIGHT & LEVEL,DARK-HWY NOT LIGHTED,,,12/14/2021 8:16:35 AM,False,7485,Accepted,
29438241,0568000,LOUISVILLE METRO POLICE DEPT,Accepted,JEFFERSON,,,GARLAND,AVE,,,SUTCLIFFE,,,,,38.246104763,-85.811839747,2.418,12/13/2021 12:00:00 AM,1416,2,2,0,0,CLEAR,DRY,False,COLLISION WITH PARKED VEHICLE,REAR END,STRAIGHT & LEVEL,DAYLIGHT,,,12/14/2021 8:16:39 AM,False,5309,Accepted,
29467026,0568000,LOUISVILLE METRO POLICE DEPT,Accepted,JEFFERSON,I 0064,,I64 W,,,,,I 0064,I64 W EXIT8 OFF RAMP TO  GRINSTEAD DR,I 0064,I64 TURN AROUND9,38.242944939,-85.695051265,8.234,12/13/2021 12:00:00 AM,1808,2,1,0,0,CLEAR,DRY,False,1 VEHICLE ENTERING/LEAVING ENTRANCE,ANGLE,CURVE & LEVEL,DARK (UNKNOWN ROADWAY LIGHTING),,,12/15/2021 8:27:55 AM,False,7632,Accepted,
29470821,0568000,LOUISVILLE METRO POLICE DEPT,Accepted,JEFFERSON,I 0264,,I264 W,,,,,,,,,38.228799760,-85.821451651,3.598,12/13/2021 12:00:00 AM,1507,5,5,0,2,CLEAR,DRY,False,REAR END IN TRAFFIC LANES BOTH VEHICLES MOVING,REAR END,CURVE & GRADE,DAYLIGHT,,,12/16/2021 8:17:07 AM,False,8278,Accepted,
29470822,0568000,LOUISVILLE METRO POLICE DEPT,Accepted,JEFFERSON,I 0264,,I264 W,,,,,,,,,38.228799760,-85.821451651,3.598,12/13/2021 12:00:00 AM,1507,3,3,0,0,CLEAR,DRY,False,REAR END IN TRAFFIC LANES BOTH VEHICLES MOVING,REAR END,CURVE & GRADE,DAYLIGHT,,,12/16/2021 8:17:22 AM,False,8278,Accepted,
29417623,0568000,LOUISVILLE METRO POLICE DEPT,Accepted,JEFFERSON,,,2ND,ST,S,,FAIRMONT,,,,,38.195381012,-85.763272736,1.768,12/13/2021 12:00:00 AM,0131,2,2,0,0,CLEAR,DRY,True,ANGLE COLLISION - OTHER,ANGLE,STRAIGHT & LEVEL,DARK-HWY LIGHTED/ON,,,12/13/2021 8:34:25 AM,False,5196,Accepted,
29417624,0568000,LOUISVILLE METRO POLICE DEPT,Accepted,JEFFERSON,I 0065,,,,,,,,,,,38.190862405,-85.731932521,0.453,12/13/2021 12:00:00 AM,0353,1,1,0,0,CLEAR,DRY,False,COLLISION WITH FIXED OBJECT NOT IN GORE ,SINGLE VEHICLE,CURVE & GRADE,DARK-HWY NOT LIGHTED,I 0264,I 0065,12/13/2021 8:34:28 AM,False,5400,Accepted,
29417632,0568000,LOUISVILLE METRO POLICE DEPT,Accepted,JEFFERSON,,1812,NORRIS,PL,,,,,ROANOKE,,RICHMOND,38.223013998,-85.705010250,0.684,12/13/2021 12:00:00 AM,0603,2,2,0,0,CLEAR,DRY,True,1 VEHICLE PARKED POSITION (NOT PARKING LOT/DRIVEWAY),REAR END,STRAIGHT & GRADE,DARK-HWY LIGHTED/ON,,,12/13/2021 8:34:42 AM,False,5296,Accepted,
29576578,0568000,LOUISVILLE METRO POLICE DEPT,Accepted,JEFFERSON,KY1631,,CRITTENDEN,DR,,,CENTRAL,,,,,38.202949825,-85.750719062,1.036,12/13/2021 12:00:00 AM,2018,2,2,0,0,CLEAR,DRY,False,OPPOSING LEFT TURN,OPPOSING LEFT TURN,STRAIGHT & LEVEL,DARK-HWY LIGHTED/ON,,,1/12/2022 8:15:30 AM,False,5204,Accepted,
29504143,0568000,LOUISVILLE METRO POLICE DEPT,Accepted,JEFFERSON,KY1020,,3RD,ST,S,,,,YORK,,BRECKINRIDGE,38.242701277,-85.757337302,11.870,12/13/2021 12:00:00 AM,1647,2,2,0,0,CLEAR,DRY,False,1 VEHICLE ENTERING/LEAVING ENTRANCE,ANGLE,STRAIGHT & LEVEL,DAYLIGHT,,,12/27/2021 8:30:38 AM,False,7619,Accepted,
29466879,0568000,LOUISVILLE METRO POLICE DEPT,Accepted,JEFFERSON,,909,MULBERRY,ST,,,,,,,,38.226376652,-85.738604403,0.226,12/13/2021 12:00:00 AM,1305,2,2,0,0,CLEAR,DRY,False,1 VEHICLE PARKED POSITION (NOT PARKING LOT/DRIVEWAY),SIDESWIPE-SAME DIRECTION,STRAIGHT & LEVEL,DAYLIGHT,,,12/15/2021 8:27:32 AM,False,5120,Accepted,
29438151,0568000,LOUISVILLE METRO POLICE DEPT,Accepted,JEFFERSON,KY1934,,CANE RUN,RD,,,ROCKAWAY,,,,,38.182423150,-85.856595624,7.602,12/13/2021 12:00:00 AM,0822,2,2,0,0,CLEAR,DRY,False,OTHER INTERSECTION COLLISIONS,REAR END,STRAIGHT & LEVEL,DAYLIGHT,,,12/14/2021 8:14:45 AM,False,2457,Accepted,
29438167,0568000,LOUISVILLE METRO POLICE DEPT,Accepted,JEFFERSON,KY0061,6500,PRESTON,HWY,,,,,,,,38.157509369,-85.697664215,5.418,12/13/2021 12:00:00 AM,1111,2,2,0,0,CLEAR,DRY,False,COLLISION IN PARKING LOT,ANGLE,STRAIGHT & LEVEL,DAYLIGHT,,,12/14/2021 8:15:08 AM,False,7341,Accepted,
29438169,0568000,LOUISVILLE METRO POLICE DEPT,Accepted,JEFFERSON,US0150,811,BROADWAY,,E,,,,LOGAN,KY0864,SHELBY,38.244583845,-85.738654752,3.452,12/13/2021 12:00:00 AM,1310,2,2,0,0,CLEAR,DRY,False,VEHICLE BACKING NON INTERSECTION,BACKING,STRAIGHT & LEVEL,DAYLIGHT,,,12/14/2021 8:15:11 AM,False,7058,Accepted,
29438194,0568000,LOUISVILLE METRO POLICE DEPT,Accepted,JEFFERSON,,,7TH,ST,S,,INDUSTRY,,,,,38.221111184,-85.775765610,0.114,12/13/2021 12:00:00 AM,0901,3,3,0,2,CLEAR,DRY,False,ANGLE COLLISION - OTHER,ANGLE,STRAIGHT & LEVEL,DARK (UNKNOWN ROADWAY LIGHTING),,,12/14/2021 8:15:45 AM,False,5399,Accepted,
29417622,0568000,LOUISVILLE METRO POLICE DEPT,Accepted,JEFFERSON,,4120,BUECHEL BANK,RD,,US0031E,BUECHEL,,,,,38.190788423,-85.647710353,0.113,12/13/2021 12:00:00 AM,0122,1,1,0,0,CLEAR,DRY,False,OTHER INTERSECTION COLLISIONS,SINGLE VEHICLE,STRAIGHT & LEVEL,DARK-HWY LIGHTED/ON,,,12/13/2021 8:34:21 AM,False,5182,Accepted,
29436404,0561000,JEFFERSONTOWN POLICE DEPT,Accepted,JEFFERSON,I 0064,,,,,,,,,,,38.224678647,-85.579076195,0.060,12/13/2021 12:00:00 AM,2217,2,2,0,0,CLEAR,DRY,True,OTHER RAMP RELATED COLLISIONS NOT LISTED ABOVE,SIDESWIPE-SAME DIRECTION,CURVE & GRADE,DARK-HWY LIGHTED/ON,I 0064,KY1747,12/13/2021 11:52:57 PM,False,8319,Accepted,
29438159,0568000,LOUISVILLE METRO POLICE DEPT,Accepted,JEFFERSON,,,GRAYSTONE MANOR,PKWY,,,,,,,,38.290780325,-85.562426023,0.096,12/13/2021 12:00:00 AM,1055,2,2,0,0,CLEAR,DRY,False,1 VEHICLE PARKED POSITION (NOT PARKING LOT/DRIVEWAY),SIDESWIPE-SAME DIRECTION,CURVE & LEVEL,DAYLIGHT,,,12/14/2021 8:14:58 AM,False,2346,Accepted,
29438162,0568000,LOUISVILLE METRO POLICE DEPT,Accepted,JEFFERSON,,,ZORN,AVE,,I 0071,I71 S EXIT2 ON RAMP FROM  ZORN AVE,,,,,38.275539051,-85.697939640,1.617,12/13/2021 12:00:00 AM,0740,2,2,0,0,CLEAR,DRY,False,ANGLE COLLISION - OTHER,ANGLE,STRAIGHT & LEVEL,DAWN,,,12/14/2021 8:15:01 AM,False,7128,Accepted,
29438175,0568000,LOUISVILLE METRO POLICE DEPT,Accepted,JEFFERSON,KY0061,,PRESTON,HWY,,,,,,,,38.178745717,-85.717061238,7.242,12/13/2021 12:00:00 AM,0748,2,2,0,0,CLEAR,DRY,False,REAR END IN TRAFFIC LANES BOTH VEHICLES MOVING,REAR END,STRAIGHT & LEVEL,DAYLIGHT,,,12/14/2021 8:15:20 AM,False,4693,Accepted,
29438178,0568000,LOUISVILLE METRO POLICE DEPT,Accepted,JEFFERSON,I 0264,,I264 W,,,,,,,,,38.190913991,-85.721732026,12.519,12/13/2021 12:00:00 AM,1104,2,2,0,0,CLEAR,DRY,False,REAR END IN TRAFFIC LANES BOTH VEHICLES MOVING,REAR END,STRAIGHT & LEVEL,DAYLIGHT,,,12/14/2021 8:15:25 AM,False,4693,Accepted,
29438200,0568000,LOUISVILLE METRO POLICE DEPT,Accepted,JEFFERSON,,3516,DUMESNIL,ST,,,,,,,,38.237959636,-85.813618648,0.359,12/13/2021 12:00:00 AM,1602,2,1,0,1,CLEAR,DRY,False,COLLISION WITH PEDESTRIAN NON - INTERSECTION,SINGLE VEHICLE,STRAIGHT & LEVEL,DAYLIGHT,,,12/14/2021 8:15:53 AM,False,5355,Accepted,
29438204,0568000,LOUISVILLE METRO POLICE DEPT,Accepted,JEFFERSON,I 0064,,,,,,,,,,,38.236524947,-85.620021074,0.483,12/13/2021 12:00:00 AM,1058,2,2,0,0,CLEAR,DRY,False,OTHER RAMP RELATED COLLISIONS NOT LISTED ABOVE,REAR END,CURVE & LEVEL,DAYLIGHT,I 0064,I 0064,12/14/2021 8:15:57 AM,False,7316,Accepted,
29438219,0568000,LOUISVILLE METRO POLICE DEPT,Accepted,JEFFERSON,US0031E,,BARDSTOWN,RD,,,IONA,,,,,38.152795807,-85.588628146,5.748,12/13/2021 12:00:00 AM,1458,2,2,0,1,CLEAR,DRY,False,ANGLE COLLISION - OTHER,ANGLE,STRAIGHT & LEVEL,DAYLIGHT,,,12/14/2021 8:16:16 AM,False,7755,Accepted,
29438226,0568000,LOUISVILLE METRO POLICE DEPT,Accepted,JEFFERSON,,5601,JOHNSONTOWN,RD,,,,,,,,38.116203640,-85.889524388,2.110,12/13/2021 12:00:00 AM,1455,4,4,0,1,CLEAR,DRY,False,REAR END IN TRAFFIC LANES BOTH VEHICLES MOVING,REAR END,STRAIGHT & LEVEL,DAYLIGHT,,,12/14/2021 8:16:24 AM,False,5340,Accepted,
29438235,0568000,LOUISVILLE METRO POLICE DEPT,Accepted,JEFFERSON,,,OLD NEW CUT,RD,,,,KY1865,NEW CUT,KY1865,NEW CUT,38.117178974,-85.776362861,0.064,12/13/2021 12:00:00 AM,1755,2,2,0,0,CLEAR,DRY,False,SIDESWIPE COLLISION - OPPOSITE DIRECTION,SIDESWIPE-OPPOSITE DIRECTION,CURVE & LEVEL,DARK-HWY NOT LIGHTED,,,12/14/2021 8:16:31 AM,False,7089,Accepted,
29438243,0568000,LOUISVILLE METRO POLICE DEPT,Accepted,JEFFERSON,,4303,ANNSHIRE,AVE,,,,,,,,38.195709978,-85.700158699,0.078,12/13/2021 12:00:00 AM,2018,1,1,0,1,CLEAR,DRY,False,OTHER COLLISIONS ON SHOULDER,SINGLE VEHICLE,STRAIGHT & HILLCREST,DAWN,,,12/14/2021 8:16:42 AM,False,5391,Accepted,
29504255,0568000,LOUISVILLE METRO POLICE DEPT,Accepted,JEFFERSON,,,JEFFERSON,ST,E,,BROOK,,,,,38.253157000,-85.750934199,0.989,12/13/2021 12:00:00 AM,0958,3,3,0,0,CLEAR,DRY,False,SIDESWIPE-SAME DIRECTION,SIDESWIPE-SAME DIRECTION,STRAIGHT & LEVEL,DAYLIGHT,,,12/27/2021 8:37:22 AM,False,7058,Accepted,
29508483,0568000,LOUISVILLE METRO POLICE DEPT,Accepted,JEFFERSON,KY1631,,CRITTENDEN,DR,,,CENTRAL,,,,,38.202932551,-85.750723190,1.037,12/13/2021 12:00:00 AM,1611,2,2,0,0,CLEAR,DRY,False,OPPOSING LEFT TURN,OPPOSING LEFT TURN,STRAIGHT & LEVEL,DAYLIGHT,,,12/28/2021 8:17:41 AM,False,7251,Accepted,
29417595,0568000,LOUISVILLE METRO POLICE DEPT,Accepted,JEFFERSON,,3024,ROSELAWN,BLVD,,,,,,,,38.208187546,-85.633432149,0.161,12/12/2021 12:00:00 AM,0150,2,2,0,0,CLEAR,DRY,False,1 VEHICLE PARKED POSITION (NOT PARKING LOT/DRIVEWAY),SIDESWIPE-SAME DIRECTION,STRAIGHT & GRADE,DARK-HWY LIGHTED/ON,,,12/13/2021 8:32:57 AM,False,5332,Accepted,
29417597,0568000,LOUISVILLE METRO POLICE DEPT,Accepted,JEFFERSON,KY1450,10816,BLUE LICK,RD,,,MUD,,,,,38.089031743,-85.699349189,0.200,12/12/2021 12:00:00 AM,1033,2,2,0,0,CLEAR,DRY,False,ANGLE COLLISION - OTHER,ANGLE,STRAIGHT & LEVEL,DAYLIGHT,,,12/13/2021 8:33:03 AM,False,7799,Accepted,
29417612,0568000,LOUISVILLE METRO POLICE DEPT,Accepted,JEFFERSON,KY0061,,PRESTON,HWY,,,,,TRIO,,SERENITY HOPE,38.129982080,-85.682085913,3.331,12/12/2021 12:00:00 AM,1944,2,2,0,0,CLEAR,DRY,True,1 VEHICLE ENTERING/LEAVING ENTRANCE,ANGLE,STRAIGHT & LEVEL,DARK-HWY LIGHTED/ON,,,12/13/2021 8:33:52 AM,False,5042,Accepted,
29417621,0568000,LOUISVILLE METRO POLICE DEPT,Accepted,JEFFERSON,,1918,BONNYCASTLE,AVE,,,,,,,,38.229961792,-85.706223172,0.450,12/12/2021 12:00:00 AM,2000,3,3,0,0,CLEAR,DRY,False,1 VEHICLE PARKED POSITION (NOT PARKING LOT/DRIVEWAY),REAR END,STRAIGHT & LEVEL,DARK-HWY LIGHTED/ON,,,12/13/2021 8:34:17 AM,False,5274,Accepted,
29470824,0568000,LOUISVILLE METRO POLICE DEPT,Accepted,JEFFERSON,,,15TH,ST,S,,,,KENTUCKY,,PRENTICE,38.241353778,-85.777625091,1.106,12/12/2021 12:00:00 AM,0722,1,1,0,0,CLEAR,DRY,True,COLLISION WITH FIXED OBJECT NON - INTERSECTION - FIRST EVENT COLLISION 09 - 32 EXCLUDING 16,SINGLE VEHICLE,STRAIGHT & LEVEL,DARK (UNKNOWN ROADWAY LIGHTING),,,12/16/2021 8:17:32 AM,False,2469,Accepted,
29470835,0568000,LOUISVILLE METRO POLICE DEPT,Accepted,JEFFERSON,,,MARKET,ST,W,,,,,,,38.261621999,-85.813301708,1.454,12/12/2021 12:00:00 AM,1240,2,2,0,2,CLEAR,DRY,False,OTHER ROADWAY OR MID-BLOCK COLLISION,OPPOSING LEFT TURN,STRAIGHT & LEVEL,DAYLIGHT,,,12/16/2021 8:18:22 AM,False,5257,Accepted,
29417619,0568000,LOUISVILLE METRO POLICE DEPT,Accepted,JEFFERSON,KY0907,9737,3RD ST,RD,,,,,,,,38.115229362,-85.834922249,2.107,12/12/2021 12:00:00 AM,2307,2,2,0,0,CLEAR,DRY,True,1 VEHICLE PARKED POSITION (NOT PARKING LOT/DRIVEWAY),BACKING,STRAIGHT & LEVEL,DARK-HWY LIGHTED/ON,,,12/13/2021 8:34:10 AM,False,5136,Accepted,
29417620,0568000,LOUISVILLE METRO POLICE DEPT,Accepted,JEFFERSON,KY0061,,PRESTON,HWY,,,MILES,,,,,38.124523644,-85.679301223,2.924,12/12/2021 12:00:00 AM,1924,2,2,0,0,CLEAR,DRY,False,SIDESWIPE-SAME DIRECTION,SIDESWIPE-SAME DIRECTION,STRAIGHT & LEVEL,DARK-HWY LIGHTED/ON,,,12/13/2021 8:34:14 AM,False,5042,Accepted,
29417628,0568000,LOUISVILLE METRO POLICE DEPT,Accepted,JEFFERSON,,1102,GRAZING MEADOWS,LN,,,,,,,,38.252682135,-85.426930891,0.083,12/12/2021 12:00:00 AM,2241,1,1,0,0,CLEAR,DRY,False,COLLISION WITH FIXED OBJECT NON - INTERSECTION - FIRST EVENT COLLISION 09 - 32 EXCLUDING 16,SINGLE VEHICLE,CURVE & LEVEL,DARK-HWY LIGHTED/ON,,,12/13/2021 8:34:35 AM,False,7440,Accepted,
29417630,0568000,LOUISVILLE METRO POLICE DEPT,Accepted,JEFFERSON,,,BUCHANAN,ST,,,WASHINGTON,,,,,38.255929944,-85.730670740,0.068,12/12/2021 12:00:00 AM,2230,2,2,0,0,CLEAR,DRY,False,COLLISION WITH PARKED VEHICLE,BACKING,STRAIGHT & LEVEL,DARK-HWY LIGHTED/ON,,,12/13/2021 8:34:39 AM,False,5122,Accepted,
29438145,0568000,LOUISVILLE METRO POLICE DEPT,Accepted,JEFFERSON,,911,GRADE,LN,,,,,,,,38.165949195,-85.721518194,1.027,12/12/2021 12:00:00 AM,0928,3,3,0,1,CLEAR,DRY,False,REAR END IN TRAFFIC LANES BOTH VEHICLES MOVING,REAR END,STRAIGHT & LEVEL,DAYLIGHT,,,12/14/2021 8:14:36 AM,False,5027,Accepted,
29438210,0568000,LOUISVILLE METRO POLICE DEPT,Accepted,JEFFERSON,KY1865,,TAYLOR,BLVD,,,ARLING,,,,,38.173438388,-85.782192827,4.599,12/12/2021 12:00:00 AM,0853,2,2,0,0,CLEAR,DRY,True,REAR END - ONE VEHICLE TURNING LEFT,REAR END,STRAIGHT & LEVEL,DAYLIGHT,,,12/14/2021 8:16:04 AM,False,7257,Accepted,
29495349,0568000,LOUISVILLE METRO POLICE DEPT,Accepted,JEFFERSON,KY0061,,PRESTON,ST,S,,MUHAMMAD ALI,,,,,38.250041617,-85.746881473,12.901,12/12/2021 12:00:00 AM,1250,2,2,0,1,CLEAR,DRY,False,ANGLE COLLISION - OTHER,ANGLE,STRAIGHT & GRADE,DAYLIGHT,,,12/23/2021 7:27:05 AM,False,2661,Accepted,
29487578,0568000,LOUISVILLE METRO POLICE DEPT,Accepted,JEFFERSON,,,FOREMAN,LN,,,BOST,,,,,38.130131637,-85.694355440,0.389,12/12/2021 12:00:00 AM,1754,2,1,0,0,CLEAR,DRY,False,COLLISION WITH BICYCLE IN INTERSECTION,SINGLE VEHICLE,STRAIGHT & LEVEL,DARK-HWY NOT LIGHTED,,,12/21/2021 8:09:00 AM,False,7354,Accepted,
29667750,0568000,LOUISVILLE METRO POLICE DEPT,Accepted,JEFFERSON,,1537,ROSEWOOD,AVE,,,,,,,,38.232621701,-85.718501489,0.254,12/12/2021 12:00:00 AM,1630,2,2,0,0,CLOUDY,DRY,True,1 VEHICLE PARKED POSITION (NOT PARKING LOT/DRIVEWAY),SIDESWIPE-SAME DIRECTION,STRAIGHT & LEVEL,DARK-HWY LIGHTED/OFF,,,2/7/2022 8:38:48 AM,False,7570,Accepted,
29535838,0568000,LOUISVILLE METRO POLICE DEPT,Accepted,JEFFERSON,,410,5TH,ST,S,,,,,,,38.251861613,-85.759969022,3.457,12/12/2021 12:00:00 AM,1400,1,1,0,0,CLEAR,DRY,False,COLLISION IN PARKING LOT,SINGLE VEHICLE,STRAIGHT & LEVEL,DAYLIGHT,,,1/5/2022 8:25:19 AM,False,7684,Accepted,
29526217,0568000,LOUISVILLE METRO POLICE DEPT,Accepted,JEFFERSON,,,BROADWAY,,W,,28TH,,,,,38.249630104,-85.798424295,0.541,12/12/2021 12:00:00 AM,0404,2,2,0,1,CLEAR,DRY,False,ANGLE COLLISION - OTHER,ANGLE,STRAIGHT & LEVEL,DARK-HWY LIGHTED/ON,,,1/3/2022 7:44:53 AM,False,5271,Accepted,
29417599,0568000,LOUISVILLE METRO POLICE DEPT,Accepted,JEFFERSON,US0060,8600 BLK,SHELBYVILLE,RD,,,,,,,,38.247951689,-85.596269473,6.802,12/12/2021 12:00:00 AM,1035,2,2,0,3,CLEAR,DRY,False,REAR END IN TRAFFIC LANES BOTH VEHICLES MOVING,REAR END,STRAIGHT & LEVEL,DAYLIGHT,,,12/13/2021 8:33:10 AM,False,6456,Accepted,
29417600,0568000,LOUISVILLE METRO POLICE DEPT,Accepted,JEFFERSON,US0031E,7951,BARDSTOWN,RD,,,,,,,,38.131494471,-85.578161578,4.173,12/12/2021 12:00:00 AM,1602,1,1,0,0,CLEAR,DRY,False,COLLISION IN PARKING LOT,SINGLE VEHICLE,STRAIGHT & LEVEL,DAYLIGHT,,,12/13/2021 8:33:14 AM,False,5141,Accepted,
29417601,0568000,LOUISVILLE METRO POLICE DEPT,Accepted,JEFFERSON,US0031W,6701,DIXIE,HWY,,,,,,,,38.151296129,-85.836588703,12.151,12/12/2021 12:00:00 AM,1558,2,2,0,3,CLEAR,DRY,False,1 VEHICLE ENTERING/LEAVING ENTRANCE,ANGLE,STRAIGHT & LEVEL,DAYLIGHT,,,12/13/2021 8:33:18 AM,False,5395,Accepted,
29417607,0568000,LOUISVILLE METRO POLICE DEPT,Accepted,JEFFERSON,KY1065,,BEULAH CHURCH,RD,,,MARY SUE,,,,,38.138658671,-85.606523088,10.398,12/12/2021 12:00:00 AM,1624,2,2,0,0,CLEAR,DRY,False,ANGLE COLLISION - OTHER,ANGLE,CURVE & LEVEL,DAYLIGHT,,,12/13/2021 8:33:41 AM,False,7484,Accepted,
29417608,0568000,LOUISVILLE METRO POLICE DEPT,Accepted,JEFFERSON,KY1065,,OUTER,LOOP,,,,,,,,38.131858921,-85.729365281,3.637,12/12/2021 12:00:00 AM,1927,3,3,0,1,CLEAR,DRY,True,REAR END IN TRAFFIC LANES BOTH VEHICLES MOVING,REAR END,STRAIGHT & LEVEL,DARK-HWY NOT LIGHTED,,,12/13/2021 8:33:45 AM,False,7915,Accepted,
29438222,0568000,LOUISVILLE METRO POLICE DEPT,Accepted,JEFFERSON,,,CARDINAL,BLVD,W,,,,,,,38.220614755,-85.761186945,0.173,12/12/2021 12:00:00 AM,1344,2,2,0,0,CLEAR,DRY,False,OTHER ROADWAY OR MID-BLOCK COLLISION,OPPOSING LEFT TURN,STRAIGHT & LEVEL,DAYLIGHT,,,12/14/2021 8:16:20 AM,False,5258,Accepted,
29417626,0568000,LOUISVILLE METRO POLICE DEPT,Accepted,JEFFERSON,,,DORSEY,LN,,,WOODKNOLL,,,,,38.247108754,-85.564468941,0.129,12/12/2021 12:00:00 AM,2119,2,2,0,1,CLEAR,DRY,False,OPPOSITE DIRECTION - BOTH VEHICLES GOING STRAIGHT AHEAD,SIDESWIPE-OPPOSITE DIRECTION,CURVE & LEVEL,DARK-HWY LIGHTED/ON,,,12/13/2021 8:34:31 AM,False,7440,Accepted,
29487590,0568000,LOUISVILLE METRO POLICE DEPT,Accepted,JEFFERSON,,,STONESTREET,RD,,,,,,,,38.117770039,-85.843856729,0.711,12/12/2021 12:00:00 AM,2131,2,2,0,0,CLEAR,DRY,False,1 VEHICLE ENTERING/LEAVING ENTRANCE,ANGLE,STRAIGHT & LEVEL,DARK-HWY LIGHTED/ON,,,12/21/2021 8:09:59 AM,False,2905,Accepted,
29493164,0560300,ST. MATTHEWS POLICE DEPARTMENT,Accepted,JEFFERSON,US0060,5000,SHELBYVILLE,RD,,,,,,,,38.250181460,-85.623623127,5.303,12/11/2021 12:00:00 AM,1700,2,2,0,0,CLOUDY,DRY,True,COLLISION IN PARKING LOT,SIDESWIPE-SAME DIRECTION,STRAIGHT & LEVEL,DARK-HWY LIGHTED/ON,,,12/22/2021 3:44:57 PM,False,9155,Accepted,
29417610,0568000,LOUISVILLE METRO POLICE DEPT,Accepted,JEFFERSON,I 0065,,I65 S,,,,,,,,,38.135739968,-85.706253690,126.630,12/11/2021 12:00:00 AM,0300,2,2,0,0,SEVERE CROSSWINDS,WET,False,OCCUPANT FELL FROM MOVING VEHICLE,SIDESWIPE-SAME DIRECTION,STRAIGHT & LEVEL,DARK-HWY LIGHTED/ON,,,12/13/2021 8:33:48 AM,False,5042,Accepted,
29417606,0568000,LOUISVILLE METRO POLICE DEPT,Accepted,JEFFERSON,KY1865,4126,TAYLOR,BLVD,,,,,,,,38.181991829,-85.783579694,5.205,12/11/2021 12:00:00 AM,1424,2,2,0,0,CLEAR,DRY,False,1 VEHICLE ENTERING/LEAVING ENTRANCE,ANGLE,STRAIGHT & LEVEL,DAYLIGHT,,,12/13/2021 8:33:37 AM,False,5123,Accepted,
29417568,0568000,LOUISVILLE METRO POLICE DEPT,Accepted,JEFFERSON,KY1065,,OUTER,LOOP,,,LONE OAK,,,,,38.137812884,-85.689556456,5.896,12/11/2021 12:00:00 AM,1352,4,4,0,0,CLOUDY,DRY,False,OTHER INTERSECTION COLLISIONS,REAR END,STRAIGHT & LEVEL,DAYLIGHT,,,12/13/2021 8:31:42 AM,False,7669,Accepted,
29417556,0568000,LOUISVILLE METRO POLICE DEPT,Accepted,JEFFERSON,I 0065,,I65 N,,,I 0065,I65 N EXIT132 ON RAMP FROM  CRITTENDEN DR,,,,,38.203651035,-85.739066422,131.825,12/11/2021 12:00:00 AM,0006,1,1,0,0,RAINING,WET,False,COLLISION WITH FIXED OBJECT IN INTERSECTION - FIRST EVENT COLLISION 09 - 32,SINGLE VEHICLE,STRAIGHT & LEVEL,DARK-HWY LIGHTED/ON,,,12/13/2021 8:30:51 AM,False,5205,Accepted,
29417565,0568000,LOUISVILLE METRO POLICE DEPT,Accepted,JEFFERSON,KY1065,,OUTER,LOOP,,,,,,,,38.127559683,-85.794172406,0.032,12/11/2021 12:00:00 AM,1016,2,2,0,0,CLOUDY,WET,False,1 VEHICLE ENTERING/LEAVING ENTRANCE,ANGLE,STRAIGHT & LEVEL,DAYLIGHT,,,12/13/2021 8:31:31 AM,False,7331,Accepted,
29417567,0568000,LOUISVILLE METRO POLICE DEPT,Accepted,JEFFERSON,,,KENTUCKY,ST,E,,,,,,,38.237822412,-85.749354234,0.292,12/11/2021 12:00:00 AM,1226,3,3,0,0,CLEAR,DRY,False,1 VEHICLE PARKED POSITION (NOT PARKING LOT/DRIVEWAY),SIDESWIPE-SAME DIRECTION,STRAIGHT & LEVEL,DAYLIGHT,,,12/13/2021 8:31:39 AM,False,5258,Accepted,
29417573,0568000,LOUISVILLE METRO POLICE DEPT,Accepted,JEFFERSON,KY0061,,PRESTON,HWY,,,OLD FERN VALLEY,,,,,38.154996770,-85.695903990,5.198,12/11/2021 12:00:00 AM,1403,2,2,0,0,CLOUDY,DRY,True,ANGLE COLLISION - OTHER,ANGLE,STRAIGHT & LEVEL,DAYLIGHT,,,12/13/2021 8:32:06 AM,False,7484,Accepted,