IncidentID,AgencyORI,AgencyName,IncidentStatusDesc,County,RdwyNumber,Street,RoadwayName,StreetSfx,StreetDir,IntersectionRdwy,IntersectionRdwyName,BetweenStRdwy1,BetweenStRdwyName1,BetweenStRdwy2,BetweenStRdwyName2,Latitude,Longitude,Milepoint,CollisionDate,CollisionTime,UnitsInvolved,MotorVehiclesInvolved,NumberKilled,NumberInjured,Weather,RdwyConditionCode,HitandRun,DirAnalysisCode,MannerofCollision,RdwyCharacter,LightCondition,RampFromRdwyId,RampToRdwyId,AcceptedDate,IsSecondaryCollision,OwnerBadge,IncidentStatus,
29417574,0568000,LOUISVILLE METRO POLICE DEPT,Accepted,JEFFERSON,I 0071,,I71 S,,,,,,,,,38.290580440,-85.643101376,5.217,12/11/2021 12:00:00 AM,1300,3,3,0,1,CLOUDY,DRY,False,1 VEHICLE ENTERING/LEAVING ENTRANCE,ANGLE,STRAIGHT & LEVEL,DAYLIGHT,,,12/13/2021 8:32:12 AM,False,7631,Accepted,
29417575,0568000,LOUISVILLE METRO POLICE DEPT,Accepted,JEFFERSON,US0060A,,EASTERN,PKWY,,,BRADLEY,,,,,38.212568794,-85.747095313,4.276,12/11/2021 12:00:00 AM,0915,1,1,0,0,CLOUDY,WET,True,COLLISION WITH FIXED OBJECT IN INTERSECTION - FIRST EVENT COLLISION 09 - 32,SINGLE VEHICLE,CURVE & LEVEL,DAYLIGHT,,,12/13/2021 8:32:16 AM,False,5301,Accepted,
29417576,0568000,LOUISVILLE METRO POLICE DEPT,Accepted,JEFFERSON,,,OAK,ST,E,,,,,,,38.234118837,-85.749466407,0.317,12/11/2021 12:00:00 AM,1512,2,2,0,1,CLEAR,DRY,False,SIDESWIPE COLLISION - SAME DIRECTION,SIDESWIPE-SAME DIRECTION,STRAIGHT & LEVEL,DAYLIGHT,,,12/13/2021 8:32:19 AM,False,5258,Accepted,
29495308,0568000,LOUISVILLE METRO POLICE DEPT,Accepted,JEFFERSON,US0031,,CLARK MEMORIAL,BRG,,,,,,,,38.256441937,-85.753274973,0.013,12/11/2021 12:00:00 AM,1651,2,2,2,0,CLEAR,DRY,True,REAR END IN TRAFFIC LANES BOTH VEHICLES MOVING,REAR END,STRAIGHT & LEVEL,DAYLIGHT,,,12/23/2021 7:24:48 AM,False,2217,Accepted,
29483259,0568000,LOUISVILLE METRO POLICE DEPT,Accepted,JEFFERSON,,7009,MONTY,LN,,,SONIC,,,,,38.143792911,-85.571970109,0.037,12/11/2021 12:00:00 AM,1330,2,2,0,0,CLEAR,DRY,False,COLLISION WITH PARKED VEHICLE,BACKING,STRAIGHT & LEVEL,DAYLIGHT,,,12/20/2021 8:36:03 AM,False,2673,Accepted,
29417564,0568000,LOUISVILLE METRO POLICE DEPT,Accepted,JEFFERSON,KY1931,7296,MANSLICK,RD,,,,,,,,38.155519782,-85.801803960,5.497,12/11/2021 12:00:00 AM,1036,2,2,0,0,CLOUDY,WET,False,REAR END IN TRAFFIC LANES BOTH VEHICLES MOVING,REAR END,CURVE & LEVEL,DAYLIGHT,,,12/13/2021 8:31:27 AM,False,7817,Accepted,
29417588,0568000,LOUISVILLE METRO POLICE DEPT,Accepted,JEFFERSON,,1536,ROSEWOOD,AVE,,KY1703,BAXTER,,,,,38.232765458,-85.718317642,0.240,12/11/2021 12:00:00 AM,2305,1,1,0,0,CLEAR,DRY,False,COLLISION WITH FIXED OBJECT IN INTERSECTION - FIRST EVENT COLLISION 09 - 32,SINGLE VEHICLE,STRAIGHT & LEVEL,DARK-HWY LIGHTED/ON,,,12/13/2021 8:32:42 AM,False,5274,Accepted,
29417613,0568000,LOUISVILLE METRO POLICE DEPT,Accepted,JEFFERSON,I 0065,,I65 N,,,,,,,,,38.124222383,-85.701854515,125.797,12/11/2021 12:00:00 AM,0455,2,2,0,0,RAINING,WET,False,1 VEHICLE ENTERING/LEAVING ENTRANCE,ANGLE,STRAIGHT & LEVEL,DARK-HWY LIGHTED/ON,,,12/13/2021 8:33:55 AM,False,5042,Accepted,
29417603,0568000,LOUISVILLE METRO POLICE DEPT,Accepted,JEFFERSON,,,YORKSHIRE,BLVD,,KY0155,TAYLORSVILLE,,,,,38.219991401,-85.628017109,0.005,12/11/2021 12:00:00 AM,1259,2,2,0,2,CLOUDY,DRY,False,OTHER INTERSECTION COLLISIONS,REAR END,STRAIGHT & LEVEL,DAYLIGHT,,,12/13/2021 8:33:24 AM,False,7482,Accepted,
29417577,0568000,LOUISVILLE METRO POLICE DEPT,Accepted,JEFFERSON,KY0907,,SOUTHSIDE,DR,,,,,,,,38.148802224,-85.771811759,6.593,12/11/2021 12:00:00 AM,1105,2,2,0,1,CLOUDY,WET,False,1 VEHICLE ENTERING/LEAVING ENTRANCE,ANGLE,STRAIGHT & LEVEL,DAYLIGHT,,,12/13/2021 8:32:23 AM,False,7483,Accepted,
29417594,0568000,LOUISVILLE METRO POLICE DEPT,Accepted,JEFFERSON,,,3RD,ST,S,,EVELYN,,,,,38.196757070,-85.765067162,0.263,12/11/2021 12:00:00 AM,2335,2,2,0,0,CLEAR,DRY,True,ANGLE COLLISION - OTHER,ANGLE,STRAIGHT & LEVEL,DARK-HWY LIGHTED/ON,,,12/13/2021 8:32:53 AM,False,5183,Accepted,
29526182,0568000,LOUISVILLE METRO POLICE DEPT,Accepted,JEFFERSON,I 0065,,,,,,,,,,,38.209651674,-85.752808254,0.170,12/11/2021 12:00:00 AM,1021,2,2,0,1,RAINING,WET,False,OTHER RAMP RELATED COLLISIONS NOT LISTED ABOVE,SIDESWIPE-SAME DIRECTION,CURVE & GRADE,DAYLIGHT,EASTERN PKWY,I 0065,1/3/2022 7:42:44 AM,False,7472,Accepted,
29417560,0568000,LOUISVILLE METRO POLICE DEPT,Accepted,JEFFERSON,,2609,WINGFIELD,AVE,,,,,,,,38.221863273,-85.784181459,0.043,12/11/2021 12:00:00 AM,0704,1,1,0,1,RAINING,WET,False,COLLISION WITH FIXED OBJECT NON - INTERSECTION - FIRST EVENT COLLISION 09 - 32 EXCLUDING 16,SINGLE VEHICLE,STRAIGHT & LEVEL,DARK-HWY LIGHTED/ON,,,12/13/2021 8:31:05 AM,False,5256,Accepted,
29417569,0568000,LOUISVILLE METRO POLICE DEPT,Accepted,JEFFERSON,,,26TH,ST,S,,,,DATE,,GREENWOOD,38.242931210,-85.795658825,1.201,12/11/2021 12:00:00 AM,1300,2,2,0,1,CLOUDY,DRY,False,SIDESWIPE COLLISION - OPPOSITE DIRECTION,SIDESWIPE-OPPOSITE DIRECTION,STRAIGHT & LEVEL,DAYLIGHT,,,12/13/2021 8:31:49 AM,False,2469,Accepted,
29515702,0568000,LOUISVILLE METRO POLICE DEPT,Accepted,JEFFERSON,KY1065,,OUTER,LOOP,,,AIR COMMERCE,,,,,38.134751697,-85.719227386,4.222,12/11/2021 12:00:00 AM,1202,2,2,0,1,CLEAR,DRY,True,ANGLE COLLISION - OTHER,ANGLE,,DAYLIGHT,,,12/30/2021 8:18:23 AM,False,7269,Accepted,
29417535,0568000,LOUISVILLE METRO POLICE DEPT,Accepted,JEFFERSON,,3043,SPRINGTIME,AVE,,,,,,,,38.070901608,-85.878322293,0.145,12/10/2021 12:00:00 AM,0842,1,1,0,0,CLOUDY,DRY,True,OTHER ROADWAY OR MID-BLOCK COLLISION,SINGLE VEHICLE,STRAIGHT & LEVEL,DAWN,,,12/13/2021 8:29:12 AM,False,2098,Accepted,
29409866,0568000,LOUISVILLE METRO POLICE DEPT,Accepted,JEFFERSON,,,CHAMBERLAIN,LN,,,,,WINCHESTER ACRES,I 0265,I265 S EXIT33 OFF RAMP TO  CHAMBERLAIN LN,38.291584554,-85.537563540,1.508,12/10/2021 12:00:00 AM,0551,2,2,0,0,CLEAR,DRY,False,OTHER ROADWAY OR MID-BLOCK COLLISION,OPPOSING LEFT TURN,STRAIGHT & LEVEL,DARK-HWY LIGHTED/ON,,,12/10/2021 8:12:39 AM,False,5056,Accepted,
29409868,0568000,LOUISVILLE METRO POLICE DEPT,Accepted,JEFFERSON,US0031W,,MARKET,ST,W,,8TH,,,,,38.255953789,-85.763395973,21.484,12/10/2021 12:00:00 AM,0518,2,2,0,1,CLEAR,DRY,False,ANGLE COLLISION - OTHER,ANGLE,STRAIGHT & LEVEL,DARK-HWY LIGHTED/ON,,,12/10/2021 8:12:47 AM,False,5341,Accepted,
29417538,0568000,LOUISVILLE METRO POLICE DEPT,Accepted,JEFFERSON,,,VALLEY VISTA,RD,,,DUNDEE,,,,,38.212875485,-85.692847102,0.783,12/10/2021 12:00:00 AM,0731,2,2,0,2,CLEAR,DRY,False,ANGLE COLLISION - OTHER,ANGLE,STRAIGHT & GRADE,DAWN,,,12/13/2021 8:29:23 AM,False,7306,Accepted,
29417547,0568000,LOUISVILLE METRO POLICE DEPT,Accepted,JEFFERSON,KY0155,,TAYLORSVILLE LAKE,RD,,,,,,,,38.148612026,-85.425665121,0.147,12/10/2021 12:00:00 AM,0944,2,2,0,0,CLOUDY,DRY,False,SIDESWIPE COLLISION - OPPOSITE DIRECTION,SIDESWIPE-OPPOSITE DIRECTION,STRAIGHT & LEVEL,DAYLIGHT,,,12/13/2021 8:30:03 AM,False,7698,Accepted,
29417562,0568000,LOUISVILLE METRO POLICE DEPT,Accepted,JEFFERSON,US0031W,9070,DIXIE,HWY,,,,,,,,38.125299270,-85.852250431,10.087,12/10/2021 12:00:00 AM,1526,1,1,0,1,CLEAR,DRY,False,COLLISION IN PARKING LOT,SINGLE VEHICLE,STRAIGHT & LEVEL,DAYLIGHT,,,12/13/2021 8:31:15 AM,False,7205,Accepted,
29417563,0568000,LOUISVILLE METRO POLICE DEPT,Accepted,JEFFERSON,US0031W,,2ND,ST,S,,,,,,,38.254425781,-85.753512909,22.054,12/10/2021 12:00:00 AM,1316,1,1,0,0,CLEAR,DRY,False,COLLISION WITH FIXED OBJECT NON - INTERSECTION - FIRST EVENT COLLISION 09 - 32 EXCLUDING 16,SINGLE VEHICLE,STRAIGHT & LEVEL,DAYLIGHT,,,12/13/2021 8:31:23 AM,False,5173,Accepted,
29417553,0568000,LOUISVILLE METRO POLICE DEPT,Accepted,JEFFERSON,,,TRADE PORT,DR,,,,,,,,38.124528363,-85.893457500,0.227,12/10/2021 12:00:00 AM,1630,3,3,0,2,CLEAR,DRY,False,REAR END IN TRAFFIC LANES BOTH VEHICLES MOVING,REAR END,STRAIGHT & LEVEL,DAYLIGHT,,,12/13/2021 8:30:37 AM,False,7234,Accepted,
29417554,0568000,LOUISVILLE METRO POLICE DEPT,Accepted,JEFFERSON,KY1747,,HURSTBOURNE,PKWY,N,,BLOSSOM,,,,,38.289421639,-85.573839653,17.210,12/10/2021 12:00:00 AM,1815,3,3,0,1,CLOUDY,DRY,False,ANGLE COLLISION - OTHER,ANGLE,STRAIGHT & LEVEL,DARK-HWY LIGHTED/ON,,,12/13/2021 8:30:43 AM,False,6406,Accepted,
29417555,0568000,LOUISVILLE METRO POLICE DEPT,Accepted,JEFFERSON,KY1865,,TAYLOR,BLVD,,,STRADER,,,,,38.191140113,-85.783315386,5.841,12/10/2021 12:00:00 AM,2012,2,2,0,3,CLEAR,DRY,False,ANGLE COLLISION - ONE VEHICLE TURNING LEFT,ANGLE,STRAIGHT & LEVEL,DARK-HWY LIGHTED/ON,,,12/13/2021 8:30:47 AM,False,5205,Accepted,
29417545,0568000,LOUISVILLE METRO POLICE DEPT,Accepted,JEFFERSON,KY3084,,OLD HENRY,RD,,,TERRA CROSSING,,,,,38.272034106,-85.495714874,1.474,12/10/2021 12:00:00 AM,1039,3,3,0,0,CLOUDY,DRY,False,ANGLE COLLISION - OTHER,ANGLE,STRAIGHT & LEVEL,DAYLIGHT,,,12/13/2021 8:29:54 AM,False,7316,Accepted,
29417546,0568000,LOUISVILLE METRO POLICE DEPT,Accepted,JEFFERSON,,,LANDIS RIDGE,DR,,,,,,,,38.234459467,-85.501943293,,12/10/2021 12:00:00 AM,1545,1,1,0,0,CLOUDY,WET,False,COLLISION WITH FIXED OBJECT NON - INTERSECTION - FIRST EVENT COLLISION 09 - 32 EXCLUDING 16,SINGLE VEHICLE,STRAIGHT & LEVEL,DAYLIGHT,,,12/13/2021 8:29:58 AM,False,7316,Accepted,
29417552,0568000,LOUISVILLE METRO POLICE DEPT,Accepted,JEFFERSON,,,SUTCLIFFE,AVE,,,DOERHOEFER,,,,,38.248038583,-85.811787430,0.134,12/10/2021 12:00:00 AM,1705,3,3,0,1,CLEAR,DRY,False,ANGLE COLLISION - OTHER,ANGLE,STRAIGHT & LEVEL,DUSK,,,12/13/2021 8:30:32 AM,True,5280,Accepted,
29417544,0568000,LOUISVILLE METRO POLICE DEPT,Accepted,JEFFERSON,,,DUMESNIL,ST,,,HAZEL,,,,,38.237226615,-85.805674542,0.794,12/10/2021 12:00:00 AM,1616,2,2,0,0,CLEAR,DRY,False,ANGLE COLLISION - OTHER,ANGLE,STRAIGHT & LEVEL,DAYLIGHT,,,12/13/2021 8:29:50 AM,False,5179,Accepted,
29417596,0568000,LOUISVILLE METRO POLICE DEPT,Accepted,JEFFERSON,KY0061,,PRESTON,HWY,,,,,FOREST,,WANNSEE,38.161147289,-85.699405450,5.683,12/10/2021 12:00:00 AM,1552,2,2,0,0,CLEAR,DRY,True,REAR END IN TRAFFIC LANES BOTH VEHICLES MOVING,REAR END,STRAIGHT & LEVEL,DAYLIGHT,,,12/13/2021 8:33:00 AM,False,5027,Accepted,
29435460,0560300,ST. MATTHEWS POLICE DEPARTMENT,Accepted,JEFFERSON,US0060,3900,SHELBYVILLE,RD,,KY1932,BRECKENRIDGE,,,,,38.252891091,-85.655335682,3.540,12/10/2021 12:00:00 AM,2330,2,2,0,0,RAINING,WET,False,ANGLE COLLISION - OTHER,ANGLE,STRAIGHT & LEVEL,DARK-HWY LIGHTED/ON,,,12/13/2021 9:26:05 PM,False,9160,Accepted,
29470823,0568000,LOUISVILLE METRO POLICE DEPT,Accepted,JEFFERSON,US0060A,,EASTERN,PKWY,,,BRADLEY,,,,,38.212463970,-85.747077903,4.282,12/10/2021 12:00:00 AM,1850,2,2,0,0,RAINING,WATER (STANDING OR MOVING),False,OPPOSITE DIRECTION - BOTH VEHICLES GOING STRAIGHT AHEAD,SIDESWIPE-OPPOSITE DIRECTION,CURVE & LEVEL,DUSK,,,12/16/2021 8:17:28 AM,False,7291,Accepted,
29959142,0565000,LYNDON POLICE DEPARTMENT,Accepted,JEFFERSON,KY0022,,BROWNSBORO,RD,,,BARBOUR,,,,,38.295417202,-85.602125111,2.119,12/10/2021 12:00:00 AM,0920,3,3,0,0,CLOUDY,WET,False,SIDESWIPE-SAME DIRECTION,SIDESWIPE-SAME DIRECTION,STRAIGHT & HILLCREST,DAYLIGHT,,,4/19/2022 11:58:43 PM,False,1349,Accepted,
29934193,0565200,JEFFERSON CO. SCHOOL SECURITY,Accepted,JEFFERSON,KY1631,3001,CRITTENDEN,DR,,,,,,,,38.201542663,-85.750711758,0.936,12/10/2021 12:00:00 AM,1010,2,2,0,0,CLOUDY,DRY,False,COLLISION IN PARKING LOT,SIDESWIPE-SAME DIRECTION,STRAIGHT & LEVEL,DAYLIGHT,,,4/13/2022 3:24:50 PM,False,5245,Accepted,
29417566,0568000,LOUISVILLE METRO POLICE DEPT,Accepted,JEFFERSON,,900,OAK,ST,E,,,,,,,38.233091096,-85.738818755,0.916,12/10/2021 12:00:00 AM,1052,2,2,0,2,CLEAR,DRY,False,1 VEHICLE ENTERING/LEAVING ENTRANCE,ANGLE,STRAIGHT & LEVEL,DAYLIGHT,,,12/13/2021 8:31:35 AM,False,5258,Accepted,
29417558,0568000,LOUISVILLE METRO POLICE DEPT,Accepted,JEFFERSON,KY0061,,PRESTON,HWY,,,CHATEAU,,,,,38.147829021,-85.691895291,4.656,12/10/2021 12:00:00 AM,2011,1,1,0,1,CLEAR,DRY,False,COLLISION WITH FIXED OBJECT IN INTERSECTION - FIRST EVENT COLLISION 09 - 32,SINGLE VEHICLE,STRAIGHT & LEVEL,DARK-HWY LIGHTED/ON,,,12/13/2021 8:30:55 AM,False,5336,Accepted,
29409862,0568000,LOUISVILLE METRO POLICE DEPT,Accepted,JEFFERSON,,4515,CHURCHMAN,AVE,,,,,,,,38.175728023,-85.792856982,0.028,12/10/2021 12:00:00 AM,0528,1,1,0,0,CLEAR,DRY,False,COLLISION WITH FIXED OBJECT NON - INTERSECTION - FIRST EVENT COLLISION 09 - 32 EXCLUDING 16,SINGLE VEHICLE,CURVE & LEVEL,DARK-HWY LIGHTED/ON,,,12/10/2021 8:12:28 AM,False,5284,Accepted,
29412453,0560300,ST. MATTHEWS POLICE DEPARTMENT,Accepted,JEFFERSON,I 0064,,I64 W,,,,,,,,,38.237479264,-85.630022194,11.920,12/10/2021 12:00:00 AM,1930,1,1,0,0,CLOUDY,DRY,False,OTHER ROADWAY OR MID-BLOCK COLLISION,SINGLE VEHICLE,CURVE & GRADE,DARK-HWY LIGHTED/ON,,,12/10/2021 11:41:37 PM,False,9195,Accepted,
29413079,0560300,ST. MATTHEWS POLICE DEPARTMENT,Accepted,JEFFERSON,KY0146,,NEW LA GRANGE,RD,,,,,,,,38.254111861,-85.612138889,0.441,12/10/2021 12:00:00 AM,1744,2,2,0,0,CLOUDY,DRY,False,SIDESWIPE COLLISION - SAME DIRECTION,SIDESWIPE-SAME DIRECTION,STRAIGHT & LEVEL,DARK-HWY LIGHTED/ON,,,12/11/2021 9:04:11 AM,False,9131,Accepted,
29417541,0568000,LOUISVILLE METRO POLICE DEPT,Accepted,JEFFERSON,,676,FLOYD,ST,S,,,,,,,38.245954471,-85.750007858,0.608,12/10/2021 12:00:00 AM,1240,2,2,0,0,CLOUDY,DRY,False,COLLISION IN PARKING LOT,HEAD ON,STRAIGHT & LEVEL,DAYLIGHT,,,12/13/2021 8:29:36 AM,False,6360,Accepted,
29417542,0568000,LOUISVILLE METRO POLICE DEPT,Accepted,JEFFERSON,US0031E,,BARDSTOWN,RD,,,WINDSOR,,,,,38.234196588,-85.713348988,14.908,12/10/2021 12:00:00 AM,1228,2,2,0,0,CLEAR,DRY,False,OTHER INTERSECTION COLLISIONS,REAR END,STRAIGHT & LEVEL,DAYLIGHT,,,12/13/2021 8:29:40 AM,False,7306,Accepted,
29417548,0568000,LOUISVILLE METRO POLICE DEPT,Accepted,JEFFERSON,KY0061,,PRESTON,HWY,,KY1065,OUTER,,,,,38.138465894,-85.686659285,3.960,12/10/2021 12:00:00 AM,1605,4,4,0,0,CLEAR,DRY,True,OTHER INTERSECTION COLLISIONS,REAR END,STRAIGHT & LEVEL,DAYLIGHT,,,12/13/2021 8:30:09 AM,False,7669,Accepted,
29417549,0568000,LOUISVILLE METRO POLICE DEPT,Accepted,JEFFERSON,KY1865,,TAYLOR,BLVD,,,,,,,,38.195211213,-85.783031882,6.120,12/10/2021 12:00:00 AM,1609,2,2,0,2,CLOUDY,WET,False,1 VEHICLE ENTERING/LEAVING ENTRANCE,ANGLE,STRAIGHT & LEVEL,DAYLIGHT,,,12/13/2021 8:30:17 AM,False,5252,Accepted,
29417551,0568000,LOUISVILLE METRO POLICE DEPT,Accepted,JEFFERSON,US0031E,,BARDSTOWN,RD,,,HEATHER,,,,,38.205666609,-85.666577204,11.562,12/10/2021 12:00:00 AM,1358,2,2,0,0,CLOUDY,DRY,False,ANGLE COLLISION - ONE VEHICLE TURNING LEFT,ANGLE,STRAIGHT & LEVEL,DAYLIGHT,,,12/13/2021 8:30:27 AM,False,4693,Accepted,
29495314,0568000,LOUISVILLE METRO POLICE DEPT,Accepted,JEFFERSON,,,PIROUETTE,AVE,,KY1865,NEW CUT,,,,,38.113936407,-85.770727901,0.003,12/10/2021 12:00:00 AM,1730,2,2,0,2,CLOUDY,DRY,False,HEAD-ON COLLISION,HEAD ON,STRAIGHT & LEVEL,DARK-HWY NOT LIGHTED,,,12/23/2021 7:25:08 AM,False,7080,Accepted,
29504185,0568000,LOUISVILLE METRO POLICE DEPT,Accepted,JEFFERSON,US0060A,,GRINSTEAD,DR,,,,US0060A,CHEROKEE,,ETLEY,38.244156553,-85.704040482,7.819,12/10/2021 12:00:00 AM,1755,3,3,0,0,RAINING,WET,False,SIDESWIPE COLLISION - SAME DIRECTION,SIDESWIPE-SAME DIRECTION,STRAIGHT & LEVEL,DUSK,,,12/27/2021 8:33:23 AM,False,7793,Accepted,
29417617,0568000,LOUISVILLE METRO POLICE DEPT,Accepted,JEFFERSON,I 0065,,I65 S,,,,,,,,,38.196507170,-85.733711579,131.208,12/10/2021 12:00:00 AM,1052,3,3,0,1,CLEAR,DRY,True,SIDESWIPE COLLISION - SAME DIRECTION,SIDESWIPE-SAME DIRECTION,CURVE & GRADE,DAYLIGHT,,,12/13/2021 8:34:03 AM,False,8278,Accepted,
29472042,0568000,LOUISVILLE METRO POLICE DEPT,Accepted,JEFFERSON,,5908,CROCKETT,DR,,,,,,,,38.168071453,-85.873210766,0.032,12/10/2021 12:00:00 AM,1615,2,1,0,0,CLEAR,DRY,True,1 VEHICLE PARKED POSITION (NOT PARKING LOT/DRIVEWAY),SIDESWIPE-SAME DIRECTION,STRAIGHT & LEVEL,DAYLIGHT,,,12/16/2021 1:16:12 PM,False,7234,Accepted,
29439929,0568000,LOUISVILLE METRO POLICE DEPT,Accepted,JEFFERSON,,,JOHNSONTOWN,RD,,KY1934,GREENBELT,,,,,38.116418420,-85.894764122,2.308,12/9/2021 12:00:00 AM,0748,2,2,0,2,CLOUDY,DRY,False,ANGLE COLLISION - OTHER,ANGLE,STRAIGHT & LEVEL,DAWN,,,12/14/2021 9:14:29 AM,False,6877,Accepted,
29487576,0568000,LOUISVILLE METRO POLICE DEPT,Accepted,JEFFERSON,I 0265,,I265 W,,,,,,,,,38.111079378,-85.685764712,11.148,12/9/2021 12:00:00 AM,0732,3,3,0,1,CLOUDY,DRY,False,REAR END IN TRAFFIC LANES BOTH VEHICLES MOVING,REAR END,STRAIGHT & LEVEL,DAYLIGHT,,,12/21/2021 8:08:11 AM,False,4903,Accepted,
29417532,0568000,LOUISVILLE METRO POLICE DEPT,Accepted,JEFFERSON,I 0265,,I265 E,,,,,I 0265,I265 E EXIT23 ON RAMP FROM KY155,I 0064,I265 N EXIT25A RAMP TO I64 E,38.197382460,-85.507817416,23.726,12/9/2021 12:00:00 AM,0911,1,1,0,0,CLOUDY,DRY,False,COLLISION WITH FIXED OBJECT NON - INTERSECTION - FIRST EVENT COLLISION 09 - 32 EXCLUDING 16,SINGLE VEHICLE,STRAIGHT & GRADE,DAYLIGHT,,,12/13/2021 8:29:05 AM,False,7720,Accepted,
29417616,0568000,LOUISVILLE METRO POLICE DEPT,Accepted,JEFFERSON,I 0064,,,,,,,,,,,38.260890401,-85.732395429,0.734,12/9/2021 12:00:00 AM,1724,2,2,0,1,CLEAR,DRY,False,OTHER RAMP RELATED COLLISIONS NOT LISTED ABOVE,REAR END,STRAIGHT & GRADE,DUSK,I 0065,I 0064,12/13/2021 8:34:00 AM,False,8278,Accepted,
29438148,0568000,LOUISVILLE METRO POLICE DEPT,Accepted,JEFFERSON,US0031E,4335,BARDSTOWN,RD,,,,US0031E,BARDSTOWN,,FEGENBUSH,38.186572103,-85.636829216,9.364,12/9/2021 12:00:00 AM,1458,2,2,0,0,CLEAR,DRY,False,SIDESWIPE COLLISION - SAME DIRECTION,SIDESWIPE-SAME DIRECTION,STRAIGHT & LEVEL,DAYLIGHT,,,12/14/2021 8:14:41 AM,False,7602,Accepted,
29409818,0568000,LOUISVILLE METRO POLICE DEPT,Accepted,JEFFERSON,US0060,,SHELBYVILLE,RD,,,LAKE FOREST,,,,,38.240516929,-85.493430489,12.575,12/9/2021 12:00:00 AM,0745,2,2,0,0,CLOUDY,DRY,False,OTHER INTERSECTION COLLISIONS,REAR END,STRAIGHT & LEVEL,DAYLIGHT,,,12/10/2021 8:09:51 AM,False,2013,Accepted,
29409827,0568000,LOUISVILLE METRO POLICE DEPT,Accepted,JEFFERSON,US0031E,1245,BARDSTOWN,RD,,,BEECHWOOD,,,,,38.236432575,-85.717311008,15.180,12/9/2021 12:00:00 AM,1519,2,2,0,0,CLOUDY,DRY,False,ANGLE COLLISION - OTHER,ANGLE,STRAIGHT & LEVEL,DAYLIGHT,,,12/10/2021 8:10:31 AM,False,7900,Accepted,
29409828,0568000,LOUISVILLE METRO POLICE DEPT,Accepted,JEFFERSON,,,13TH,ST,S,,BRASHEAR,,,,,38.226323540,-85.777070092,1.809,12/9/2021 12:00:00 AM,1449,3,3,0,1,CLEAR,DRY,False,ANGLE COLLISION - OTHER,ANGLE,STRAIGHT & LEVEL,DAYLIGHT,,,12/10/2021 8:10:35 AM,False,7184,Accepted,
29409835,0568000,LOUISVILLE METRO POLICE DEPT,Accepted,JEFFERSON,,,FLOYD,ST,S,,ST CATHERINE,,,,,38.236440965,-85.751229622,1.340,12/9/2021 12:00:00 AM,1733,2,2,0,1,CLEAR,DRY,False,ANGLE COLLISION - OTHER,ANGLE,STRAIGHT & LEVEL,DARK-HWY LIGHTED/ON,,,12/10/2021 8:11:00 AM,False,5052,Accepted,
29409837,0568000,LOUISVILLE METRO POLICE DEPT,Accepted,JEFFERSON,,,LEXINGTON,RD,,,,,,,,38.251016908,-85.722461116,0.630,12/9/2021 12:00:00 AM,1755,2,2,0,0,CLOUDY,DRY,False,REAR END IN TRAFFIC LANES BOTH VEHICLES MOVING,REAR END,STRAIGHT & LEVEL,DUSK,,,12/10/2021 8:11:08 AM,False,7900,Accepted,
29409844,0568000,LOUISVILLE METRO POLICE DEPT,Accepted,JEFFERSON,KY1065,,SEATONVILLE,RD,,,,,,,,38.150086407,-85.586801375,11.884,12/9/2021 12:00:00 AM,2001,2,2,0,0,CLEAR,DRY,False,1 VEHICLE ENTERING/LEAVING ENTRANCE,ANGLE,STRAIGHT & LEVEL,DARK-HWY NOT LIGHTED,,,12/10/2021 8:11:42 AM,False,5107,Accepted,
29409845,0568000,LOUISVILLE METRO POLICE DEPT,Accepted,JEFFERSON,,,RUSSETT,BLVD,,,RUSSETT,,,,,38.165738683,-85.667787608,0.034,12/9/2021 12:00:00 AM,0450,2,2,0,0,CLEAR,DRY,True,ANGLE COLLISION - OTHER,ANGLE,STRAIGHT & LEVEL,DARK-HWY LIGHTED/ON,,,12/10/2021 8:11:46 AM,False,5171,Accepted,
29409854,0568000,LOUISVILLE METRO POLICE DEPT,Accepted,JEFFERSON,,,LINDSAY,AVE,,US0042,BROWNSBORO,,,,,38.259683610,-85.707574376,,12/9/2021 12:00:00 AM,2205,2,2,0,0,CLEAR,DRY,False,ANGLE COLLISION - OTHER,ANGLE,STRAIGHT & LEVEL,DARK-HWY LIGHTED/ON,,,12/10/2021 8:12:18 AM,False,5354,Accepted,
29409829,0568000,LOUISVILLE METRO POLICE DEPT,Accepted,JEFFERSON,,3600,BOHNE,AVE,,,,,,,,38.228995711,-85.819057185,0.016,12/9/2021 12:00:00 AM,1549,2,2,0,0,CLOUDY,DRY,False,1 VEHICLE PARKED POSITION (NOT PARKING LOT/DRIVEWAY),SIDESWIPE-SAME DIRECTION,STRAIGHT & GRADE,DAYLIGHT,,,12/10/2021 8:10:38 AM,False,5161,Accepted,