IncidentID,AgencyORI,AgencyName,IncidentStatusDesc,County,RdwyNumber,Street,RoadwayName,StreetSfx,StreetDir,IntersectionRdwy,IntersectionRdwyName,BetweenStRdwy1,BetweenStRdwyName1,BetweenStRdwy2,BetweenStRdwyName2,Latitude,Longitude,Milepoint,CollisionDate,CollisionTime,UnitsInvolved,MotorVehiclesInvolved,NumberKilled,NumberInjured,Weather,RdwyConditionCode,HitandRun,DirAnalysisCode,MannerofCollision,RdwyCharacter,LightCondition,RampFromRdwyId,RampToRdwyId,AcceptedDate,IsSecondaryCollision,OwnerBadge,IncidentStatus,
29409830,0568000,LOUISVILLE METRO POLICE DEPT,Accepted,JEFFERSON,US0031E,,BARDSTOWN,RD,,,,,,,,38.223161914,-85.685189634,13.156,12/9/2021 12:00:00 AM,0728,2,2,0,2,CLEAR,DRY,False,1 VEHICLE ENTERING/LEAVING ENTRANCE,ANGLE,STRAIGHT & HILLCREST,DAWN,,,12/10/2021 8:10:41 AM,False,5397,Accepted,
29409838,0568000,LOUISVILLE METRO POLICE DEPT,Accepted,JEFFERSON,,,7TH,ST,S,,KENTUCKY,,,,,38.240036560,-85.764437095,1.576,12/9/2021 12:00:00 AM,1529,2,2,0,0,CLOUDY,DRY,False,ANGLE COLLISION - OTHER,ANGLE,STRAIGHT & LEVEL,DAYLIGHT,,,12/10/2021 8:11:13 AM,False,2927,Accepted,
29483310,0568000,LOUISVILLE METRO POLICE DEPT,Accepted,JEFFERSON,,,3RD,ST,S,KY1020,KENWOOD,,,,,38.178811167,-85.766755106,1.509,12/9/2021 12:00:00 AM,1242,2,2,0,1,CLOUDY,DRY,False,OPPOSITE DIRECTION - BOTH VEHICLES GOING STRAIGHT AHEAD,SIDESWIPE-OPPOSITE DIRECTION,STRAIGHT & LEVEL,DAYLIGHT,,,12/20/2021 8:39:49 AM,False,5139,Accepted,
29417580,0568000,LOUISVILLE METRO POLICE DEPT,Accepted,JEFFERSON,US0031W,,DIXIE,HWY,,,KERRICK,,,,,38.153418901,-85.835894124,12.272,12/9/2021 12:00:00 AM,2319,2,2,0,1,CLEAR,DRY,False,OTHER INTERSECTION COLLISIONS,REAR END,STRAIGHT & LEVEL,DARK-HWY LIGHTED/ON,,,12/13/2021 8:32:27 AM,False,5170,Accepted,
29417561,0568000,LOUISVILLE METRO POLICE DEPT,Accepted,JEFFERSON,KY1450,9606,BLUE LICK,RD,,,,,,,,38.109416997,-85.691095821,1.685,12/9/2021 12:00:00 AM,1754,2,2,0,0,CLEAR,DRY,False,1 VEHICLE ENTERING/LEAVING ENTRANCE,ANGLE,STRAIGHT & LEVEL,DARK-HWY LIGHTED/ON,,,12/13/2021 8:31:11 AM,False,7799,Accepted,
29417571,0568000,LOUISVILLE METRO POLICE DEPT,Accepted,JEFFERSON,KY1931,,7TH ST,RD,,,BERNHEIM,,,,,38.219752747,-85.777750763,10.460,12/9/2021 12:00:00 AM,0024,3,3,0,1,CLEAR,DRY,True,OTHER INTERSECTION COLLISIONS,REAR END,STRAIGHT & LEVEL,DARK-HWY LIGHTED/ON,,,12/13/2021 8:31:59 AM,False,7312,Accepted,
29417536,0568000,LOUISVILLE METRO POLICE DEPT,Accepted,JEFFERSON,,,42ND,ST,S,,BROADWAY,,,,,38.250528027,-85.822661115,0.806,12/9/2021 12:00:00 AM,1739,3,3,0,0,CLEAR,DRY,False,ANGLE COLLISION - OTHER,ANGLE,STRAIGHT & LEVEL,DARK (UNKNOWN ROADWAY LIGHTING),,,12/13/2021 8:29:16 AM,False,7329,Accepted,
29409842,0568000,LOUISVILLE METRO POLICE DEPT,Accepted,JEFFERSON,,,PRESTON,ST,N,,WITHERSPOON,,,,,38.257778268,-85.745461132,0.158,12/9/2021 12:00:00 AM,0001,2,2,0,0,CLEAR,DRY,True,COLLISION WITH PARKED VEHICLE,SIDESWIPE-SAME DIRECTION,STRAIGHT & LEVEL,DARK-HWY LIGHTED/ON,,,12/10/2021 8:11:31 AM,False,7386,Accepted,
29409848,0568000,LOUISVILLE METRO POLICE DEPT,Accepted,JEFFERSON,KY0155,,TAYLORSVILLE,RD,,,OLD HEADY,,,,,38.185959737,-85.535831400,7.546,12/9/2021 12:00:00 AM,2039,2,2,0,1,CLEAR,DRY,False,OTHER INTERSECTION COLLISIONS,REAR END,STRAIGHT & LEVEL,DARK-HWY NOT LIGHTED,,,12/10/2021 8:11:58 AM,False,7755,Accepted,
29409857,0568000,LOUISVILLE METRO POLICE DEPT,Accepted,JEFFERSON,,1618,25TH,ST,S,,LEE,,,,,38.228204733,-85.797796024,1.436,12/9/2021 12:00:00 AM,2136,1,1,0,0,CLEAR,DRY,True,COLLISION WITH FIXED OBJECT IN INTERSECTION - FIRST EVENT COLLISION 09 - 32,SINGLE VEHICLE,STRAIGHT & LEVEL,DARK-HWY LIGHTED/ON,,,12/10/2021 8:12:23 AM,False,5384,Accepted,
29409864,0568000,LOUISVILLE METRO POLICE DEPT,Accepted,JEFFERSON,US0031E,,BARDSTOWN,RD,,,DEL MARIA,,,,,38.169193385,-85.605752477,7.286,12/9/2021 12:00:00 AM,1545,2,2,0,1,CLEAR,DRY,False,OPPOSING LEFT TURN,OPPOSING LEFT TURN,STRAIGHT & LEVEL,DARK-HWY LIGHTED/OFF,,,12/10/2021 8:12:32 AM,False,5144,Accepted,
29409831,0568000,LOUISVILLE METRO POLICE DEPT,Accepted,JEFFERSON,I 0065,,,,,,,,,,,38.161237020,-85.720252750,0.376,12/9/2021 12:00:00 AM,1330,2,2,0,0,CLEAR,DRY,True,OTHER RAMP RELATED COLLISIONS NOT LISTED ABOVE,SIDESWIPE-SAME DIRECTION,STRAIGHT & LEVEL,DAYLIGHT,KY1631,I 0065,12/10/2021 8:10:45 AM,False,5375,Accepted,
29409832,0568000,LOUISVILLE METRO POLICE DEPT,Accepted,JEFFERSON,KY1020,,3RD,ST,S,,HEYWOOD,,,,,38.206225205,-85.763653967,9.577,12/9/2021 12:00:00 AM,1632,2,2,0,2,CLEAR,DRY,False,OTHER INTERSECTION COLLISIONS,REAR END,STRAIGHT & LEVEL,DAYLIGHT,,,12/10/2021 8:10:48 AM,False,5378,Accepted,
29409839,0568000,LOUISVILLE METRO POLICE DEPT,Accepted,JEFFERSON,,,ST ANTHONY CHURCH,RD,,KY1931,ST ANDREWS CHURCH,,,,,38.150645932,-85.821709418,0.001,12/9/2021 12:00:00 AM,1651,2,2,0,0,CLEAR,DRY,False,OTHER INTERSECTION COLLISIONS,REAR END,STRAIGHT & LEVEL,DAYLIGHT,,,12/10/2021 8:11:18 AM,False,7232,Accepted,
29409824,0568000,LOUISVILLE METRO POLICE DEPT,Accepted,JEFFERSON,,,SHELBY,ST,S,,MERIWETHER,,,,,38.228743235,-85.741941277,0.677,12/9/2021 12:00:00 AM,0837,2,2,0,0,CLEAR,DRY,False,OTHER INTERSECTION COLLISIONS,REAR END,STRAIGHT & LEVEL,DAYLIGHT,,,12/10/2021 8:10:18 AM,False,5120,Accepted,
29409826,0568000,LOUISVILLE METRO POLICE DEPT,Accepted,JEFFERSON,KY0864,,COOPER CHAPEL,RD,,,,,,,,38.109106227,-85.614092294,2.188,12/9/2021 12:00:00 AM,1250,2,2,0,0,CLEAR,DRY,False,SIDESWIPE COLLISION - OPPOSITE DIRECTION,SIDESWIPE-OPPOSITE DIRECTION,STRAIGHT & LEVEL,DAYLIGHT,,,12/10/2021 8:10:28 AM,False,4693,Accepted,
29409833,0568000,LOUISVILLE METRO POLICE DEPT,Accepted,JEFFERSON,I 0065,,I65 N,,,I 0065,I65 N EXIT127 OFF RAMP TO KY1065,,,,,38.132405127,-85.703977957,126.379,12/9/2021 12:00:00 AM,0951,3,3,0,0,CLEAR,DRY,False,COLLISION WITH FIXED OBJECT IN INTERSECTION - FIRST EVENT COLLISION 09 - 32,SIDESWIPE-SAME DIRECTION,STRAIGHT & LEVEL,DAYLIGHT,,,12/10/2021 8:10:52 AM,False,7363,Accepted,
29405019,0568000,LOUISVILLE METRO POLICE DEPT,Accepted,JEFFERSON,,,UTAH,AVE,,,LINCOLN,,,,,38.211815267,-85.774059273,0.118,12/8/2021 12:00:00 AM,2229,1,1,0,0,CLEAR,DRY,False,COLLISION WITH FIXED OBJECT IN INTERSECTION - FIRST EVENT COLLISION 09 - 32,SINGLE VEHICLE,STRAIGHT & LEVEL,DARK-HWY LIGHTED/ON,,,12/9/2021 8:47:47 AM,False,5372,Accepted,
29405020,0568000,LOUISVILLE METRO POLICE DEPT,Accepted,JEFFERSON,I 0264,,I264 W,,,,,,,,,38.191334154,-85.716580272,12.802,12/8/2021 12:00:00 AM,1855,2,2,0,1,CLEAR,DRY,False,OTHER COLLISIONS ON SHOULDER,REAR TO REAR,STRAIGHT & LEVEL,DARK-HWY LIGHTED/ON,,,12/9/2021 8:47:50 AM,False,5302,Accepted,
29405012,0568000,LOUISVILLE METRO POLICE DEPT,Accepted,JEFFERSON,US0060A,1638,BERRY,BLVD,,,,,,,,38.196541981,-85.792872013,0.922,12/8/2021 12:00:00 AM,2053,1,1,0,0,CLEAR,DRY,False,COLLISION WITH FIXED OBJECT NON - INTERSECTION - FIRST EVENT COLLISION 09 - 32 EXCLUDING 16,SINGLE VEHICLE,STRAIGHT & LEVEL,DARK-HWY LIGHTED/ON,,,12/9/2021 8:47:23 AM,False,7426,Accepted,
29409841,0568000,LOUISVILLE METRO POLICE DEPT,Accepted,JEFFERSON,KY0061,,PRESTON,HWY,,KY6299,COMMERCE CROSSINGS,,,,,38.103478614,-85.672679671,1.401,12/8/2021 12:00:00 AM,1835,2,2,0,0,CLEAR,DRY,False,OTHER INTERSECTION COLLISIONS,REAR END,STRAIGHT & LEVEL,DUSK,,,12/10/2021 8:11:27 AM,False,7812,Accepted,
29409834,0568000,LOUISVILLE METRO POLICE DEPT,Accepted,JEFFERSON,US0060A,,EASTERN,PKWY,,KY0061,PRESTON,,,,,38.214540876,-85.743129861,4.546,12/8/2021 12:00:00 AM,1753,2,1,0,1,CLEAR,DRY,False,COLLISION WITH PEDESTRIAN IN INTERSECTION,SINGLE VEHICLE,STRAIGHT & LEVEL,DARK-HWY LIGHTED/ON,,,12/10/2021 8:10:57 AM,False,5052,Accepted,
29471901,0568000,LOUISVILLE METRO POLICE DEPT,Accepted,JEFFERSON,KY1020,,NATIONAL,TPKE,,,ENTERPRISE,,,,,38.147365657,-85.759391759,5.184,12/8/2021 12:00:00 AM,1350,2,1,0,0,CLEAR,DRY,True,HEAD-ON COLLISION,HEAD ON,STRAIGHT & LEVEL,DAYLIGHT,,,12/16/2021 12:52:37 PM,False,7306,Accepted,
29471902,0568000,LOUISVILLE METRO POLICE DEPT,Accepted,JEFFERSON,KY1865,,NEW CUT,RD,,KY1065,OUTER,,,,,38.126457700,-85.776146374,1.259,12/8/2021 12:00:00 AM,1354,4,1,0,0,CLEAR,DRY,True,OTHER INTERSECTION COLLISIONS,REAR END,STRAIGHT & LEVEL,DAYLIGHT,,,12/16/2021 12:53:51 PM,False,7252,Accepted,
29549497,0568000,LOUISVILLE METRO POLICE DEPT,Accepted,JEFFERSON,I 0064,,I64 W,,,,,,,,,38.269974766,-85.782242898,2.598,12/8/2021 12:00:00 AM,0430,2,2,0,0,SLEET HAIL FREEZING RAIN,ICE,False,REAR END IN TRAFFIC LANES BOTH VEHICLES MOVING,REAR END,STRAIGHT & LEVEL,DARK-HWY LIGHTED/ON,,,1/10/2022 8:37:55 AM,False,5348,Accepted,
29409847,0568000,LOUISVILLE METRO POLICE DEPT,Accepted,JEFFERSON,US0031E,,BARDSTOWN,RD,,,,,STORAGE,,IONA,38.153781794,-85.589125299,5.836,12/8/2021 12:00:00 AM,1822,2,2,0,0,CLEAR,DRY,False,OTHER ROADWAY OR MID-BLOCK COLLISION,OPPOSING LEFT TURN,STRAIGHT & LEVEL,DARK-HWY NOT LIGHTED,,,12/10/2021 8:11:54 AM,False,7755,Accepted,
29409846,0568000,LOUISVILLE METRO POLICE DEPT,Accepted,JEFFERSON,US0031E,6900,BARDSTOWN,RD,,,,,,,,38.147269751,-85.585918537,5.320,12/8/2021 12:00:00 AM,1430,2,2,0,0,CLEAR,DRY,False,COLLISION IN PARKING LOT,ANGLE,STRAIGHT & LEVEL,DAYLIGHT,,,12/10/2021 8:11:50 AM,False,7755,Accepted,
29405014,0568000,LOUISVILLE METRO POLICE DEPT,Accepted,JEFFERSON,US0042,2007,BROWNSBORO,RD,,,,,,,,38.259623922,-85.707148545,1.543,12/8/2021 12:00:00 AM,2054,2,2,0,0,CLEAR,DRY,True,COLLISION IN PARKING LOT,BACKING,STRAIGHT & LEVEL,DARK-HWY LIGHTED/ON,,,12/9/2021 8:47:27 AM,False,5029,Accepted,
29405015,0568000,LOUISVILLE METRO POLICE DEPT,Accepted,JEFFERSON,KY0061,,PRESTON,HWY,,,VIM,,,,,38.172048355,-85.709973776,6.632,12/8/2021 12:00:00 AM,1852,2,2,0,1,CLEAR,DRY,False,ANGLE COLLISION - OTHER,ANGLE,STRAIGHT & LEVEL,DARK-HWY LIGHTED/ON,,,12/9/2021 8:47:33 AM,False,5269,Accepted,
29405024,0568000,LOUISVILLE METRO POLICE DEPT,Accepted,JEFFERSON,KY0061,,PRESTON,HWY,,,LOCUST,,,,,38.206872998,-85.737426513,9.465,12/8/2021 12:00:00 AM,1918,1,1,0,0,CLEAR,DRY,False,COLLISION WITH FIXED OBJECT IN INTERSECTION - FIRST EVENT COLLISION 09 - 32,SINGLE VEHICLE,STRAIGHT & LEVEL,DARK-HWY LIGHTED/ON,,,12/9/2021 8:47:58 AM,False,5286,Accepted,
29405000,0568000,LOUISVILLE METRO POLICE DEPT,Accepted,JEFFERSON,,,FAIRGROUND,RD,,,HUDSON,,,,,38.168692525,-85.585126748,0.967,12/8/2021 12:00:00 AM,1542,2,2,0,1,CLEAR,DRY,False,ANGLE COLLISION - ONE VEHICLE TURNING LEFT,ANGLE,STRAIGHT & LEVEL,DAYLIGHT,,,12/9/2021 8:46:33 AM,False,2324,Accepted,
29405007,0568000,LOUISVILLE METRO POLICE DEPT,Accepted,JEFFERSON,I 0065,,I65 N,,,,,,,,,38.098192753,-85.700728859,124.000,12/8/2021 12:00:00 AM,1517,1,1,0,1,CLEAR,DRY,False,COLLISION WITH FIXED OBJECT NON - INTERSECTION - FIRST EVENT COLLISION 09 - 32 EXCLUDING 16,SINGLE VEHICLE,STRAIGHT & LEVEL,DAYLIGHT,,,12/9/2021 8:46:56 AM,False,2217,Accepted,
29405008,0568000,LOUISVILLE METRO POLICE DEPT,Accepted,JEFFERSON,KY1865,,NEW CUT,RD,,KY1065,OUTER,,,,,38.126333784,-85.776158221,1.260,12/8/2021 12:00:00 AM,1530,2,2,0,0,CLEAR,DRY,False,ANGLE COLLISION - OTHER,ANGLE,STRAIGHT & LEVEL,DAYLIGHT,,,12/9/2021 8:47:00 AM,False,7263,Accepted,
29405022,0568000,LOUISVILLE METRO POLICE DEPT,Accepted,JEFFERSON,,1200,DON HUTSON,BLVD,,,,,,,,38.143640833,-85.738629902,0.010,12/8/2021 12:00:00 AM,0238,1,1,0,0,CLEAR,DRY,False,COLLISION WITH FIXED OBJECT NON - INTERSECTION - FIRST EVENT COLLISION 09 - 32 EXCLUDING 16,SINGLE VEHICLE,STRAIGHT & LEVEL,DARK-HWY LIGHTED/ON,,,12/9/2021 8:47:54 AM,False,5115,Accepted,
29404983,0568000,LOUISVILLE METRO POLICE DEPT,Accepted,JEFFERSON,I 0064,,I64 E,,,,,,,,,38.222836537,-85.511123380,18.709,12/8/2021 12:00:00 AM,0816,2,2,0,2,CLOUDY,DRY,False,REAR END IN TRAFFIC LANES BOTH VEHICLES MOVING,REAR END,STRAIGHT & LEVEL,DAYLIGHT,,,12/9/2021 8:45:32 AM,False,2346,Accepted,
29404992,0568000,LOUISVILLE METRO POLICE DEPT,Accepted,JEFFERSON,KY0864,,BEULAH CHURCH,RD,,,,,,,,38.120505307,-85.615049092,3.073,12/8/2021 12:00:00 AM,0828,2,2,0,0,CLEAR,DRY,False,SIDESWIPE COLLISION - OPPOSITE DIRECTION,SIDESWIPE-OPPOSITE DIRECTION,STRAIGHT & LEVEL,DAYLIGHT,,,12/9/2021 8:45:59 AM,False,4693,Accepted,
29400292,0568000,LOUISVILLE METRO POLICE DEPT,Accepted,JEFFERSON,I 0064,,I64 E,,,,,,,,,38.277285202,-85.801908345,1.473,12/8/2021 12:00:00 AM,0430,2,2,0,0,CLEAR,GRAVEL,False,1 VEHICLE PARKED POSITION (NOT PARKING LOT/DRIVEWAY),REAR END,STRAIGHT & LEVEL,DARK-HWY LIGHTED/ON,,,12/8/2021 8:19:28 AM,False,7281,Accepted,
29400293,0568000,LOUISVILLE METRO POLICE DEPT,Accepted,JEFFERSON,I 0064,,I64 E,,,,,I 0064,I64 W EXIT1B RAMP TO I64 E,I 0064,I64 E EXIT3 OFF RAMP TO US31W,38.277281607,-85.800855340,1.532,12/8/2021 12:00:00 AM,0223,1,1,0,1,CLOUDY,ICE,False,OTHER ROADWAY OR MID-BLOCK COLLISION,SINGLE VEHICLE,CURVE & HILLCREST,DARK-HWY LIGHTED/ON,,,12/8/2021 8:19:32 AM,False,5199,Accepted,
29400295,0568000,LOUISVILLE METRO POLICE DEPT,Accepted,JEFFERSON,US0031,,CLARK MEMORIAL,BRG,,,,,,,,38.265786126,-85.751139005,0.669,12/8/2021 12:00:00 AM,0351,1,1,0,1,CLEAR,SNOW/SLUSH,False,COLLISION WITH FIXED OBJECT NON - INTERSECTION - FIRST EVENT COLLISION 09 - 32 EXCLUDING 16,SINGLE VEHICLE,STRAIGHT & LEVEL,DARK-HWY LIGHTED/OFF,,,12/8/2021 8:19:39 AM,False,5354,Accepted,
29400296,0568000,LOUISVILLE METRO POLICE DEPT,Accepted,JEFFERSON,I 0064,,I64 E,,,,,,,,,38.262833298,-85.772466648,3.535,12/8/2021 12:00:00 AM,0515,2,2,0,0,CLEAR,SNOW/SLUSH,False,1 VEHICLE PARKED POSITION (NOT PARKING LOT/DRIVEWAY),REAR END,CURVE & GRADE,DARK-HWY LIGHTED/ON,,,12/8/2021 8:19:43 AM,True,5354,Accepted,
29400303,0568000,LOUISVILLE METRO POLICE DEPT,Accepted,JEFFERSON,KY1865,,NEW CUT,RD,,,,,COMMERCE PARK,,PIROUETTE,38.114922291,-85.772171760,0.362,12/8/2021 12:00:00 AM,0635,2,1,0,1,CLEAR,DRY,False,COLLISION WITH PEDESTRIAN NON - INTERSECTION,SINGLE VEHICLE,STRAIGHT & LEVEL,DARK-HWY NOT LIGHTED,,,12/8/2021 8:20:01 AM,False,5211,Accepted,
29404997,0568000,LOUISVILLE METRO POLICE DEPT,Accepted,JEFFERSON,,,HIKES,LN,,,GLENCREEK,,,,,38.204104484,-85.651885565,1.427,12/8/2021 12:00:00 AM,1208,2,2,0,0,CLEAR,DRY,False,ANGLE COLLISION - OTHER,ANGLE,STRAIGHT & LEVEL,DAYLIGHT,,,12/9/2021 8:46:19 AM,False,7602,Accepted,
29404998,0568000,LOUISVILLE METRO POLICE DEPT,Accepted,JEFFERSON,KY1020,,SOUTHSIDE,DR,,,STRAWBERRY,,,,,38.158116648,-85.764674370,6.090,12/8/2021 12:00:00 AM,1401,2,2,0,0,CLEAR,DRY,True,OTHER INTERSECTION COLLISIONS,REAR END,STRAIGHT & LEVEL,DAYLIGHT,,,12/9/2021 8:46:23 AM,False,7306,Accepted,
29405005,0568000,LOUISVILLE METRO POLICE DEPT,Accepted,JEFFERSON,,,MUHAMMAD ALI,BLVD,W,,34TH,,,,,38.256700654,-85.807674620,3.030,12/8/2021 12:00:00 AM,1556,3,3,0,1,CLEAR,DRY,False,ANGLE COLLISION - OTHER,ANGLE,STRAIGHT & LEVEL,DAYLIGHT,,,12/9/2021 8:46:48 AM,False,5308,Accepted,
29409822,0568000,LOUISVILLE METRO POLICE DEPT,Accepted,JEFFERSON,I 0065,,I65 N EXIT131A TRANSIT,,,,,,,,,38.188537623,-85.727205517,0.062,12/8/2021 12:00:00 AM,1411,2,2,0,1,CLEAR,DRY,False,OTHER ROADWAY OR MID-BLOCK COLLISION,REAR END,STRAIGHT & LEVEL,DAYLIGHT,,,12/10/2021 8:10:06 AM,False,8278,Accepted,
29409819,0568000,LOUISVILLE METRO POLICE DEPT,Accepted,JEFFERSON,KY1865,,TAYLOR,BLVD,,,BLUEGRASS,,,,,38.179600328,-85.783261620,5.030,12/8/2021 12:00:00 AM,1812,2,2,0,0,CLEAR,DRY,False,OPPOSING LEFT TURN,OPPOSING LEFT TURN,STRAIGHT & LEVEL,DARK (UNKNOWN ROADWAY LIGHTING),,,12/10/2021 8:09:55 AM,False,5180,Accepted,
29417559,0568000,LOUISVILLE METRO POLICE DEPT,Accepted,JEFFERSON,I 0064,,I64 E,,,,,,,,,38.277303999,-85.802258005,1.453,12/8/2021 12:00:00 AM,0337,4,4,0,0,CLOUDY,ICE,True,REAR END IN TRAFFIC LANES BOTH VEHICLES MOVING,REAR END,STRAIGHT & HILLCREST,DARK-HWY LIGHTED/ON,,,12/13/2021 8:31:00 AM,False,5199,Accepted,
29487607,0568000,LOUISVILLE METRO POLICE DEPT,Accepted,JEFFERSON,I 0064,,I64 E,,,US0150,22ND,,,,,38.269404451,-85.782073325,2.783,12/8/2021 12:00:00 AM,0500,2,2,0,1,SLEET HAIL FREEZING RAIN,ICE,False,OTHER INTERSECTION COLLISIONS,REAR END,STRAIGHT & LEVEL,DARK-HWY LIGHTED/ON,,,12/21/2021 8:11:04 AM,False,5348,Accepted,
29495338,0568000,LOUISVILLE METRO POLICE DEPT,Accepted,JEFFERSON,US0031E,,BARDSTOWN,RD,,I 0265,I265 E EXIT17 OFF RAMP TO US31E,,,,,38.139652124,-85.582205962,4.771,12/8/2021 12:00:00 AM,1520,2,2,0,0,CLEAR,DRY,False,ANGLE COLLISION - ONE VEHICLE TURNING LEFT,ANGLE,STRAIGHT & LEVEL,DAYLIGHT,,,12/23/2021 7:26:27 AM,False,2321,Accepted,
29400291,0568000,LOUISVILLE METRO POLICE DEPT,Accepted,JEFFERSON,KY0841,,GENE SNYDER,FWY,,,,,,,,38.338659301,-85.638377193,38.343,12/8/2021 12:00:00 AM,0302,1,1,0,0,SNOWING,ICE,False,OTHER ROADWAY OR MID-BLOCK COLLISION,SINGLE VEHICLE,STRAIGHT & LEVEL,DARK-HWY LIGHTED/ON,,,12/8/2021 8:19:25 AM,False,5401,Accepted,
29404977,0568000,LOUISVILLE METRO POLICE DEPT,Accepted,JEFFERSON,US0031E,,BAXTER,AVE,,KY0864,CHESTNUT,,,,,38.251130246,-85.732934425,16.537,12/8/2021 12:00:00 AM,0640,2,2,0,0,CLOUDY,DRY,False,SIDESWIPE-SAME DIRECTION,SIDESWIPE-SAME DIRECTION,STRAIGHT & LEVEL,DAWN,,,12/9/2021 8:45:08 AM,False,2406,Accepted,
29404985,0568000,LOUISVILLE METRO POLICE DEPT,Accepted,JEFFERSON,,,CHENOWETH RUN,RD,,,,,,,,38.171561863,-85.549954480,2.028,12/8/2021 12:00:00 AM,0855,1,1,0,2,CLEAR,DRY,False,RAN OFF ROADWAY (1 VEHICLE WITH/EARTH EMBANKMENT/DITCH),SINGLE VEHICLE,CURVE & LEVEL,DAYLIGHT,,,12/9/2021 8:45:36 AM,False,6878,Accepted,
29404993,0568000,LOUISVILLE METRO POLICE DEPT,Accepted,JEFFERSON,I 0265,,I265 W,,,,,I 0064,I64 E EXIT19A RAMP TO I265 S,I 0265,I265 W EXIT23 OFF RAMP TO KY155,38.214131167,-85.506544242,24.851,12/8/2021 12:00:00 AM,0847,2,2,0,1,CLOUDY,DRY,True,SIDESWIPE COLLISION - SAME DIRECTION,SIDESWIPE-SAME DIRECTION,STRAIGHT & LEVEL,DAYLIGHT,,,12/9/2021 8:46:03 AM,False,7876,Accepted,
29404994,0568000,LOUISVILLE METRO POLICE DEPT,Accepted,JEFFERSON,KY1703,,NEWBURG,RD,,,BISHOP,,,,,38.200731936,-85.685946465,2.097,12/8/2021 12:00:00 AM,1045,2,2,0,0,CLEAR,DRY,False,ANGLE COLLISION - OTHER,ANGLE,STRAIGHT & GRADE,DAYLIGHT,,,12/9/2021 8:46:07 AM,False,7609,Accepted,
29405001,0568000,LOUISVILLE METRO POLICE DEPT,Accepted,JEFFERSON,,,DATURA,LN,,KY1931,GREENWOOD,,,,,38.144177205,-85.855074709,0.004,12/8/2021 12:00:00 AM,1606,2,2,0,0,CLEAR,DRY,False,ANGLE COLLISION - OTHER,ANGLE,STRAIGHT & LEVEL,DAYLIGHT,,,12/9/2021 8:46:37 AM,False,7496,Accepted,
29405009,0568000,LOUISVILLE METRO POLICE DEPT,Accepted,JEFFERSON,I 0265,,I265 S,,,,,,,,,38.272135249,-85.500970742,28.863,12/8/2021 12:00:00 AM,1800,2,2,0,0,CLEAR,DRY,False,REAR END IN TRAFFIC LANES BOTH VEHICLES MOVING,REAR END,STRAIGHT & LEVEL,DARK-HWY LIGHTED/ON,,,12/9/2021 8:47:04 AM,False,2346,Accepted,
29405010,0568000,LOUISVILLE METRO POLICE DEPT,Accepted,JEFFERSON,KY1865,,NEW CUT,RD,,,,,,,,38.136441112,-85.773336283,1.995,12/8/2021 12:00:00 AM,1651,2,2,0,2,CLEAR,DRY,False,HEAD-ON COLLISION,HEAD ON,STRAIGHT & LEVEL,DAYLIGHT,,,12/9/2021 8:47:10 AM,False,7234,Accepted,
29400297,0568000,LOUISVILLE METRO POLICE DEPT,Accepted,JEFFERSON,I 0064,,,,,,,,,,,38.261777600,-85.730916914,0.126,12/8/2021 12:00:00 AM,0343,4,4,0,0,SNOWING,ICE,False,OTHER RAMP RELATED COLLISIONS NOT LISTED ABOVE,SIDESWIPE-SAME DIRECTION,STRAIGHT & LEVEL,DARK-HWY LIGHTED/OFF,I 0064,I 0071,12/8/2021 8:19:46 AM,True,5385,Accepted,
29404979,0568000,LOUISVILLE METRO POLICE DEPT,Accepted,JEFFERSON,I 0064,,I64 W,,,I 0064,I64 W EXIT3 OFF RAMP TO US31W,,,,,38.267966893,-85.780976768,2.756,12/8/2021 12:00:00 AM,0434,2,2,0,0,CLEAR,ICE,False,OTHER INTERSECTION COLLISIONS,REAR END,STRAIGHT & LEVEL,DARK-HWY LIGHTED/ON,,,12/9/2021 8:45:12 AM,False,7219,Accepted,
29483256,0568000,LOUISVILLE METRO POLICE DEPT,Accepted,JEFFERSON,I 0264,,I264 E,,,I 0264,I264 E EXIT18 ON RAMP FROM KY1932 N,,,,,38.230252234,-85.632530235,18.159,12/8/2021 12:00:00 AM,1830,4,4,0,0,CLEAR,DRY,False,OTHER INTERSECTION COLLISIONS,REAR TO REAR,STRAIGHT & LEVEL,DARK-HWY LIGHTED/ON,,,12/20/2021 8:35:51 AM,False,7740,Accepted,
29474873,0568000,LOUISVILLE METRO POLICE DEPT,Accepted,JEFFERSON,KY1703,,NEWBURG,RD,,,GARDINER,,,,,38.203199973,-85.690898057,2.395,12/7/2021 12:00:00 AM,1517,2,2,0,0,CLEAR,DRY,True,SIDESWIPE-SAME DIRECTION,SIDESWIPE-SAME DIRECTION,STRAIGHT & LEVEL,DAYLIGHT,,,12/17/2021 8:29:43 AM,False,7938,Accepted,