IncidentID,AgencyORI,AgencyName,IncidentStatusDesc,County,RdwyNumber,Street,RoadwayName,StreetSfx,StreetDir,IntersectionRdwy,IntersectionRdwyName,BetweenStRdwy1,BetweenStRdwyName1,BetweenStRdwy2,BetweenStRdwyName2,Latitude,Longitude,Milepoint,CollisionDate,CollisionTime,UnitsInvolved,MotorVehiclesInvolved,NumberKilled,NumberInjured,Weather,RdwyConditionCode,HitandRun,DirAnalysisCode,MannerofCollision,RdwyCharacter,LightCondition,RampFromRdwyId,RampToRdwyId,AcceptedDate,IsSecondaryCollision,OwnerBadge,IncidentStatus,
29417618,0568000,LOUISVILLE METRO POLICE DEPT,Accepted,JEFFERSON,,,OAK,ST,E,,BROOK,,,,,38.234411508,-85.753651790,0.090,12/7/2021 12:00:00 AM,2223,2,2,0,0,CLEAR,DRY,False,ANGLE COLLISION - OTHER,ANGLE,STRAIGHT & LEVEL,DARK-HWY LIGHTED/ON,,,12/13/2021 8:34:07 AM,False,5152,Accepted,
29400289,0568000,LOUISVILLE METRO POLICE DEPT,Accepted,JEFFERSON,KY1020,,SOUTHSIDE,DR,,,EVANGELINE,,,,,38.160361559,-85.764773851,6.236,12/7/2021 12:00:00 AM,1939,2,2,0,3,CLEAR,DRY,False,ANGLE COLLISION - OTHER,ANGLE,STRAIGHT & LEVEL,DARK (UNKNOWN ROADWAY LIGHTING),,,12/8/2021 8:19:17 AM,False,5312,Accepted,
29400299,0568000,LOUISVILLE METRO POLICE DEPT,Accepted,JEFFERSON,,9303,CINDERELLA,LN,,,,,,,,38.113716349,-85.656361981,0.403,12/7/2021 12:00:00 AM,2004,1,1,0,0,CLEAR,DRY,False,COLLISION WITH FIXED OBJECT NON - INTERSECTION - FIRST EVENT COLLISION 09 - 32 EXCLUDING 16,SINGLE VEHICLE,STRAIGHT & LEVEL,DARK-HWY NOT LIGHTED,,,12/8/2021 8:19:50 AM,False,5138,Accepted,
29400282,0568000,LOUISVILLE METRO POLICE DEPT,Accepted,JEFFERSON,I 0264,,,,,,,,,,,38.254200097,-85.805304257,0.019,12/7/2021 12:00:00 AM,0843,2,2,0,0,CLOUDY,DRY,True,OTHER RAMP RELATED COLLISIONS NOT LISTED ABOVE,REAR END,STRAIGHT & GRADE,DAYLIGHT,I 0264,MUHAMMAD ALI BLVD,12/8/2021 8:18:54 AM,False,7325,Accepted,
29400290,0568000,LOUISVILLE METRO POLICE DEPT,Accepted,JEFFERSON,I 0264,,I264 E,,,,,,,,,38.201063106,-85.693349977,14.255,12/7/2021 12:00:00 AM,1545,2,2,0,0,CLOUDY,DRY,False,REAR END IN TRAFFIC LANES BOTH VEHICLES MOVING,REAR END,STRAIGHT & LEVEL,DAYLIGHT,,,12/8/2021 8:19:22 AM,False,7578,Accepted,
29400258,0568000,LOUISVILLE METRO POLICE DEPT,Accepted,JEFFERSON,KY1020,,3RD,ST,S,,,,,,,38.214060727,-85.762274088,9.888,12/7/2021 12:00:00 AM,1047,2,2,0,0,CLEAR,DRY,False,1 VEHICLE ENTERING/LEAVING ENTRANCE,ANGLE,STRAIGHT & LEVEL,DAYLIGHT,,,12/8/2021 8:17:13 AM,False,5258,Accepted,
29400265,0568000,LOUISVILLE METRO POLICE DEPT,Accepted,JEFFERSON,KY1065,,OUTER,LOOP,,,,,LAMBERT,,JEFFERSON,38.138097434,-85.675914222,6.650,12/7/2021 12:00:00 AM,1449,2,2,0,0,CLEAR,DRY,False,REAR END IN TRAFFIC LANES BOTH VEHICLES MOVING,REAR END,STRAIGHT & LEVEL,DAYLIGHT,,,12/8/2021 8:17:45 AM,False,2324,Accepted,
29400266,0568000,LOUISVILLE METRO POLICE DEPT,Accepted,JEFFERSON,KY1747,,HURSTBOURNE,PKWY,S,,,,PATRIOTS CROSSING,KY1747,KY1747 CROSSOVER,38.161078659,-85.632310570,5.686,12/7/2021 12:00:00 AM,1712,2,2,0,0,CLEAR,DRY,True,SIDESWIPE COLLISION - SAME DIRECTION,SIDESWIPE-SAME DIRECTION,STRAIGHT & LEVEL,DUSK,,,12/8/2021 8:17:48 AM,False,2324,Accepted,
29400255,0568000,LOUISVILLE METRO POLICE DEPT,Accepted,JEFFERSON,KY1447,,WESTPORT,RD,,,,,SPRINGHURST,,SHELBURN PARK,38.294334262,-85.558198817,6.098,12/7/2021 12:00:00 AM,0653,2,2,0,1,CLOUDY,DRY,False,1 VEHICLE ENTERING/LEAVING ENTRANCE,ANGLE,STRAIGHT & HILLCREST,DARK-HWY LIGHTED/ON,,,12/8/2021 8:17:02 AM,False,7876,Accepted,
29400263,0568000,LOUISVILLE METRO POLICE DEPT,Accepted,JEFFERSON,I 0065,,I65 N,,,I 0065,I65 N EXIT136A OFF RAMP TO  S BROOK ST,,,,,38.241237580,-85.752886038,134.948,12/7/2021 12:00:00 AM,0800,2,2,0,0,CLOUDY,DRY,True,SIDESWIPE-SAME DIRECTION,SIDESWIPE-SAME DIRECTION,STRAIGHT & LEVEL,DAYLIGHT,,,12/8/2021 8:17:36 AM,False,5282,Accepted,
29400271,0568000,LOUISVILLE METRO POLICE DEPT,Accepted,JEFFERSON,US0031E,,BARDSTOWN,RD,,,COLONEL HANCOCK,,,,,38.130486044,-85.577348766,4.085,12/7/2021 12:00:00 AM,1847,2,2,0,0,CLEAR,DRY,False,OTHER INTERSECTION COLLISIONS,REAR END,STRAIGHT & LEVEL,DUSK,,,12/8/2021 8:18:07 AM,False,7698,Accepted,
29400273,0568000,LOUISVILLE METRO POLICE DEPT,Accepted,JEFFERSON,KY0864,,GOSS,AVE,,,TEXAS,,,,,38.225995366,-85.733412818,13.939,12/7/2021 12:00:00 AM,1747,2,2,0,1,CLEAR,DRY,False,ANGLE COLLISION - OTHER,ANGLE,STRAIGHT & LEVEL,DAYLIGHT,,,12/8/2021 8:18:12 AM,False,5301,Accepted,
29400280,0568000,LOUISVILLE METRO POLICE DEPT,Accepted,JEFFERSON,US0031W,,DR W J HODGE,ST,,,MADISON,,,,,38.253151367,-85.785817681,19.950,12/7/2021 12:00:00 AM,1857,2,2,0,3,CLEAR,DRY,False,ANGLE COLLISION - OTHER,ANGLE,STRAIGHT & LEVEL,DARK-HWY LIGHTED/ON,,,12/8/2021 8:18:46 AM,False,5135,Accepted,
29400281,0568000,LOUISVILLE METRO POLICE DEPT,Accepted,JEFFERSON,KY1230,,LOWER RIVER,RD,,,,,SCENIC,,ORELL,38.077833769,-85.901647302,1.116,12/7/2021 12:00:00 AM,2120,1,1,0,0,CLEAR,DRY,False,COLLISION WITH FIXED OBJECT NON - INTERSECTION - FIRST EVENT COLLISION 09 - 32 EXCLUDING 16,SINGLE VEHICLE,STRAIGHT & LEVEL,DARK-HWY LIGHTED/ON,,,12/8/2021 8:18:50 AM,False,2721,Accepted,
29417533,0568000,LOUISVILLE METRO POLICE DEPT,Accepted,JEFFERSON,,2716,28TH,ST,S,,,,,,,38.249625769,-85.797899436,0.783,12/7/2021 12:00:00 AM,1804,2,2,0,1,CLEAR,DRY,False,1 VEHICLE ENTERING/LEAVING ENTRANCE,ANGLE,STRAIGHT & LEVEL,DARK (UNKNOWN ROADWAY LIGHTING),,,12/13/2021 8:29:09 AM,False,5108,Accepted,
29401807,0561500,UNIV. OF LOUISVILLE POLICE,Accepted,JEFFERSON,,,HAHN,ST,,,FLOYD,,,,,38.212050503,-85.755177587,0.093,12/7/2021 12:00:00 AM,1629,2,2,0,1,CLEAR,DRY,False,OPPOSITE DIRECTION - BOTH VEHICLES GOING STRAIGHT AHEAD,SIDESWIPE-OPPOSITE DIRECTION,CURVE & LEVEL,DAYLIGHT,,,12/8/2021 1:54:01 PM,False,5700,Accepted,
29400287,0568000,LOUISVILLE METRO POLICE DEPT,Accepted,JEFFERSON,KY1020,,NATIONAL,TPKE,,KY1065,OUTER,,,,,38.127403930,-85.749153696,3.693,12/7/2021 12:00:00 AM,2157,2,2,0,0,CLEAR,DRY,False,ANGLE COLLISION - OTHER,ANGLE,STRAIGHT & LEVEL,DARK-HWY LIGHTED/ON,,,12/8/2021 8:19:13 AM,False,5209,Accepted,
29400278,0568000,LOUISVILLE METRO POLICE DEPT,Accepted,JEFFERSON,KY1065,,OUTER,LOOP,,,ROBBS,,,,,38.137988939,-85.665362562,7.239,12/7/2021 12:00:00 AM,1937,2,2,0,0,CLEAR,DRY,False,ANGLE COLLISION - ONE VEHICLE TURNING LEFT,ANGLE,STRAIGHT & LEVEL,DARK-HWY LIGHTED/ON,,,12/8/2021 8:18:38 AM,False,5336,Accepted,
29400286,0568000,LOUISVILLE METRO POLICE DEPT,Accepted,JEFFERSON,KY1065,,OUTER,LOOP,,KY1865,NEW CUT,,,,,38.126431949,-85.776182397,1.024,12/7/2021 12:00:00 AM,0710,2,2,0,0,CLEAR,DRY,True,ANGLE COLLISION - OTHER,ANGLE,STRAIGHT & LEVEL,DAYLIGHT,,,12/8/2021 8:19:09 AM,False,5209,Accepted,
29400251,0568000,LOUISVILLE METRO POLICE DEPT,Accepted,JEFFERSON,,,BAKERS,LN,,,,,,,,38.141317513,-85.771592675,0.153,12/7/2021 12:00:00 AM,0903,2,2,0,0,CLOUDY,DRY,False,1 VEHICLE PARKED POSITION (NOT PARKING LOT/DRIVEWAY),SIDESWIPE-OPPOSITE DIRECTION,STRAIGHT & HILLCREST,DAYLIGHT,,,12/8/2021 8:16:47 AM,False,7252,Accepted,
29400259,0568000,LOUISVILLE METRO POLICE DEPT,Accepted,JEFFERSON,I 0265,,I265 W,,,,,,,,,38.207607063,-85.507283420,24.399,12/7/2021 12:00:00 AM,0941,1,1,0,0,CLOUDY,DRY,False,RAN OFF ROADWAY (1 VEHICLE WITH/EARTH EMBANKMENT/DITCH),SINGLE VEHICLE,STRAIGHT & LEVEL,DAYLIGHT,,,12/8/2021 8:17:19 AM,False,4903,Accepted,
29400260,0568000,LOUISVILLE METRO POLICE DEPT,Accepted,JEFFERSON,KY0155,,TAYLORSVILLE LAKE,RD,,,,,,,,38.188933170,-85.475283005,4.117,12/7/2021 12:00:00 AM,1120,2,2,0,1,CLOUDY,DRY,False,SIDESWIPE COLLISION - OPPOSITE DIRECTION,SIDESWIPE-OPPOSITE DIRECTION,CURVE & LEVEL,DAYLIGHT,,,12/8/2021 8:17:25 AM,False,2308,Accepted,
29400267,0568000,LOUISVILLE METRO POLICE DEPT,Accepted,JEFFERSON,KY1631,,CRITTENDEN,DR,,,KFEC GATE4 DR,,,,,38.202928592,-85.750713678,1.038,12/7/2021 12:00:00 AM,1237,2,2,0,1,CLOUDY,DRY,False,OPPOSING LEFT TURN,OPPOSING LEFT TURN,STRAIGHT & LEVEL,DAYLIGHT,,,12/8/2021 8:17:52 AM,False,2745,Accepted,
29400268,0568000,LOUISVILLE METRO POLICE DEPT,Accepted,JEFFERSON,KY1747,,HURSTBOURNE,PKWY,S,,WATTERSON,,,,,38.162720997,-85.613021121,6.843,12/7/2021 12:00:00 AM,1455,3,3,0,1,CLOUDY,DRY,False,OTHER INTERSECTION COLLISIONS,REAR END,STRAIGHT & LEVEL,DAYLIGHT,,,12/8/2021 8:17:55 AM,False,7739,Accepted,
29394862,0561000,JEFFERSONTOWN POLICE DEPT,Accepted,JEFFERSON,I 0064,,,,,,,,,,,38.222344084,-85.578213350,0.385,12/7/2021 12:00:00 AM,0044,1,1,0,1,CLEAR,DRY,False,OTHER RAMP RELATED COLLISIONS NOT LISTED ABOVE,SINGLE VEHICLE,CURVE & GRADE,DARK-HWY LIGHTED/ON,I 0064,KY1747,12/7/2021 2:34:36 AM,False,8323,Accepted,
29400277,0568000,LOUISVILLE METRO POLICE DEPT,Accepted,JEFFERSON,KY1747,,HURSTBOURNE,PKWY,S,,WHITTINGTON,,,,,38.242169376,-85.577052760,13.193,12/7/2021 12:00:00 AM,1829,2,2,0,1,CLEAR,DRY,False,OPPOSING LEFT TURN,OPPOSING LEFT TURN,STRAIGHT & GRADE,DARK-HWY LIGHTED/ON,,,12/8/2021 8:18:30 AM,False,7337,Accepted,
29400284,0568000,LOUISVILLE METRO POLICE DEPT,Accepted,JEFFERSON,I 0064,,I64 E,,,,,,,,,38.258821862,-85.758840993,4.419,12/7/2021 12:00:00 AM,0940,2,2,0,0,CLOUDY,DRY,False,REAR END IN TRAFFIC LANES BOTH VEHICLES MOVING,REAR END,STRAIGHT & LEVEL,DAYLIGHT,,,12/8/2021 8:19:01 AM,True,6360,Accepted,
29400253,0568000,LOUISVILLE METRO POLICE DEPT,Accepted,JEFFERSON,,,3RD,ST,S,,KENTON,,,,,38.198229184,-85.765054182,0.163,12/7/2021 12:00:00 AM,1127,2,2,0,0,CLOUDY,DRY,False,SIDESWIPE-SAME DIRECTION,SIDESWIPE-SAME DIRECTION,STRAIGHT & LEVEL,DAYLIGHT,,,12/8/2021 8:16:54 AM,False,7872,Accepted,
29400254,0568000,LOUISVILLE METRO POLICE DEPT,Accepted,JEFFERSON,KY0864,,POPLAR LEVEL,RD,,,RANGELAND,,,,,38.167298662,-85.681704874,8.884,12/7/2021 12:00:00 AM,1022,2,2,0,0,CLOUDY,DRY,False,ANGLE COLLISION - ONE VEHICLE TURNING LEFT,ANGLE,STRAIGHT & LEVEL,DAYLIGHT,,,12/8/2021 8:16:57 AM,False,4693,Accepted,
29400261,0568000,LOUISVILLE METRO POLICE DEPT,Accepted,JEFFERSON,I 0264,,I264 E,,,,,I 0264,I264 E EXIT18 ON RAMP FROM KY1932 N,I 0064,I64 E EXIT19A RAMP TO I64 E,38.231171683,-85.630793151,18.273,12/7/2021 12:00:00 AM,1451,2,2,0,0,FOG,DRY,False,SIDESWIPE COLLISION - SAME DIRECTION,SIDESWIPE-SAME DIRECTION,STRAIGHT & LEVEL,DAYLIGHT,,,12/8/2021 8:17:31 AM,False,2308,Accepted,
29400269,0568000,LOUISVILLE METRO POLICE DEPT,Accepted,JEFFERSON,,,UPPER HUNTERS,TRCE,,,GRASTON,,,,,38.168289702,-85.835286470,0.375,12/7/2021 12:00:00 AM,1600,2,2,0,0,CLOUDY,DRY,False,ANGLE COLLISION - OTHER,ANGLE,STRAIGHT & LEVEL,DAYLIGHT,,,12/8/2021 8:17:59 AM,False,7340,Accepted,
29400270,0568000,LOUISVILLE METRO POLICE DEPT,Accepted,JEFFERSON,KY1747,2809,HURSTBOURNE,PKWY,N,,,,,,,38.286634406,-85.571420197,16.957,12/7/2021 12:00:00 AM,0950,1,1,0,0,CLOUDY,DRY,False,COLLISION IN PARKING LOT,SINGLE VEHICLE,STRAIGHT & LEVEL,DAYLIGHT,,,12/8/2021 8:18:03 AM,False,7316,Accepted,
29417878,0560400,SHIVELY POLICE DEPARTMENT,Accepted,JEFFERSON,I 0264,,I264 E,,,,,I 0264,I264 E EXIT8 ON RAMP FROM US31W S,I 0264,I264 W EXIT8 ON RAMP FROM US31W N,38.185511555,-85.808372468,7.737,12/7/2021 12:00:00 AM,0836,2,2,0,0,CLEAR,DRY,True,SIDESWIPE COLLISION - SAME DIRECTION,SIDESWIPE-SAME DIRECTION,STRAIGHT & LEVEL,DAYLIGHT,,,12/13/2021 9:04:10 AM,False,7137,Accepted,
29409851,0568000,LOUISVILLE METRO POLICE DEPT,Accepted,JEFFERSON,KY1450,10300B,BLUE LICK,RD,,,,,HILLPARK,,HILLVIEW,38.096649010,-85.696482883,0.729,12/7/2021 12:00:00 AM,,1,1,0,0,OTHER,DRY,True,COLLISION WITH FIXED OBJECT NON - INTERSECTION - FIRST EVENT COLLISION 09 - 32 EXCLUDING 16,SINGLE VEHICLE,STRAIGHT & LEVEL,UNKNOWN,,,12/10/2021 8:12:11 AM,False,2506,Accepted,
29409867,0568000,LOUISVILLE METRO POLICE DEPT,Accepted,JEFFERSON,KY0022,,BROWNSBORO,RD,,,,,,,,38.306506894,-85.575739506,,12/6/2021 12:00:00 AM,1830,3,3,0,0,CLEAR,DRY,False,REAR END IN TRAFFIC LANES BOTH VEHICLES MOVING,REAR END,STRAIGHT & LEVEL,DARK-HWY LIGHTED/OFF,,,12/10/2021 8:12:43 AM,False,7615,Accepted,
29409865,0568000,LOUISVILLE METRO POLICE DEPT,Accepted,JEFFERSON,I 0264,,I264 E,,,,,I 0264,I264 W EXIT19A ON RAMP FROM US60 W,I 0264,I264 E EXIT20 OFF RAMP TO US60,38.244396623,-85.621097380,19.388,12/6/2021 12:00:00 AM,1753,2,2,0,0,CLOUDY,DRY,False,SIDESWIPE COLLISION - SAME DIRECTION,SIDESWIPE-SAME DIRECTION,STRAIGHT & LEVEL,DARK-HWY NOT LIGHTED,,,12/10/2021 8:12:35 AM,False,6456,Accepted,
29404995,0568000,LOUISVILLE METRO POLICE DEPT,Accepted,JEFFERSON,,3500,LEXINGTON,RD,,,,,,,,38.247306265,-85.731443385,0.033,12/6/2021 12:00:00 AM,1746,3,3,0,0,CLEAR,DRY,False,SIDESWIPE COLLISION - OPPOSITE DIRECTION,SIDESWIPE-OPPOSITE DIRECTION,STRAIGHT & LEVEL,DARK-HWY LIGHTED/ON,,,12/9/2021 8:46:12 AM,False,2738,Accepted,
29531222,0568000,LOUISVILLE METRO POLICE DEPT,Accepted,JEFFERSON,,,4TH,ST,S,,KENTUCKY,,,,,38.238947639,-85.759638959,1.231,12/6/2021 12:00:00 AM,2314,2,2,0,0,CLEAR,DRY,False,ANGLE COLLISION - OTHER,ANGLE,STRAIGHT & LEVEL,DARK-HWY LIGHTED/ON,,,1/4/2022 7:42:41 AM,False,5373,Accepted,
29763410,0568000,LOUISVILLE METRO POLICE DEPT,Accepted,JEFFERSON,KY1934,,CANE RUN,RD,,,BRIDWELL,,,,,38.179798064,-85.859374785,7.375,12/6/2021 12:00:00 AM,0638,2,2,0,0,RAINING,WET,False,OTHER INTERSECTION COLLISIONS,REAR END,STRAIGHT & LEVEL,DAYLIGHT,,,3/2/2022 8:13:58 AM,False,7115,Accepted,
29400276,0568000,LOUISVILLE METRO POLICE DEPT,Accepted,JEFFERSON,,,STOLL,AVE,,US0060,FRANKFORT,,,,,38.255969327,-85.714377879,0.006,12/6/2021 12:00:00 AM,1822,2,2,0,1,CLEAR,DRY,False,ANGLE COLLISION - OTHER,ANGLE,STRAIGHT & LEVEL,DARK-HWY LIGHTED/ON,,,12/8/2021 8:18:22 AM,False,5197,Accepted,
29395541,0568000,LOUISVILLE METRO POLICE DEPT,Accepted,JEFFERSON,US0060,,SHELBYVILLE,RD,,,WHIPPS MILL,,,,,38.248539796,-85.602903979,6.435,12/6/2021 12:00:00 AM,1753,3,3,0,3,CLEAR,DRY,False,ANGLE COLLISION - OTHER,ANGLE,STRAIGHT & LEVEL,DARK-HWY LIGHTED/ON,,,12/7/2021 8:19:54 AM,False,7358,Accepted,
29395548,0568000,LOUISVILLE METRO POLICE DEPT,Accepted,JEFFERSON,KY0864,,GOSS,AVE,,,,,,,,38.229047289,-85.738342311,14.275,12/6/2021 12:00:00 AM,1933,2,2,0,0,CLEAR,DRY,False,1 VEHICLE ENTERING/LEAVING ENTRANCE,ANGLE,STRAIGHT & LEVEL,DARK-HWY LIGHTED/ON,,,12/7/2021 8:20:17 AM,False,5196,Accepted,
29395549,0568000,LOUISVILLE METRO POLICE DEPT,Accepted,JEFFERSON,US0031E,,BARDSTOWN,RD,,,,,HEATHER,,MEADOW,38.204751366,-85.665609548,11.495,12/6/2021 12:00:00 AM,1930,2,2,0,0,CLEAR,DRY,True,OTHER ROADWAY OR MID-BLOCK COLLISION,OPPOSING LEFT TURN,STRAIGHT & LEVEL,DARK-HWY LIGHTED/ON,,,12/7/2021 8:20:20 AM,False,5332,Accepted,
29400252,0568000,LOUISVILLE METRO POLICE DEPT,Accepted,JEFFERSON,,1308,ENGLISH STATION,RD,S,,,,,,,38.218523984,-85.490073627,2.727,12/6/2021 12:00:00 AM,1800,1,1,0,0,CLEAR,DRY,False,COLLISION WITH FIXED OBJECT NON - INTERSECTION - FIRST EVENT COLLISION 09 - 32 EXCLUDING 16,SINGLE VEHICLE,CURVE & LEVEL,DARK-HWY NOT LIGHTED,,,12/8/2021 8:16:50 AM,False,6334,Accepted,
29395546,0568000,LOUISVILLE METRO POLICE DEPT,Accepted,JEFFERSON,,8509,WATTERSON,TRL,S,,,,,,,38.159230537,-85.614480514,1.783,12/6/2021 12:00:00 AM,2217,3,3,0,0,CLEAR,DRY,False,REAR END IN TRAFFIC LANES BOTH VEHICLES MOVING,REAR END,STRAIGHT & LEVEL,DARK-HWY LIGHTED/ON,,,12/7/2021 8:20:13 AM,False,5182,Accepted,
29391202,0568000,LOUISVILLE METRO POLICE DEPT,Accepted,JEFFERSON,I 0264,,I264 W,,,I 0264,I264 W EXIT21 OFF RAMP TO KY1447,,,,,38.268945472,-85.626315527,21.144,12/6/2021 12:00:00 AM,0307,1,1,0,1,RAINING,WET,False,OTHER INTERSECTION COLLISIONS,SINGLE VEHICLE,CURVE & GRADE,DARK-HWY LIGHTED/ON,,,12/6/2021 8:46:18 AM,False,5228,Accepted,
29393360,0560300,ST. MATTHEWS POLICE DEPARTMENT,Accepted,JEFFERSON,US0060,5000,SHELBYVILLE,RD,,,,,,,,38.250094035,-85.623612049,5.306,12/6/2021 12:00:00 AM,1225,2,2,0,0,CLOUDY,DRY,False,VEHICLE BACKING NON INTERSECTION,BACKING,STRAIGHT & LEVEL,DAYLIGHT,,,12/6/2021 4:20:24 PM,False,9171,Accepted,
29395522,0568000,LOUISVILLE METRO POLICE DEPT,Accepted,JEFFERSON,I 0265,,I265 E,,,,,,,,,38.110847400,-85.686204528,11.125,12/6/2021 12:00:00 AM,0651,1,1,0,0,RAINING,WET,False,OTHER COLLISIONS ON SHOULDER,SINGLE VEHICLE,STRAIGHT & LEVEL,DARK-HWY LIGHTED/ON,,,12/7/2021 8:18:55 AM,False,4903,Accepted,
29395530,0568000,LOUISVILLE METRO POLICE DEPT,Accepted,JEFFERSON,,,WILSON,AVE,,,28TH,,,,,38.232238299,-85.801003291,1.462,12/6/2021 12:00:00 AM,0746,2,2,0,0,RAINING,WET,False,SIDESWIPE-SAME DIRECTION,SIDESWIPE-SAME DIRECTION,STRAIGHT & LEVEL,DAYLIGHT,,,12/7/2021 8:19:15 AM,False,5282,Accepted,
29395532,0568000,LOUISVILLE METRO POLICE DEPT,Accepted,JEFFERSON,KY2051,5700,CAMP GROUND,RD,,,,,,,,38.198943333,-85.858863600,3.705,12/6/2021 12:00:00 AM,1250,1,1,0,0,CLEAR,WET,False,COLLISION WITH FIXED OBJECT NON - INTERSECTION - FIRST EVENT COLLISION 09 - 32 EXCLUDING 16,SINGLE VEHICLE,STRAIGHT & LEVEL,DAYLIGHT,,,12/7/2021 8:19:22 AM,False,5240,Accepted,
29395538,0568000,LOUISVILLE METRO POLICE DEPT,Accepted,JEFFERSON,KY0864,,GOSS,AVE,,,TEXAS,,,,,38.225960774,-85.733353229,13.935,12/6/2021 12:00:00 AM,1556,2,2,0,0,CLEAR,DRY,False,ANGLE COLLISION - OTHER,ANGLE,CURVE & LEVEL,DAYLIGHT,,,12/7/2021 8:19:43 AM,False,7360,Accepted,
29395539,0568000,LOUISVILLE METRO POLICE DEPT,Accepted,JEFFERSON,KY0061,,PRESTON,ST,S,,GRAY,,,,,38.246503009,-85.747415992,12.288,12/6/2021 12:00:00 AM,1701,2,2,0,0,CLEAR,DRY,False,SIDESWIPE-SAME DIRECTION,SIDESWIPE-SAME DIRECTION,STRAIGHT & LEVEL,DUSK,,,12/7/2021 8:19:46 AM,False,5344,Accepted,
29395540,0568000,LOUISVILLE METRO POLICE DEPT,Accepted,JEFFERSON,KY1865,,NEW CUT,RD,,,BAKERS,,,,,38.140848300,-85.774212402,2.323,12/6/2021 12:00:00 AM,1451,4,4,0,0,CLEAR,DRY,False,ANGLE COLLISION - OTHER,ANGLE,STRAIGHT & LEVEL,DAYLIGHT,,,12/7/2021 8:19:50 AM,False,7234,Accepted,
29391196,0568000,LOUISVILLE METRO POLICE DEPT,Accepted,JEFFERSON,,400,FAIRDALE,RD,,,,,,,,38.116180875,-85.737217033,1.421,12/6/2021 12:00:00 AM,0040,1,1,0,0,CLEAR,WET,False,COLLISION WITH FIXED OBJECT NON - INTERSECTION - FIRST EVENT COLLISION 09 - 32 EXCLUDING 16,SINGLE VEHICLE,CURVE & LEVEL,DAWN,,,12/6/2021 8:45:55 AM,False,5266,Accepted,
29400294,0568000,LOUISVILLE METRO POLICE DEPT,Accepted,JEFFERSON,,,LEXINGTON,RD,,,,,COOPER,,COOPER,38.249420911,-85.729152643,0.231,12/6/2021 12:00:00 AM,2122,2,2,0,1,CLEAR,DRY,False,1 VEHICLE PARKED POSITION (NOT PARKING LOT/DRIVEWAY),HEAD ON,CURVE & LEVEL,DARK-HWY LIGHTED/ON,,,12/8/2021 8:19:35 AM,False,5250,Accepted,
29400301,0568000,LOUISVILLE METRO POLICE DEPT,Accepted,JEFFERSON,I 0065,,I65 S,,,,,,,,,38.261274047,-85.741961052,136.637,12/6/2021 12:00:00 AM,2013,1,1,0,1,CLEAR,DRY,False,OTHER ROADWAY OR MID-BLOCK COLLISION,SINGLE VEHICLE,CURVE & LEVEL,DARK-HWY LIGHTED/ON,,,12/8/2021 8:19:58 AM,False,5371,Accepted,
29409821,0568000,LOUISVILLE METRO POLICE DEPT,Accepted,JEFFERSON,I 0071,,I71 N,,,,,,,,,38.298865413,-85.621000837,6.662,12/6/2021 12:00:00 AM,1337,1,1,0,0,CLEAR,DRY,False,OTHER COLLISIONS ON SHOULDER,SINGLE VEHICLE,STRAIGHT & GRADE,DAYLIGHT,,,12/10/2021 8:10:03 AM,False,8278,Accepted,
29395545,0568000,LOUISVILLE METRO POLICE DEPT,Accepted,JEFFERSON,,,BRISCOE,LN,,,WOODROW,,,,,38.142938788,-85.637925487,1.199,12/6/2021 12:00:00 AM,1935,2,2,0,0,CLEAR,DRY,False,ANGLE COLLISION - OTHER,ANGLE,STRAIGHT & LEVEL,DARK-HWY LIGHTED/ON,,,12/7/2021 8:20:08 AM,False,5404,Accepted,
29395525,0568000,LOUISVILLE METRO POLICE DEPT,Accepted,JEFFERSON,KY2052,,SHEPHERDSVILLE,RD,,,,,,,,38.162210172,-85.660033233,1.626,12/6/2021 12:00:00 AM,0808,2,2,0,0,CLOUDY,WET,True,REAR END IN TRAFFIC LANES BOTH VEHICLES MOVING,REAR END,STRAIGHT & LEVEL,DAYLIGHT,,,12/7/2021 8:19:04 AM,False,4693,Accepted,
29395533,0568000,LOUISVILLE METRO POLICE DEPT,Accepted,JEFFERSON,I 0065,,I65 N,,,I 0065,I65 N EXIT135 OFF RAMP TO  E SAINT CATHERINE ST,,,,,38.234298542,-85.750965738,134.446,12/6/2021 12:00:00 AM,0753,2,2,0,0,RAINING,WET,False,OTHER INTERSECTION COLLISIONS,REAR END,STRAIGHT & LEVEL,DAYLIGHT,,,12/7/2021 8:19:25 AM,False,5387,Accepted,
29395542,0568000,LOUISVILLE METRO POLICE DEPT,Accepted,JEFFERSON,,,18TH,ST,S,,,,,,,38.253709946,-85.780691716,0.381,12/6/2021 12:00:00 AM,1738,2,2,0,0,CLEAR,DRY,True,REAR END IN TRAFFIC LANES BOTH VEHICLES MOVING,REAR END,STRAIGHT & LEVEL,DARK-HWY LIGHTED/ON,,,12/7/2021 8:19:58 AM,False,5148,Accepted,