IncidentID,AgencyORI,AgencyName,IncidentStatusDesc,County,RdwyNumber,Street,RoadwayName,StreetSfx,StreetDir,IntersectionRdwy,IntersectionRdwyName,BetweenStRdwy1,BetweenStRdwyName1,BetweenStRdwy2,BetweenStRdwyName2,Latitude,Longitude,Milepoint,CollisionDate,CollisionTime,UnitsInvolved,MotorVehiclesInvolved,NumberKilled,NumberInjured,Weather,RdwyConditionCode,HitandRun,DirAnalysisCode,MannerofCollision,RdwyCharacter,LightCondition,RampFromRdwyId,RampToRdwyId,AcceptedDate,IsSecondaryCollision,OwnerBadge,IncidentStatus,
29395543,0568000,LOUISVILLE METRO POLICE DEPT,Accepted,JEFFERSON,US0031W,5124,DIXIE,HWY,,,,,,,,38.165984237,-85.829902296,13.136,12/6/2021 12:00:00 AM,1924,2,1,0,1,CLEAR,DRY,False,COLLISION WITH PEDESTRIAN NON - INTERSECTION,SINGLE VEHICLE,STRAIGHT & LEVEL,DARK-HWY LIGHTED/ON,,,12/7/2021 8:20:01 AM,False,5340,Accepted,
29395535,0568000,LOUISVILLE METRO POLICE DEPT,Accepted,JEFFERSON,KY3084,,OLD HENRY,RD,,I 0265,I265 N EXIT29 ON RAMP FROM KY3084,,,,,38.270621796,-85.499463173,1.249,12/6/2021 12:00:00 AM,1553,2,2,0,0,CLEAR,DRY,False,OTHER INTERSECTION COLLISIONS,REAR END,STRAIGHT & LEVEL,DAYLIGHT,,,12/7/2021 8:19:33 AM,False,7316,Accepted,
29395536,0568000,LOUISVILLE METRO POLICE DEPT,Accepted,JEFFERSON,KY0022,,BROWNSBORO,RD,,,,,,,,38.310286881,-85.571224598,4.196,12/6/2021 12:00:00 AM,1530,2,2,0,0,CLEAR,DRY,False,REAR END IN TRAFFIC LANES BOTH VEHICLES MOVING,REAR END,STRAIGHT & LEVEL,DAYLIGHT,,,12/7/2021 8:19:36 AM,False,7956,Accepted,
29395537,0568000,LOUISVILLE METRO POLICE DEPT,Accepted,JEFFERSON,,,VIRGINIA,AVE,,,28TH,,,,,38.238106534,-85.800293433,0.223,12/6/2021 12:00:00 AM,1645,2,2,0,1,CLEAR,DRY,False,SIDESWIPE-SAME DIRECTION,SIDESWIPE-SAME DIRECTION,STRAIGHT & LEVEL,DAYLIGHT,,,12/7/2021 8:19:39 AM,False,5179,Accepted,
29487582,0568000,LOUISVILLE METRO POLICE DEPT,Accepted,JEFFERSON,,,6TH,ST,S,,JEFFERSON,,,,,38.254205873,-85.760318861,0.194,12/6/2021 12:00:00 AM,1408,2,1,0,1,CLEAR,DRY,False,COLLISION WITH PEDESTRIAN IN INTERSECTION,SINGLE VEHICLE,STRAIGHT & LEVEL,DAYLIGHT,,,12/21/2021 8:09:14 AM,False,7037,Accepted,
29395534,0568000,LOUISVILLE METRO POLICE DEPT,Accepted,JEFFERSON,KY0061,,PRESTON,HWY,,,,,MUD,KY6304,OLD PRESTON,38.093982390,-85.669617907,0.729,12/6/2021 12:00:00 AM,1520,3,3,0,0,CLEAR,DRY,False,REAR END IN TRAFFIC LANES BOTH VEHICLES MOVING,REAR END,STRAIGHT & LEVEL,DAYLIGHT,,,12/7/2021 8:19:29 AM,False,2324,Accepted,
29395526,0568000,LOUISVILLE METRO POLICE DEPT,Accepted,JEFFERSON,US0031E,,BUECHEL,BYP,,KY2251,KY2251 TURN LANE,,,,,38.190646389,-85.645276023,9.936,12/6/2021 12:00:00 AM,0625,2,2,0,0,RAINING,WET,True,ANGLE COLLISION - OTHER,ANGLE,CURVE & LEVEL,DARK (UNKNOWN ROADWAY LIGHTING),,,12/7/2021 8:19:07 AM,False,4693,Accepted,
29395527,0568000,LOUISVILLE METRO POLICE DEPT,Accepted,JEFFERSON,KY0022,,BROWNSBORO,RD,,,,,TEN BROECK,,RUNNING WATER,38.303010943,-85.585246751,3.183,12/6/2021 12:00:00 AM,0714,2,2,0,1,RAINING,WATER (STANDING OR MOVING),False,HEAD-ON COLLISION,HEAD ON,CURVE & HILLCREST,DARK-HWY LIGHTED/OFF,,,12/7/2021 8:19:10 AM,False,7876,Accepted,
29391198,0568000,LOUISVILLE METRO POLICE DEPT,Accepted,JEFFERSON,,1036,LEXINGTON,RD,,,,,,,,38.247874902,-85.731306279,0.081,12/6/2021 12:00:00 AM,0053,2,2,0,0,RAINING,WET,False,1 VEHICLE PARKED POSITION (NOT PARKING LOT/DRIVEWAY),SIDESWIPE-SAME DIRECTION,STRAIGHT & LEVEL,DARK-HWY LIGHTED/ON,,,12/6/2021 8:46:03 AM,False,5212,Accepted,
29400250,0568000,LOUISVILLE METRO POLICE DEPT,Accepted,JEFFERSON,,,CEDAR SPRINGS,DR,,,SPRUCEDALE,,,,,38.145472446,-85.588566243,0.233,12/6/2021 12:00:00 AM,1840,2,1,0,1,CLEAR,DRY,False,COLLISION WITH PEDESTRIAN IN INTERSECTION,SINGLE VEHICLE,CURVE & LEVEL,DARK (UNKNOWN ROADWAY LIGHTING),,,12/8/2021 8:16:43 AM,False,7465,Accepted,
29405018,0568000,LOUISVILLE METRO POLICE DEPT,Accepted,JEFFERSON,KY1934,,CANE RUN,RD,,KY2051,LEES,,,,,38.183758317,-85.855026007,7.804,12/6/2021 12:00:00 AM,0655,2,2,0,0,RAINING,WET,False,OTHER INTERSECTION COLLISIONS,REAR END,STRAIGHT & LEVEL,DAYLIGHT,,,12/9/2021 8:47:44 AM,False,7115,Accepted,
29391164,0568000,LOUISVILLE METRO POLICE DEPT,Accepted,JEFFERSON,,5206,GLYNDON,WAY,,,,,,,,38.094797833,-85.862417348,0.191,12/5/2021 12:00:00 AM,0237,2,2,0,0,CLEAR,DRY,True,1 VEHICLE PARKED POSITION (NOT PARKING LOT/DRIVEWAY),HEAD ON,STRAIGHT & LEVEL,DARK (UNKNOWN ROADWAY LIGHTING),,,12/6/2021 8:43:51 AM,False,5321,Accepted,
29391165,0568000,LOUISVILLE METRO POLICE DEPT,Accepted,JEFFERSON,KY1020,,SOUTHERN,PKWY,,,,,,,,38.198925860,-85.767004261,9.001,12/5/2021 12:00:00 AM,0455,2,2,0,1,CLEAR,DRY,False,1 VEHICLE PARKED POSITION (NOT PARKING LOT/DRIVEWAY),ANGLE,CURVE & LEVEL,DARK-HWY LIGHTED/ON,,,12/6/2021 8:43:54 AM,False,5302,Accepted,
29391181,0568000,LOUISVILLE METRO POLICE DEPT,Accepted,JEFFERSON,I 0265,,I265 E,,,,,I 0265,I265 E EXIT17 ON RAMP FROM US31E,I 0265,I265 E EXIT19 OFF RAMP TO KY1819,38.141594664,-85.573092063,17.861,12/5/2021 12:00:00 AM,1642,1,1,0,1,CLEAR,DRY,False,OTHER COLLISIONS ON SHOULDER,SINGLE VEHICLE,STRAIGHT & GRADE,DAYLIGHT,,,12/6/2021 8:44:58 AM,False,2321,Accepted,
29391182,0568000,LOUISVILLE METRO POLICE DEPT,Accepted,JEFFERSON,,,5TH,ST,S,,KENTUCKY,,,,,38.239700529,-85.760644094,2.620,12/5/2021 12:00:00 AM,1028,1,1,0,1,CLEAR,DRY,False,COLLISION WITH FIXED OBJECT IN INTERSECTION - FIRST EVENT COLLISION 09 - 32,SINGLE VEHICLE,STRAIGHT & LEVEL,DAYLIGHT,,,12/6/2021 8:45:02 AM,False,5346,Accepted,
29391188,0568000,LOUISVILLE METRO POLICE DEPT,Accepted,JEFFERSON,KY1065,140,OUTER,LOOP,,,,,,,,38.126644986,-85.788217613,0.361,12/5/2021 12:00:00 AM,1142,2,2,0,0,CLEAR,DRY,False,REAR END IN TRAFFIC LANES BOTH VEHICLES MOVING,REAR END,STRAIGHT & LEVEL,DAYLIGHT,,,12/6/2021 8:45:24 AM,False,7356,Accepted,
29391189,0568000,LOUISVILLE METRO POLICE DEPT,Accepted,JEFFERSON,,,SMYRNA,PKWY,,KY2845,MANSLICK,,,,,38.122848080,-85.643143894,1.044,12/5/2021 12:00:00 AM,1825,2,2,0,0,RAINING,WET,False,OTHER INTERSECTION COLLISIONS,REAR END,STRAIGHT & LEVEL,DARK-HWY NOT LIGHTED,,,12/6/2021 8:45:27 AM,False,7755,Accepted,
29391174,0568000,LOUISVILLE METRO POLICE DEPT,Accepted,JEFFERSON,US0031E,,BARDSTOWN,RD,,,ICHABOD,,,,,38.131537276,-85.578208288,4.173,12/5/2021 12:00:00 AM,0753,2,2,0,0,CLEAR,DRY,False,ANGLE COLLISION - OTHER,ANGLE,STRAIGHT & LEVEL,DAYLIGHT,,,12/6/2021 8:44:29 AM,False,2321,Accepted,
29391175,0568000,LOUISVILLE METRO POLICE DEPT,Accepted,JEFFERSON,KY0061,,JACKSON,ST,S,,ST CATHERINE,,,,,38.235325725,-85.747288767,11.616,12/5/2021 12:00:00 AM,,2,2,0,0,CLEAR,DRY,True,ANGLE COLLISION - OTHER,ANGLE,STRAIGHT & LEVEL,DAYLIGHT,,,12/6/2021 8:44:32 AM,False,5120,Accepted,
29391183,0568000,LOUISVILLE METRO POLICE DEPT,Accepted,JEFFERSON,US0150,,BROADWAY,,W,US0031W,DR W J HODGE,,,,,38.249233773,-85.786568578,0.820,12/5/2021 12:00:00 AM,1619,2,2,0,0,RAINING,WET,False,OPPOSING LEFT TURN,OPPOSING LEFT TURN,STRAIGHT & LEVEL,DARK-HWY LIGHTED/ON,,,12/6/2021 8:45:06 AM,False,5367,Accepted,
29391191,0568000,LOUISVILLE METRO POLICE DEPT,Accepted,JEFFERSON,,,SEATONVILLE,RD,,,SHAFFER,,,,,38.143676524,-85.562754056,1.056,12/5/2021 12:00:00 AM,2020,2,2,0,2,RAINING,WET,False,ANGLE COLLISION - OTHER,ANGLE,STRAIGHT & HILLCREST,DARK-HWY NOT LIGHTED,,,12/6/2021 8:45:35 AM,False,2775,Accepted,
29401097,0560400,SHIVELY POLICE DEPARTMENT,Accepted,JEFFERSON,I 0264,4200,DIXIE HIGHWAY,,,,,,,,,38.186746298,-85.811653550,0.379,12/5/2021 12:00:00 AM,1251,2,2,0,0,CLEAR,DRY,True,OTHER RAMP RELATED COLLISIONS NOT LISTED ABOVE,REAR END,STRAIGHT & LEVEL,DAYLIGHT,I 0264,US31W N,12/8/2021 11:29:02 AM,False,7082,Accepted,
29404982,0568000,LOUISVILLE METRO POLICE DEPT,Accepted,JEFFERSON,US0031W,,22ND,ST,S,,CHESTNUT,,,,,38.252234093,-85.787667601,19.770,12/5/2021 12:00:00 AM,0835,2,2,0,3,CLEAR,DRY,False,ANGLE COLLISION - OTHER,ANGLE,STRAIGHT & LEVEL,DAYLIGHT,,,12/9/2021 8:45:27 AM,False,7220,Accepted,
29404999,0568000,LOUISVILLE METRO POLICE DEPT,Accepted,JEFFERSON,KY0061,,PRESTON,HWY,,,PRESTWOOD,,,,,38.162640757,-85.700375135,5.798,12/5/2021 12:00:00 AM,1938,3,3,1,0,CLOUDY,WET,True,OPPOSING LEFT TURN,OPPOSING LEFT TURN,STRAIGHT & LEVEL,DARK-HWY LIGHTED/ON,,,12/9/2021 8:46:29 AM,True,2217,Accepted,
29404980,0568000,LOUISVILLE METRO POLICE DEPT,Accepted,JEFFERSON,,,PHILLIPS,LN,,,FREEDOM,,,,,38.193829169,-85.739192516,0.769,12/5/2021 12:00:00 AM,0841,3,3,0,0,CLEAR,DRY,False,ANGLE COLLISION - OTHER,ANGLE,STRAIGHT & LEVEL,DAYLIGHT,,,12/9/2021 8:45:17 AM,False,5378,Accepted,
29405006,0568000,LOUISVILLE METRO POLICE DEPT,Accepted,JEFFERSON,US0031E,,BARDSTOWN,RD,,,HAWTHORNE,,,,,38.216967246,-85.676341520,12.510,12/5/2021 12:00:00 AM,1925,2,2,0,3,RAINING,WET,False,OPPOSING LEFT TURN,OPPOSING LEFT TURN,STRAIGHT & LEVEL,DARK-HWY LIGHTED/ON,,,12/9/2021 8:46:53 AM,False,5330,Accepted,
29391179,0568000,LOUISVILLE METRO POLICE DEPT,Accepted,JEFFERSON,,,HILL,ST,W,,7TH,,,,,38.226680113,-85.768964998,0.656,12/5/2021 12:00:00 AM,1250,2,2,0,0,CLEAR,DRY,False,HEAD-ON COLLISION,HEAD ON,STRAIGHT & LEVEL,DAYLIGHT,,,12/6/2021 8:44:51 AM,False,5399,Accepted,
29391193,0568000,LOUISVILLE METRO POLICE DEPT,Accepted,JEFFERSON,I 0064,,I64 E,,,I 0264,I264 W,,,,,38.275603364,-85.810040427,0.975,12/5/2021 12:00:00 AM,2025,2,2,0,2,CLEAR,WET,False,COLLISION WITH PARKED VEHICLE,SIDESWIPE-SAME DIRECTION,CURVE & HILLCREST,DARK-HWY NOT LIGHTED,,,12/6/2021 8:45:44 AM,False,5331,Accepted,
29391194,0568000,LOUISVILLE METRO POLICE DEPT,Accepted,JEFFERSON,US0060,2101,FRANKFORT,AVE,,,,,,,,38.254006598,-85.707917935,0.674,12/5/2021 12:00:00 AM,2119,2,2,0,0,CLEAR,WET,False,OTHER ROADWAY OR MID-BLOCK COLLISION,REAR END,STRAIGHT & LEVEL,DARK-HWY LIGHTED/ON,,,12/6/2021 8:45:48 AM,False,5212,Accepted,
29391201,0568000,LOUISVILLE METRO POLICE DEPT,Accepted,JEFFERSON,US0060,,SHELBYVILLE,RD,,,WICKFIELD,,,,,38.238703765,-85.486929819,12.972,12/5/2021 12:00:00 AM,1900,2,2,0,0,CLOUDY,WET,False,ANGLE COLLISION - ONE VEHICLE TURNING LEFT,ANGLE,STRAIGHT & LEVEL,DARK-HWY NOT LIGHTED,,,12/6/2021 8:46:14 AM,False,5211,Accepted,
29391195,0568000,LOUISVILLE METRO POLICE DEPT,Accepted,JEFFERSON,I 0071,,I71 S,,,,,,,,,38.301501718,-85.609190241,7.313,12/5/2021 12:00:00 AM,1923,1,1,0,0,CLOUDY,WET,False,OTHER ROADWAY OR MID-BLOCK COLLISION,SINGLE VEHICLE,STRAIGHT & LEVEL,DARK-HWY NOT LIGHTED,,,12/6/2021 8:45:52 AM,True,7408,Accepted,
29388243,0566900,LOUISVILLE AIRPORT POLICE,Accepted,JEFFERSON,,,HURON,AVE,,,,,,,,38.194108494,-85.752851379,0.138,12/5/2021 12:00:00 AM,0203,1,1,0,0,CLEAR,DRY,False,COLLISION WITH FIXED OBJECT NON - INTERSECTION - FIRST EVENT COLLISION 09 - 32 EXCLUDING 16,SINGLE VEHICLE,STRAIGHT & LEVEL,DARK-HWY LIGHTED/ON,,,12/5/2021 7:31:59 AM,False,5870,Accepted,
29391167,0568000,LOUISVILLE METRO POLICE DEPT,Accepted,JEFFERSON,US0042,,STORY,AVE,,,JOHNSON,,,,,38.254603044,-85.731148195,0.087,12/5/2021 12:00:00 AM,0006,3,3,0,0,CLEAR,DRY,False,SIDESWIPE-SAME DIRECTION,SIDESWIPE-SAME DIRECTION,STRAIGHT & LEVEL,DARK-HWY LIGHTED/ON,,,12/6/2021 8:44:01 AM,False,5318,Accepted,
29391176,0568000,LOUISVILLE METRO POLICE DEPT,Accepted,JEFFERSON,US0060,7813,SHELBYVILLE,RD,,,,,,,,38.249934195,-85.609180718,5.754,12/5/2021 12:00:00 AM,1159,2,1,0,1,CLEAR,DRY,False,COLLISION IN PARKING LOT,SINGLE VEHICLE,STRAIGHT & LEVEL,DAYLIGHT,,,12/6/2021 8:44:36 AM,False,5102,Accepted,
29391184,0568000,LOUISVILLE METRO POLICE DEPT,Accepted,JEFFERSON,KY1447,,WESTPORT,RD,,,INDIAN LAKE,,,,,38.296282888,-85.553334508,6.393,12/5/2021 12:00:00 AM,1535,2,2,0,0,CLEAR,DRY,False,OPPOSING LEFT TURN,OPPOSING LEFT TURN,STRAIGHT & LEVEL,DAYLIGHT,,,12/6/2021 8:45:09 AM,False,7359,Accepted,
29391185,0568000,LOUISVILLE METRO POLICE DEPT,Accepted,JEFFERSON,,,PEE WEE REESE,RD,,,,,,,,38.234954957,-85.674872698,1.013,12/5/2021 12:00:00 AM,1705,2,2,0,0,RAINING,WET,False,SIDESWIPE COLLISION - OPPOSITE DIRECTION,SIDESWIPE-OPPOSITE DIRECTION,CURVE & GRADE,DUSK,,,12/6/2021 8:45:13 AM,False,6813,Accepted,
29391192,0568000,LOUISVILLE METRO POLICE DEPT,Accepted,JEFFERSON,KY1727,,TERRY,RD,,,MORNING GLORY,,,,,38.135808784,-85.873430165,0.971,12/5/2021 12:00:00 AM,1938,2,2,0,0,CLOUDY,WET,True,OTHER INTERSECTION COLLISIONS,REAR END,STRAIGHT & LEVEL,DARK-HWY NOT LIGHTED,,,12/6/2021 8:45:39 AM,False,7264,Accepted,
29404986,0568000,LOUISVILLE METRO POLICE DEPT,Accepted,JEFFERSON,KY1865,,TAYLOR,BLVD,,,ASHLAND,,,,,38.186659060,-85.783823185,5.532,12/5/2021 12:00:00 AM,1749,2,2,0,3,RAINING,WET,False,ANGLE COLLISION - OTHER,ANGLE,CURVE & LEVEL,DARK-HWY LIGHTED/ON,,,12/9/2021 8:45:39 AM,False,7471,Accepted,
29404987,0568000,LOUISVILLE METRO POLICE DEPT,Accepted,JEFFERSON,,,ROY WILKINS,AVE,,,MUHAMMAD ALI,,,,,38.252049536,-85.765772467,0.386,12/5/2021 12:00:00 AM,1626,2,2,0,0,CLOUDY,DRY,True,ANGLE COLLISION - ONE VEHICLE TURNING LEFT,ANGLE,STRAIGHT & LEVEL,DAYLIGHT,,,12/9/2021 8:45:43 AM,False,7904,Accepted,
29438254,0568000,LOUISVILLE METRO POLICE DEPT,Accepted,JEFFERSON,,,GRINSTEAD,DR,,,WINTER,,,,,38.237955953,-85.723078546,0.001,12/5/2021 12:00:00 AM,0129,2,2,0,0,CLEAR,DRY,False,ANGLE COLLISION - OTHER,ANGLE,STRAIGHT & LEVEL,DARK-HWY LIGHTED/ON,,,12/14/2021 8:16:52 AM,False,7628,Accepted,
29472062,0568000,LOUISVILLE METRO POLICE DEPT,Accepted,JEFFERSON,,,JEFFERSON,ST,E,,,,BROOK,,1ST,38.253200216,-85.751230584,1.005,12/5/2021 12:00:00 AM,0339,2,1,0,1,CLEAR,DRY,False,HEAD-ON COLLISION,HEAD ON,STRAIGHT & LEVEL,DARK-HWY LIGHTED/ON,,,12/16/2021 1:24:55 PM,False,5318,Accepted,
29593975,0568000,LOUISVILLE METRO POLICE DEPT,Accepted,JEFFERSON,KY1747,,FERN VALLEY,RD,,KY2052,SHEPHERDSVILLE,,,,,38.156252619,-85.659897883,3.964,12/4/2021 12:00:00 AM,1602,2,2,0,0,CLEAR,DRY,True,SIDESWIPE-SAME DIRECTION,SIDESWIPE-SAME DIRECTION,STRAIGHT & LEVEL,DAYLIGHT,,,1/17/2022 8:38:38 AM,False,5375,Accepted,
29593977,0568000,LOUISVILLE METRO POLICE DEPT,Accepted,JEFFERSON,I 0264,,I264 E,,,,,,,,,38.232933589,-85.627631066,18.484,12/4/2021 12:00:00 AM,1648,2,2,0,0,CLEAR,DRY,False,REAR END IN TRAFFIC LANES BOTH VEHICLES MOVING,REAR END,STRAIGHT & LEVEL,DAYLIGHT,,,1/17/2022 8:38:45 AM,False,7785,Accepted,
29391177,0568000,LOUISVILLE METRO POLICE DEPT,Accepted,JEFFERSON,KY1747,,HURSTBOURNE,PKWY,N,KY1447,WESTPORT,,,,,38.287337367,-85.571889209,17.009,12/4/2021 12:00:00 AM,1803,3,3,0,0,CLEAR,DRY,False,OTHER INTERSECTION COLLISIONS,REAR END,STRAIGHT & GRADE,DARK-HWY NOT LIGHTED,,,12/6/2021 8:44:39 AM,False,7313,Accepted,
29391142,0568000,LOUISVILLE METRO POLICE DEPT,Accepted,JEFFERSON,US0031E,,BARDSTOWN,RD,,,GOLDSMITH,,,,,38.208338473,-85.669059195,11.773,12/4/2021 12:00:00 AM,0451,2,2,0,0,CLEAR,DRY,False,COLLISION WITH FIXED OBJECT IN INTERSECTION - FIRST EVENT COLLISION 09 - 32,ANGLE,CURVE & LEVEL,DARK-HWY LIGHTED/ON,,,12/6/2021 8:42:25 AM,False,5363,Accepted,
29391152,0568000,LOUISVILLE METRO POLICE DEPT,Accepted,JEFFERSON,I 0264,,I264 E,,,,,,,,,38.227014085,-85.638630926,17.759,12/4/2021 12:00:00 AM,1648,4,4,0,2,CLOUDY,DRY,True,OTHER ROADWAY OR MID-BLOCK COLLISION,REAR END,STRAIGHT & LEVEL,DAYLIGHT,,,12/6/2021 8:43:03 AM,False,2100,Accepted,
29391160,0568000,LOUISVILLE METRO POLICE DEPT,Accepted,JEFFERSON,,5225,MT HOLYOKE,DR,,,,,,,,38.169973481,-85.856612624,0.469,12/4/2021 12:00:00 AM,2100,2,2,0,1,CLEAR,DRY,False,1 VEHICLE PARKED POSITION (NOT PARKING LOT/DRIVEWAY),REAR END,STRAIGHT & LEVEL,DARK-HWY LIGHTED/ON,,,12/6/2021 8:43:37 AM,False,5321,Accepted,
29391161,0568000,LOUISVILLE METRO POLICE DEPT,Accepted,JEFFERSON,KY0907,7131,SOUTHSIDE,DR,,,,,,,,38.151682431,-85.766253082,6.931,12/4/2021 12:00:00 AM,2256,2,1,0,1,CLEAR,DRY,False,COLLISION WITH PEDESTRIAN NON - INTERSECTION,SINGLE VEHICLE,CURVE & LEVEL,DARK-HWY LIGHTED/ON,,,12/6/2021 8:43:41 AM,False,5321,Accepted,
29391169,0568000,LOUISVILLE METRO POLICE DEPT,Accepted,JEFFERSON,KY1747,,FERN VALLEY,RD,,I 0065,I65 S EXIT128 ON RAMP FROM KY1631 W,,,,,38.157688548,-85.718708478,0.737,12/4/2021 12:00:00 AM,1009,2,2,0,1,CLEAR,DRY,False,SIDESWIPE-SAME DIRECTION,SIDESWIPE-SAME DIRECTION,STRAIGHT & LEVEL,DAYLIGHT,,,12/6/2021 8:44:08 AM,False,5389,Accepted,
29391154,0568000,LOUISVILLE METRO POLICE DEPT,Accepted,JEFFERSON,I 0065,,I65 S,,,,,,,,,38.215085126,-85.752535919,133.104,12/4/2021 12:00:00 AM,1833,3,3,0,1,CLEAR,DRY,False,1 VEHICLE ENTERING/LEAVING ENTRANCE,ANGLE,STRAIGHT & LEVEL,DAYLIGHT,,,12/6/2021 8:43:16 AM,False,7495,Accepted,
29391162,0568000,LOUISVILLE METRO POLICE DEPT,Accepted,JEFFERSON,,7330,COGAN,BLVD,,,,,,,,38.143150420,-85.771192176,0.198,12/4/2021 12:00:00 AM,2309,2,2,0,0,CLEAR,DRY,False,1 VEHICLE PARKED POSITION (NOT PARKING LOT/DRIVEWAY),BACKING,STRAIGHT & LEVEL,DARK-HWY LIGHTED/ON,,,12/6/2021 8:43:44 AM,False,7871,Accepted,
29391170,0568000,LOUISVILLE METRO POLICE DEPT,Accepted,JEFFERSON,I 0264,,I264 W,,,,,,,,,38.190705204,-85.728738794,12.138,12/4/2021 12:00:00 AM,1253,3,3,0,0,CLEAR,DRY,False,REAR END IN TRAFFIC LANES BOTH VEHICLES MOVING,REAR END,STRAIGHT & LEVEL,DAYLIGHT,,,12/6/2021 8:44:12 AM,False,5389,Accepted,
29391178,0568000,LOUISVILLE METRO POLICE DEPT,Accepted,JEFFERSON,US0031E,,BUECHEL,BYP,,KY2052,HIKES,,,,,38.198371842,-85.661269385,10.965,12/4/2021 12:00:00 AM,1755,2,2,0,0,CLEAR,DRY,False,1 VEHICLE ENTERING/LEAVING ENTRANCE,ANGLE,STRAIGHT & LEVEL,DARK (UNKNOWN ROADWAY LIGHTING),,,12/6/2021 8:44:47 AM,False,5375,Accepted,
29391199,0568000,LOUISVILLE METRO POLICE DEPT,Accepted,JEFFERSON,KY0061,,PRESTON,HWY,,,PHILLIPS,,,,,38.197664783,-85.731618017,8.767,12/4/2021 12:00:00 AM,2136,2,2,0,0,CLEAR,DRY,False,ANGLE COLLISION - OTHER,ANGLE,STRAIGHT & LEVEL,DARK-HWY LIGHTED/ON,,,12/6/2021 8:46:06 AM,False,5144,Accepted,
29391200,0568000,LOUISVILLE METRO POLICE DEPT,Accepted,JEFFERSON,KY2251,,BARDSTOWN,RD,,,,,,,,38.199055040,-85.659988826,1.041,12/4/2021 12:00:00 AM,0020,2,2,0,0,CLEAR,DRY,False,OTHER ROADWAY OR MID-BLOCK COLLISION,REAR END,STRAIGHT & LEVEL,DARK-HWY LIGHTED/ON,,,12/6/2021 8:46:09 AM,False,5178,Accepted,
29391180,0568000,LOUISVILLE METRO POLICE DEPT,Accepted,JEFFERSON,KY1065,,OUTER,LOOP,,,BRIARCLIFF,,,,,38.136190090,-85.697134384,5.465,12/4/2021 12:00:00 AM,1233,2,2,0,0,CLEAR,DRY,True,ANGLE COLLISION - OTHER,ANGLE,STRAIGHT & LEVEL,DAYLIGHT,,,12/6/2021 8:44:54 AM,False,5026,Accepted,
29391197,0568000,LOUISVILLE METRO POLICE DEPT,Accepted,JEFFERSON,,,NEW VENTURE,DR,,,,,,,,38.149187268,-85.760945732,,12/4/2021 12:00:00 AM,1813,2,2,0,0,CLEAR,DRY,False,OTHER ROADWAY OR MID-BLOCK COLLISION,REAR TO REAR,STRAIGHT & LEVEL,DAWN,,,12/6/2021 8:45:59 AM,False,5266,Accepted,
29391172,0568000,LOUISVILLE METRO POLICE DEPT,Accepted,JEFFERSON,,,DUMESNIL,ST,,,ISAAC,,,,,38.236706278,-85.799907946,1.065,12/4/2021 12:00:00 AM,1812,4,4,0,1,CLEAR,DRY,False,ANGLE COLLISION - OTHER,ANGLE,STRAIGHT & LEVEL,DARK-HWY LIGHTED/ON,,,12/6/2021 8:44:20 AM,False,7184,Accepted,
29391173,0568000,LOUISVILLE METRO POLICE DEPT,Accepted,JEFFERSON,,,ASHLAND,AVE,W,,CLIFF,,,,,38.186151340,-85.775680657,0.545,12/4/2021 12:00:00 AM,0940,2,2,0,1,CLEAR,DRY,False,ANGLE COLLISION - OTHER,ANGLE,STRAIGHT & LEVEL,DAYLIGHT,,,12/6/2021 8:44:24 AM,False,5139,Accepted,
29391150,0568000,LOUISVILLE METRO POLICE DEPT,Accepted,JEFFERSON,I 0071,,I71 N,,,,,,,,,38.304261096,-85.602767721,7.731,12/4/2021 12:00:00 AM,1439,2,2,0,1,CLEAR,DRY,False,SIDESWIPE COLLISION - SAME DIRECTION,SIDESWIPE-SAME DIRECTION,STRAIGHT & LEVEL,DAYLIGHT,,,12/6/2021 8:42:56 AM,False,7359,Accepted,
29391157,0568000,LOUISVILLE METRO POLICE DEPT,Accepted,JEFFERSON,,,SOUTHERN,PKWY,,,AUBURNDALE,,,,,38.173602899,-85.776126329,0.723,12/4/2021 12:00:00 AM,1245,2,2,0,1,CLEAR,DRY,True,ANGLE COLLISION - OTHER,ANGLE,STRAIGHT & LEVEL,DAYLIGHT,,,12/6/2021 8:43:29 AM,False,7360,Accepted,
29391166,0568000,LOUISVILLE METRO POLICE DEPT,Accepted,JEFFERSON,,,WOODLAWN,AVE,W,,2ND,,,,,38.181403133,-85.764576199,0.868,12/4/2021 12:00:00 AM,2100,2,2,0,1,CLEAR,DRY,True,ANGLE COLLISION - OTHER,ANGLE,STRAIGHT & LEVEL,DARK-HWY NOT LIGHTED,,,12/6/2021 8:43:58 AM,False,5337,Accepted,
29391148,0568000,LOUISVILLE METRO POLICE DEPT,Accepted,JEFFERSON,KY1631,3000,CRITTENDEN,DR,,,,,,,,38.200129150,-85.750865326,0.810,12/4/2021 12:00:00 AM,1550,2,2,0,0,CLEAR,DRY,False,OTHER ROADWAY OR MID-BLOCK COLLISION,OPPOSING LEFT TURN,STRAIGHT & LEVEL,DAYLIGHT,,,12/6/2021 8:42:47 AM,False,5378,Accepted,