IncidentID,AgencyORI,AgencyName,IncidentStatusDesc,County,RdwyNumber,Street,RoadwayName,StreetSfx,StreetDir,IntersectionRdwy,IntersectionRdwyName,BetweenStRdwy1,BetweenStRdwyName1,BetweenStRdwy2,BetweenStRdwyName2,Latitude,Longitude,Milepoint,CollisionDate,CollisionTime,UnitsInvolved,MotorVehiclesInvolved,NumberKilled,NumberInjured,Weather,RdwyConditionCode,HitandRun,DirAnalysisCode,MannerofCollision,RdwyCharacter,LightCondition,RampFromRdwyId,RampToRdwyId,AcceptedDate,IsSecondaryCollision,OwnerBadge,IncidentStatus,
29391155,0568000,LOUISVILLE METRO POLICE DEPT,Accepted,JEFFERSON,,,TREVILIAN,WAY,,KY1703,NEWBURG,,,,,38.213576281,-85.700807561,1.729,12/4/2021 12:00:00 AM,,2,2,0,0,CLEAR,DRY,True,OTHER INTERSECTION COLLISIONS,REAR END,STRAIGHT & LEVEL,DARK-HWY LIGHTED/ON,,,12/6/2021 8:43:22 AM,False,2026,Accepted,
29391163,0568000,LOUISVILLE METRO POLICE DEPT,Accepted,JEFFERSON,,122,40TH,ST,N,,,,,,,38.265097957,-85.814602640,0.066,12/4/2021 12:00:00 AM,2330,1,1,0,0,CLEAR,DRY,False,OTHER ROADWAY OR MID-BLOCK COLLISION,SINGLE VEHICLE,STRAIGHT & LEVEL,DARK-HWY LIGHTED/ON,,,12/6/2021 8:43:47 AM,False,5388,Accepted,
29438154,0568000,LOUISVILLE METRO POLICE DEPT,Accepted,JEFFERSON,,,BRECKINRIDGE,ST,W,KY1020,2ND,,,,,38.241624270,-85.755906649,0.084,12/4/2021 12:00:00 AM,1702,2,2,0,2,CLEAR,DRY,False,ANGLE COLLISION - OTHER,ANGLE,STRAIGHT & LEVEL,DAYLIGHT,,,12/14/2021 8:14:49 AM,False,7495,Accepted,
29391141,0568000,LOUISVILLE METRO POLICE DEPT,Accepted,JEFFERSON,,,LEE,ST,W,,4TH,,,,,38.223397602,-85.762381651,1.134,12/4/2021 12:00:00 AM,0333,2,2,0,0,CLEAR,DRY,False,OTHER INTERSECTION COLLISIONS,REAR END,STRAIGHT & LEVEL,DARK-HWY LIGHTED/ON,,,12/6/2021 8:42:21 AM,False,5349,Accepted,
29391149,0568000,LOUISVILLE METRO POLICE DEPT,Accepted,JEFFERSON,KY1747,,FERN VALLEY,RD,,,PARAMOUNT PARK,,,,,38.157060305,-85.712462624,1.082,12/4/2021 12:00:00 AM,1650,2,2,0,0,CLEAR,DRY,False,SIDESWIPE-SAME DIRECTION,SIDESWIPE-SAME DIRECTION,STRAIGHT & LEVEL,DAYLIGHT,,,12/6/2021 8:42:52 AM,False,7989,Accepted,
29391146,0568000,LOUISVILLE METRO POLICE DEPT,Accepted,JEFFERSON,KY1865,,NEW CUT,RD,,,BROWN AUSTIN,,,,,38.124205258,-85.776460189,1.111,12/4/2021 12:00:00 AM,1445,2,2,0,0,CLEAR,DRY,False,ANGLE COLLISION - OTHER,ANGLE,STRAIGHT & LEVEL,DAYLIGHT,,,12/6/2021 8:42:40 AM,False,7263,Accepted,
29391147,0568000,LOUISVILLE METRO POLICE DEPT,Accepted,JEFFERSON,,,HOLSCLAW HILL,RD,,,MITCHELL HILL,,,,,38.093397864,-85.764203239,0.002,12/4/2021 12:00:00 AM,1456,1,1,0,0,CLEAR,DRY,False,COLLISION WITH FIXED OBJECT IN INTERSECTION - FIRST EVENT COLLISION 09 - 32,SINGLE VEHICLE,CURVE & LEVEL,DAYLIGHT,,,12/6/2021 8:42:44 AM,False,7252,Accepted,
29388566,0560300,ST. MATTHEWS POLICE DEPARTMENT,Accepted,JEFFERSON,,,MERIDIAN,AVE,,,,,,,,38.252638388,-85.653300485,0.003,12/4/2021 12:00:00 AM,1255,2,2,0,0,CLEAR,DRY,False,VEHICLE BACKING NON INTERSECTION,BACKING,STRAIGHT & LEVEL,DAYLIGHT,,,12/5/2021 12:19:32 PM,False,9131,Accepted,
29400283,0568000,LOUISVILLE METRO POLICE DEPT,Accepted,JEFFERSON,KY2251,,KY2251 TURN LANE,,,US0031E,BARDSTOWN,,,,,38.190521820,-85.643967219,0.043,12/4/2021 12:00:00 AM,0151,2,2,0,2,CLEAR,DRY,False,HEAD-ON COLLISION,HEAD ON,STRAIGHT & LEVEL,DARK-HWY LIGHTED/ON,,,12/8/2021 8:18:57 AM,False,5222,Accepted,
29392192,0560300,ST. MATTHEWS POLICE DEPARTMENT,Accepted,JEFFERSON,US0060,5000,SHELBYVILLE,RD,,,,,,,,38.250102858,-85.623280330,5.319,12/4/2021 12:00:00 AM,2030,2,2,0,0,CLEAR,DRY,False,COLLISION IN PARKING LOT,REAR END,STRAIGHT & LEVEL,DARK-HWY LIGHTED/ON,,,12/6/2021 11:42:26 AM,False,9157,Accepted,
29391088,0568000,LOUISVILLE METRO POLICE DEPT,Accepted,JEFFERSON,KY1865,,TAYLOR,BLVD,,,,,,,,38.173344913,-85.782170582,4.592,12/3/2021 12:00:00 AM,0907,2,2,0,0,CLEAR,DRY,False,REAR END IN TRAFFIC LANES BOTH VEHICLES MOVING,REAR END,STRAIGHT & LEVEL,DAYLIGHT,,,12/6/2021 8:39:23 AM,False,5180,Accepted,
29382247,0568000,LOUISVILLE METRO POLICE DEPT,Accepted,JEFFERSON,I 0065,,I65 N,,,,,,,,,38.136438110,-85.706447720,126.688,12/3/2021 12:00:00 AM,0720,1,1,0,0,CLEAR,DRY,False,OTHER COLLISIONS ON SHOULDER,SINGLE VEHICLE,STRAIGHT & LEVEL,DAYLIGHT,,,12/3/2021 9:17:28 AM,False,4903,Accepted,
29391122,0568000,LOUISVILLE METRO POLICE DEPT,Accepted,JEFFERSON,,,RIVER,RD,,,ZORN,,,,,38.277291007,-85.699246484,2.933,12/3/2021 12:00:00 AM,0714,2,2,0,0,CLEAR,DRY,False,OPPOSING LEFT TURN,OPPOSING LEFT TURN,STRAIGHT & LEVEL,DAWN,,,12/6/2021 8:41:36 AM,False,5397,Accepted,
29391123,0568000,LOUISVILLE METRO POLICE DEPT,Accepted,JEFFERSON,US0031E,,BARDSTOWN,RD,,,,,,,,38.167956411,-85.603609194,7.138,12/3/2021 12:00:00 AM,1759,2,2,0,0,CLEAR,DRY,False,1 VEHICLE ENTERING/LEAVING ENTRANCE,ANGLE,STRAIGHT & LEVEL,DARK-HWY NOT LIGHTED,,,12/6/2021 8:41:39 AM,False,7106,Accepted,
29391125,0568000,LOUISVILLE METRO POLICE DEPT,Accepted,JEFFERSON,KY0907,,3RD ST,RD,,,MAE,,,,,38.143473015,-85.778129735,6.081,12/3/2021 12:00:00 AM,2051,2,2,0,0,CLEAR,DRY,False,OTHER INTERSECTION COLLISIONS,REAR END,STRAIGHT & LEVEL,DARK-HWY LIGHTED/ON,,,12/6/2021 8:41:46 AM,False,5321,Accepted,
29391133,0568000,LOUISVILLE METRO POLICE DEPT,Accepted,JEFFERSON,,,32ND,ST,S,,HALE,,,,,38.239766610,-85.806757696,0.908,12/3/2021 12:00:00 AM,1845,2,2,0,0,CLEAR,DRY,True,ANGLE COLLISION - OTHER,ANGLE,STRAIGHT & LEVEL,DUSK,,,12/6/2021 8:42:13 AM,False,5384,Accepted,
29391113,0568000,LOUISVILLE METRO POLICE DEPT,Accepted,JEFFERSON,KY1020,4529,SOUTHERN,PKWY,,,,,,,,38.187615080,-85.766983130,8.211,12/3/2021 12:00:00 AM,0947,2,2,0,0,CLEAR,DRY,True,REAR END IN TRAFFIC LANES BOTH VEHICLES MOVING,REAR END,STRAIGHT & LEVEL,DAYLIGHT,,,12/6/2021 8:40:54 AM,False,5230,Accepted,
29391114,0568000,LOUISVILLE METRO POLICE DEPT,Accepted,JEFFERSON,KY1020,7707,NATIONAL,TPKE,,,,,,,,38.139119636,-85.753697203,4.528,12/3/2021 12:00:00 AM,1809,2,2,0,2,CLEAR,DRY,False,OTHER ROADWAY OR MID-BLOCK COLLISION,OPPOSING LEFT TURN,STRAIGHT & LEVEL,DARK-HWY LIGHTED/ON,,,12/6/2021 8:40:58 AM,False,7252,Accepted,
29391121,0568000,LOUISVILLE METRO POLICE DEPT,Accepted,JEFFERSON,,310,IOWA,AVE,,,,,,,,38.207582776,-85.763852411,0.519,12/3/2021 12:00:00 AM,0844,3,3,0,1,CLEAR,DRY,False,1 VEHICLE ENTERING OR LEAVING PARKED POSITION (NOT PARKING LOT),SIDESWIPE-SAME DIRECTION,STRAIGHT & LEVEL,DAYLIGHT,,,12/6/2021 8:41:31 AM,False,7251,Accepted,
29391131,0568000,LOUISVILLE METRO POLICE DEPT,Accepted,JEFFERSON,KY0061,,PRESTON,HWY,,,PIGEON PASS,,,,,38.175899187,-85.714067362,6.989,12/3/2021 12:00:00 AM,1937,2,2,0,0,CLEAR,DRY,False,HEAD-ON COLLISION,HEAD ON,STRAIGHT & LEVEL,DARK (UNKNOWN ROADWAY LIGHTING),,,12/6/2021 8:42:10 AM,False,5286,Accepted,
29391083,0568000,LOUISVILLE METRO POLICE DEPT,Accepted,JEFFERSON,,,BLUEGRASS,AVE,,,CHURCHMAN,,,,,38.179614714,-85.791901352,0.382,12/3/2021 12:00:00 AM,0625,2,1,0,0,CLEAR,DRY,False,COLLISION WITH PEDESTRIAN IN INTERSECTION,SINGLE VEHICLE,STRAIGHT & LEVEL,DARK-HWY LIGHTED/ON,,,12/6/2021 8:39:03 AM,False,7040,Accepted,
29391091,0568000,LOUISVILLE METRO POLICE DEPT,Accepted,JEFFERSON,KY0061,,PRESTON,HWY,,,,,,,,38.174656072,-85.712747308,6.880,12/3/2021 12:00:00 AM,0859,1,1,0,0,CLEAR,DRY,True,COLLISION WITH FIXED OBJECT NON - INTERSECTION - FIRST EVENT COLLISION 09 - 32 EXCLUDING 16,SINGLE VEHICLE,STRAIGHT & LEVEL,DAYLIGHT,,,12/6/2021 8:39:37 AM,False,4693,Accepted,
29391099,0568000,LOUISVILLE METRO POLICE DEPT,Accepted,JEFFERSON,I 0065,,I65 S,,,,,,,,,38.135691674,-85.708520785,0.200,12/3/2021 12:00:00 AM,1036,3,3,0,0,CLEAR,OTHER,False,OTHER RAMP RELATED COLLISIONS NOT LISTED ABOVE,ANGLE,CURVE & GRADE,DAYLIGHT,KY1065,I 0065,12/6/2021 8:39:58 AM,False,4903,Accepted,
29391107,0568000,LOUISVILLE METRO POLICE DEPT,Accepted,JEFFERSON,KY1230,,CANE RUN,RD,,,,,,,,38.151659307,-85.895392646,5.036,12/3/2021 12:00:00 AM,1109,1,1,0,0,CLEAR,DRY,False,RAN OFF ROADWAY (1 VEHICLE WITH/EARTH EMBANKMENT/DITCH),SINGLE VEHICLE,STRAIGHT & LEVEL,DAYLIGHT,,,12/6/2021 8:40:32 AM,False,7234,Accepted,
29391108,0568000,LOUISVILLE METRO POLICE DEPT,Accepted,JEFFERSON,,,JOHNSONTOWN,RD,,,,,,,,38.121260399,-85.858394213,0.148,12/3/2021 12:00:00 AM,1557,2,2,0,0,CLEAR,DRY,False,1 VEHICLE ENTERING/LEAVING ENTRANCE,ANGLE,STRAIGHT & LEVEL,DAYLIGHT,,,12/6/2021 8:40:36 AM,False,7234,Accepted,
29391116,0568000,LOUISVILLE METRO POLICE DEPT,Accepted,JEFFERSON,I 0065,,I65 N,,,,,,,,,38.167624738,-85.720546693,129.000,12/3/2021 12:00:00 AM,1145,2,2,0,0,CLEAR,DRY,False,SIDESWIPE COLLISION - SAME DIRECTION,SIDESWIPE-SAME DIRECTION,STRAIGHT & LEVEL,DAYLIGHT,,,12/6/2021 8:41:02 AM,False,7751,Accepted,
29391124,0568000,LOUISVILLE METRO POLICE DEPT,Accepted,JEFFERSON,I 0264,,I264 W,,,,,I 0264,I264 W EXIT10 ON RAMP FROM KY1020,I 0264,I264 W EXIT9 OFF RAMP TO KY1865,38.189662442,-85.778406740,9.511,12/3/2021 12:00:00 AM,1442,2,2,0,0,CLEAR,DRY,False,REAR END IN TRAFFIC LANES BOTH VEHICLES MOVING,REAR END,STRAIGHT & HILLCREST,DAYLIGHT,,,12/6/2021 8:41:43 AM,False,5221,Accepted,
29392886,0568000,LOUISVILLE METRO POLICE DEPT,Accepted,JEFFERSON,,,BICKNELL,AVE,,KY1865,TAYLOR,,,,,38.183120399,-85.784428902,0.323,12/3/2021 12:00:00 AM,0327,3,1,0,1,CLEAR,DRY,False,SIDESWIPE-SAME DIRECTION,SIDESWIPE-SAME DIRECTION,STRAIGHT & LEVEL,DARK-HWY LIGHTED/ON,,,12/6/2021 2:24:55 PM,False,2308,Accepted,
29392887,0568000,LOUISVILLE METRO POLICE DEPT,Accepted,JEFFERSON,I 0265,,I265 E,,,,,I 0265,I265 E EXIT15 ON RAMP FROM KY864,I 0265,I265 E EXIT17 OFF RAMP TO US31E,38.138835290,-85.592051716,16.783,12/3/2021 12:00:00 AM,1800,2,1,0,0,CLEAR,DRY,False,REAR END IN TRAFFIC LANES BOTH VEHICLES MOVING,REAR END,STRAIGHT & GRADE,DARK-HWY LIGHTED/OFF,,,12/6/2021 2:27:09 PM,False,2321,Accepted,
29391187,0568000,LOUISVILLE METRO POLICE DEPT,Accepted,JEFFERSON,US0031W,6840,DIXIE,HWY,,,,,,,,38.154183050,-85.835557184,12.321,12/3/2021 12:00:00 AM,2201,2,2,0,2,CLEAR,DRY,False,COLLISION IN PARKING LOT,REAR END,STRAIGHT & LEVEL,DARK-HWY LIGHTED/ON,,,12/6/2021 8:45:20 AM,False,5170,Accepted,
29391117,0568000,LOUISVILLE METRO POLICE DEPT,Accepted,JEFFERSON,KY0155,,TAYLORSVILLE,RD,,,POPE LICK,,,,,38.190807644,-85.486884242,4.874,12/3/2021 12:00:00 AM,1729,2,2,0,1,CLEAR,DRY,False,ANGLE COLLISION - OTHER,ANGLE,STRAIGHT & LEVEL,DUSK,,,12/6/2021 8:41:12 AM,False,6878,Accepted,
29391118,0568000,LOUISVILLE METRO POLICE DEPT,Accepted,JEFFERSON,KY1020,7104,SOUTHSIDE,DR,,,,,,,,38.153489214,-85.765339318,5.792,12/3/2021 12:00:00 AM,1751,2,2,0,1,CLEAR,DRY,False,HEAD-ON COLLISION,HEAD ON,STRAIGHT & LEVEL,DARK-HWY LIGHTED/ON,,,12/6/2021 8:41:18 AM,False,7427,Accepted,
29391119,0568000,LOUISVILLE METRO POLICE DEPT,Accepted,JEFFERSON,,1508,CLAY,ST,S,,,,,,,38.223789819,-85.745181345,1.985,12/3/2021 12:00:00 AM,1853,2,2,0,0,CLEAR,DRY,False,1 VEHICLE PARKED POSITION (NOT PARKING LOT/DRIVEWAY),BACKING,STRAIGHT & LEVEL,DARK (UNKNOWN ROADWAY LIGHTING),,,12/6/2021 8:41:22 AM,False,5346,Accepted,
29400285,0568000,LOUISVILLE METRO POLICE DEPT,Accepted,JEFFERSON,,,PARK,RD,S,,,,MINOR,,ARIA,38.115945889,-85.723016114,2.697,12/3/2021 12:00:00 AM,0400,2,2,0,0,CLEAR,DRY,False,1 VEHICLE ENTERING/LEAVING ENTRANCE,ANGLE,STRAIGHT & HILLCREST,DARK-HWY LIGHTED/ON,,,12/8/2021 8:19:05 AM,False,7100,Accepted,
29391137,0568000,LOUISVILLE METRO POLICE DEPT,Accepted,JEFFERSON,US0031E,,BARDSTOWN,RD,,,EMRICH,,,,,38.167952551,-85.603608513,7.138,12/3/2021 12:00:00 AM,2025,2,2,0,0,CLEAR,DRY,False,ANGLE COLLISION - OTHER,ANGLE,STRAIGHT & LEVEL,DARK-HWY LIGHTED/ON,,,12/6/2021 8:42:17 AM,False,5141,Accepted,
29391151,0568000,LOUISVILLE METRO POLICE DEPT,Accepted,JEFFERSON,US0031E,,BARDSTOWN,RD,,,,,,,,38.169030258,-85.605169965,7.234,12/3/2021 12:00:00 AM,1759,3,3,0,1,CLEAR,DRY,False,OTHER ROADWAY OR MID-BLOCK COLLISION,REAR END,STRAIGHT & GRADE,DARK (UNKNOWN ROADWAY LIGHTING),,,12/6/2021 8:42:59 AM,False,5375,Accepted,
29391168,0568000,LOUISVILLE METRO POLICE DEPT,Accepted,JEFFERSON,I 0064,,,,,,,,,,,38.221164183,-85.504848378,0.145,12/3/2021 12:00:00 AM,1726,3,3,0,1,CLEAR,DRY,True,OTHER RAMP RELATED COLLISIONS NOT LISTED ABOVE,REAR END,CURVE & HILLCREST,DARK-HWY NOT LIGHTED,I 0064,I 0265,12/6/2021 8:44:05 AM,False,7751,Accepted,
29391186,0568000,LOUISVILLE METRO POLICE DEPT,Accepted,JEFFERSON,US0031W,,DIXIE,HWY,,,WELLS,,,,,38.147560708,-85.837823878,11.932,12/3/2021 12:00:00 AM,1819,3,3,0,1,CLEAR,DRY,False,OTHER INTERSECTION COLLISIONS,REAR END,STRAIGHT & LEVEL,DUSK,,,12/6/2021 8:45:17 AM,False,5170,Accepted,
29391112,0568000,LOUISVILLE METRO POLICE DEPT,Accepted,JEFFERSON,I 0265,,I265 E,,,,,I 0265,I265 E EXIT15 ON RAMP FROM KY864,I 0265,I265 E EXIT17 OFF RAMP TO US31E,38.138835290,-85.592051716,16.783,12/3/2021 12:00:00 AM,1800,2,2,0,1,CLEAR,DRY,False,REAR END IN TRAFFIC LANES BOTH VEHICLES MOVING,REAR END,STRAIGHT & GRADE,DARK-HWY LIGHTED/OFF,,,12/6/2021 8:40:48 AM,False,2321,Accepted,
29391128,0568000,LOUISVILLE METRO POLICE DEPT,Accepted,JEFFERSON,KY1020,,NATIONAL,TPKE,,,,,,,,38.126826231,-85.748899636,3.669,12/3/2021 12:00:00 AM,2222,1,1,0,1,CLEAR,DRY,False,COLLISION WITH FIXED OBJECT NON - INTERSECTION - FIRST EVENT COLLISION 09 - 32 EXCLUDING 16,SINGLE VEHICLE,STRAIGHT & LEVEL,DARK-HWY LIGHTED/ON,,,12/6/2021 8:41:58 AM,False,7362,Accepted,
29391120,0568000,LOUISVILLE METRO POLICE DEPT,Accepted,JEFFERSON,KY0155,,TAYLORSVILLE,RD,,,,,,,,38.221800522,-85.655070288,14.922,12/3/2021 12:00:00 AM,1811,2,2,0,0,CLEAR,DRY,False,OTHER ROADWAY OR MID-BLOCK COLLISION,REAR END,STRAIGHT & LEVEL,DARK-HWY LIGHTED/ON,,,12/6/2021 8:41:27 AM,False,6813,Accepted,
29391092,0568000,LOUISVILLE METRO POLICE DEPT,Accepted,JEFFERSON,KY0864,,POPLAR LEVEL,RD,,,,,,,,38.195805471,-85.707796765,11.348,12/3/2021 12:00:00 AM,0629,3,3,0,0,CLEAR,DRY,False,REAR END IN TRAFFIC LANES BOTH VEHICLES MOVING,REAR END,STRAIGHT & HILLCREST,DARK (UNKNOWN ROADWAY LIGHTING),,,12/6/2021 8:39:41 AM,False,4693,Accepted,
29391100,0568000,LOUISVILLE METRO POLICE DEPT,Accepted,JEFFERSON,,,BICKNELL,AVE,,KY1865,TAYLOR,,,,,38.183120399,-85.784428902,0.323,12/3/2021 12:00:00 AM,0327,1,1,0,1,CLEAR,DRY,False,COLLISION WITH FIXED OBJECT IN INTERSECTION - FIRST EVENT COLLISION 09 - 32,SINGLE VEHICLE,STRAIGHT & LEVEL,DARK-HWY LIGHTED/ON,,,12/6/2021 8:40:02 AM,False,2308,Accepted,
29391101,0568000,LOUISVILLE METRO POLICE DEPT,Accepted,JEFFERSON,US0031W,10411,DIXIE,HWY,,,,,,,,38.103280817,-85.869417383,8.300,12/3/2021 12:00:00 AM,1415,2,1,0,0,CLEAR,DRY,False,COLLISION IN PARKING LOT,SINGLE VEHICLE,STRAIGHT & LEVEL,DAYLIGHT,,,12/6/2021 8:40:07 AM,False,5110,Accepted,
29391102,0568000,LOUISVILLE METRO POLICE DEPT,Accepted,JEFFERSON,I 0264,,,,,,,,,,,38.202363252,-85.691841093,0.080,12/3/2021 12:00:00 AM,1455,2,2,0,0,CLEAR,DRY,False,REAR END IN TRAFFIC LANES BOTH VEHICLES MOVING,REAR END,STRAIGHT & LEVEL,DAYLIGHT,,,12/6/2021 8:40:11 AM,False,7740,Accepted,
29382244,0568000,LOUISVILLE METRO POLICE DEPT,Accepted,JEFFERSON,,,BRIDGEWOOD,CT,,,,,,,,38.302274836,-85.540619665,0.028,12/3/2021 12:00:00 AM,0240,2,2,0,0,CLEAR,DRY,False,COLLISION IN PARKING LOT,HEAD ON,STRAIGHT & LEVEL,DARK-HWY LIGHTED/ON,,,12/3/2021 9:17:15 AM,False,5401,Accepted,
29391085,0568000,LOUISVILLE METRO POLICE DEPT,Accepted,JEFFERSON,,,15TH,ST,S,,CEDAR,,,,,38.254501061,-85.775445441,2.020,12/3/2021 12:00:00 AM,0857,2,2,0,0,CLEAR,DRY,False,ANGLE COLLISION - OTHER,ANGLE,STRAIGHT & LEVEL,DAYLIGHT,,,12/6/2021 8:39:12 AM,False,7904,Accepted,
29391094,0568000,LOUISVILLE METRO POLICE DEPT,Accepted,JEFFERSON,KY1747,,FERN VALLEY,RD,,,,,,,,38.156955551,-85.701815662,1.667,12/3/2021 12:00:00 AM,1340,2,2,0,0,CLEAR,DRY,False,1 VEHICLE ENTERING/LEAVING ENTRANCE,ANGLE,STRAIGHT & LEVEL,DAYLIGHT,,,12/6/2021 8:39:46 AM,False,4693,Accepted,
29391095,0568000,LOUISVILLE METRO POLICE DEPT,Accepted,JEFFERSON,KY0155,,TAYLORSVILLE,RD,,,,,POPE LICK,KY2265,HATMAKER,38.190836126,-85.486120165,4.831,12/3/2021 12:00:00 AM,1408,2,2,0,0,CLEAR,DRY,False,REAR END IN TRAFFIC LANES BOTH VEHICLES MOVING,REAR END,STRAIGHT & LEVEL,DAYLIGHT,,,12/6/2021 8:39:50 AM,False,6878,Accepted,
29391103,0568000,LOUISVILLE METRO POLICE DEPT,Accepted,JEFFERSON,,,SHAFFER,LN,,,,,SEATONVILLE,,TOMPKINS,38.143687085,-85.562733794,0.756,12/3/2021 12:00:00 AM,1435,2,2,0,0,CLEAR,DRY,False,OTHER ROADWAY OR MID-BLOCK COLLISION,REAR END,STRAIGHT & HILLCREST,DAYLIGHT,,,12/6/2021 8:40:14 AM,False,2324,Accepted,
29404989,0568000,LOUISVILLE METRO POLICE DEPT,Accepted,JEFFERSON,I 0065,,I65 S,,,,,,,,,38.245757038,-85.752286496,135.259,12/3/2021 12:00:00 AM,1752,2,2,0,0,CLOUDY,DRY,False,REAR END IN TRAFFIC LANES BOTH VEHICLES MOVING,REAR END,STRAIGHT & LEVEL,DAYLIGHT,,,12/9/2021 8:45:52 AM,False,7239,Accepted,
29404991,0568000,LOUISVILLE METRO POLICE DEPT,Accepted,JEFFERSON,I 0065,,I65 S,,,,,,,,,38.250693204,-85.750877739,135.622,12/3/2021 12:00:00 AM,1922,2,2,0,0,CLOUDY,DRY,False,REAR END IN TRAFFIC LANES BOTH VEHICLES MOVING,REAR END,STRAIGHT & LEVEL,DARK-HWY LIGHTED/ON,,,12/9/2021 8:45:56 AM,False,7239,Accepted,
29475105,0566400,HURSTBOURNE ACRES PD,Accepted,JEFFERSON,KY1747,1850,HURSTBOURNE,PKWY,S,,,I 0064,I64 E EXIT15A OFF RAMP TO KY1747,,BUNSEN,38.219675645,-85.582827515,11.550,12/3/2021 12:00:00 AM,2000,2,2,0,0,CLEAR,DRY,False,REAR END IN TRAFFIC LANES BOTH VEHICLES MOVING,REAR END,STRAIGHT & LEVEL,DARK-HWY LIGHTED/ON,,,12/17/2021 9:26:29 AM,False,9205,Accepted,
29404988,0568000,LOUISVILLE METRO POLICE DEPT,Accepted,JEFFERSON,,201,ABRAHAM FLEXNER,WAY,,,,,,,,38.249225061,-85.750012265,0.002,12/3/2021 12:00:00 AM,1717,1,1,0,0,CLOUDY,DRY,False,COLLISION WITH FIXED OBJECT NON - INTERSECTION - FIRST EVENT COLLISION 09 - 32 EXCLUDING 16,SINGLE VEHICLE,STRAIGHT & LEVEL,DAYLIGHT,,,12/9/2021 8:45:47 AM,False,7239,Accepted,
29405003,0568000,LOUISVILLE METRO POLICE DEPT,Accepted,JEFFERSON,,,26TH,ST,S,,GARLAND,,,,,38.244638209,-85.795448612,1.115,12/3/2021 12:00:00 AM,1717,2,2,0,0,CLEAR,DRY,True,OTHER INTERSECTION COLLISIONS,REAR END,STRAIGHT & LEVEL,DAYLIGHT,,,12/9/2021 8:46:44 AM,False,5032,Accepted,
29404996,0568000,LOUISVILLE METRO POLICE DEPT,Accepted,JEFFERSON,KY2251,3607,BARDSTOWN,RD,,,,,,,,38.199695036,-85.661201677,1.117,12/3/2021 12:00:00 AM,1100,2,2,0,0,CLEAR,DRY,True,COLLISION IN PARKING LOT,BACKING,STRAIGHT & LEVEL,DAYLIGHT,,,12/9/2021 8:46:16 AM,False,7602,Accepted,
29466864,0568000,LOUISVILLE METRO POLICE DEPT,Accepted,JEFFERSON,I 0265,,,,,,,,,,,38.110806695,-85.678553192,0.411,12/2/2021 12:00:00 AM,1745,2,2,0,2,CLEAR,DRY,False,OTHER RAMP RELATED COLLISIONS NOT LISTED ABOVE,REAR END,STRAIGHT & HILLCREST,DUSK,KY0061,I 0265,12/15/2021 8:26:59 AM,False,7269,Accepted,
29471884,0568000,LOUISVILLE METRO POLICE DEPT,Accepted,JEFFERSON,US0031,,CLARK MEMORIAL,BRG,,,,,,,,38.262589500,-85.751902360,0.445,12/2/2021 12:00:00 AM,2147,2,1,0,1,CLEAR,DRY,False,OTHER ROADWAY OR MID-BLOCK COLLISION,REAR TO REAR,STRAIGHT & LEVEL,DARK-HWY LIGHTED/ON,,,12/16/2021 12:42:42 PM,False,5354,Accepted,
29585674,0568000,LOUISVILLE METRO POLICE DEPT,Accepted,JEFFERSON,KY1020,1329,3RD,ST,S,,,,,,,38.231773153,-85.759200970,11.106,12/2/2021 12:00:00 AM,0138,5,5,0,1,CLEAR,DRY,False,1 VEHICLE PARKED POSITION (NOT PARKING LOT/DRIVEWAY),SIDESWIPE-SAME DIRECTION,STRAIGHT & LEVEL,DARK-HWY LIGHTED/ON,,,1/14/2022 8:10:42 AM,False,5373,Accepted,
29549567,0568000,LOUISVILLE METRO POLICE DEPT,Accepted,JEFFERSON,KY0061,5500,PRESTON,HWY,,,,,,,,38.169569688,-85.707437414,6.412,12/2/2021 12:00:00 AM,0626,2,2,0,0,CLEAR,DRY,False,1 VEHICLE PARKED POSITION (NOT PARKING LOT/DRIVEWAY),SIDESWIPE-OPPOSITE DIRECTION,STRAIGHT & LEVEL,DARK-HWY LIGHTED/ON,,,1/10/2022 8:40:05 AM,False,5189,Accepted,
29417543,0568000,LOUISVILLE METRO POLICE DEPT,Accepted,JEFFERSON,KY0061,1041,PRESTON,ST,S,,,,,,,38.236465480,-85.749083748,11.635,12/2/2021 12:00:00 AM,1552,2,2,0,0,CLEAR,DRY,False,COLLISION IN PARKING LOT,BACKING,STRAIGHT & LEVEL,DAYLIGHT,,,12/13/2021 8:29:46 AM,False,7963,Accepted,
29382205,0568000,LOUISVILLE METRO POLICE DEPT,Accepted,JEFFERSON,KY1934,4432,CANE RUN,RD,,,,,RICHMONT,,SHANKS,38.196419724,-85.841394205,8.880,12/2/2021 12:00:00 AM,0913,2,2,0,0,CLEAR,DRY,False,1 VEHICLE ENTERING/LEAVING ENTRANCE,ANGLE,STRAIGHT & LEVEL,DAYLIGHT,,,12/3/2021 9:14:44 AM,False,2569,Accepted,