IncidentID,AgencyORI,AgencyName,IncidentStatusDesc,County,RdwyNumber,Street,RoadwayName,StreetSfx,StreetDir,IntersectionRdwy,IntersectionRdwyName,BetweenStRdwy1,BetweenStRdwyName1,BetweenStRdwy2,BetweenStRdwyName2,Latitude,Longitude,Milepoint,CollisionDate,CollisionTime,UnitsInvolved,MotorVehiclesInvolved,NumberKilled,NumberInjured,Weather,RdwyConditionCode,HitandRun,DirAnalysisCode,MannerofCollision,RdwyCharacter,LightCondition,RampFromRdwyId,RampToRdwyId,AcceptedDate,IsSecondaryCollision,OwnerBadge,IncidentStatus,
29368168,0568000,LOUISVILLE METRO POLICE DEPT,Accepted,JEFFERSON,,,PRODUCE,RD,,,,,,,,38.180071370,-85.690388484,0.102,11/29/2021 12:00:00 AM,1316,2,2,0,0,CLEAR,DRY,True,COLLISION IN PARKING LOT,BACKING,STRAIGHT & LEVEL,DAYLIGHT,,,11/30/2021 8:13:42 AM,False,4693,Accepted,
29368169,0568000,LOUISVILLE METRO POLICE DEPT,Accepted,JEFFERSON,,,32ND,ST,S,,KIRBY,,,,,38.236101237,-85.807406012,0.646,11/29/2021 12:00:00 AM,1310,2,2,0,2,CLEAR,DRY,False,HEAD-ON COLLISION,HEAD ON,STRAIGHT & LEVEL,DAYLIGHT,,,11/30/2021 8:13:45 AM,False,7184,Accepted,
29368175,0568000,LOUISVILLE METRO POLICE DEPT,Accepted,JEFFERSON,,,AIKEN,RD,,,BUSH FARM,,,,,38.271304756,-85.483793040,2.732,11/29/2021 12:00:00 AM,1101,2,2,0,0,CLEAR,DRY,False,ANGLE COLLISION - ONE VEHICLE TURNING LEFT,ANGLE,STRAIGHT & LEVEL,DAYLIGHT,,,11/30/2021 8:14:09 AM,False,7316,Accepted,
29368177,0568000,LOUISVILLE METRO POLICE DEPT,Accepted,JEFFERSON,,,22ND,ST,S,,,,,,,38.222481917,-85.795416738,0.017,11/29/2021 12:00:00 AM,1556,2,2,0,0,CLEAR,DRY,True,1 VEHICLE ENTERING/LEAVING ENTRANCE,ANGLE,STRAIGHT & LEVEL,DAYLIGHT,,,11/30/2021 8:14:16 AM,False,5232,Accepted,
29368183,0568000,LOUISVILLE METRO POLICE DEPT,Accepted,JEFFERSON,US0031W,,DIXIE,HWY,,,STONESTREET,,,,,38.121698528,-85.855349846,9.723,11/29/2021 12:00:00 AM,1348,2,2,0,2,CLEAR,DRY,False,ANGLE COLLISION - OTHER,ANGLE,STRAIGHT & LEVEL,DAYLIGHT,,,11/30/2021 8:14:34 AM,False,7234,Accepted,
29368159,0568000,LOUISVILLE METRO POLICE DEPT,Accepted,JEFFERSON,I 0265,,I265 N,,,,,,,,,38.306058816,-85.565142113,33.623,11/29/2021 12:00:00 AM,0919,1,1,0,1,CLEAR,DRY,False,OTHER ROADWAY OR MID-BLOCK COLLISION,SINGLE VEHICLE,STRAIGHT & LEVEL,DAYLIGHT,,,11/30/2021 8:13:06 AM,False,2346,Accepted,
29368160,0568000,LOUISVILLE METRO POLICE DEPT,Accepted,JEFFERSON,KY0907,,3RD ST,RD,,,CARTLEDGE,,,,,38.137721923,-85.785052887,5.539,11/29/2021 12:00:00 AM,0836,1,1,0,0,CLEAR,DRY,False,COLLISION WITH FIXED OBJECT IN INTERSECTION - FIRST EVENT COLLISION 09 - 32,SINGLE VEHICLE,STRAIGHT & LEVEL,DAYLIGHT,,,11/30/2021 8:13:09 AM,False,5394,Accepted,
29372713,0568000,LOUISVILLE METRO POLICE DEPT,Accepted,JEFFERSON,US0031E,,BARDSTOWN,RD,,,GLENWORTH,,,,,38.203850387,-85.665292227,11.441,11/29/2021 12:00:00 AM,1420,2,2,0,0,CLEAR,DRY,False,OTHER INTERSECTION COLLISIONS,REAR END,STRAIGHT & LEVEL,DAYLIGHT,,,12/1/2021 8:31:30 AM,False,5276,Accepted,
29372714,0568000,LOUISVILLE METRO POLICE DEPT,Accepted,JEFFERSON,,,HIKES,LN,,US0031E,BUECHEL,,,,,38.198398039,-85.660983109,0.800,11/29/2021 12:00:00 AM,1900,2,2,0,1,CLEAR,DRY,False,OTHER INTERSECTION COLLISIONS,REAR END,STRAIGHT & LEVEL,DUSK,,,12/1/2021 8:31:34 AM,False,5276,Accepted,
29372939,0561500,UNIV. OF LOUISVILLE POLICE,Accepted,JEFFERSON,,430,CARDINAL,BLVD,W,,,,,,,38.221029865,-85.764403316,0.353,11/29/2021 12:00:00 AM,1941,2,2,0,0,CLEAR,DRY,False,COLLISION IN PARKING LOT,BACKING,STRAIGHT & LEVEL,OTHER,,,12/1/2021 9:17:46 AM,False,5700,Accepted,
29372722,0568000,LOUISVILLE METRO POLICE DEPT,Accepted,JEFFERSON,I 0264,,,,,,,,,,,38.191159454,-85.764848139,0.252,11/29/2021 12:00:00 AM,1827,2,2,0,0,CLEAR,DRY,True,OTHER RAMP RELATED COLLISIONS NOT LISTED ABOVE,SIDESWIPE-SAME DIRECTION,STRAIGHT & LEVEL,DARK-HWY LIGHTED/ON,I 0264,KY1020,12/1/2021 8:31:58 AM,False,5302,Accepted,
29377328,0568000,LOUISVILLE METRO POLICE DEPT,Accepted,JEFFERSON,US0031E,105,MARKET,ST,E,,,,1ST,,BROOK,38.254678901,-85.751802244,17.669,11/29/2021 12:00:00 AM,0808,1,1,0,0,CLEAR,DRY,False,COLLISION WITH FIXED OBJECT NON - INTERSECTION - FIRST EVENT COLLISION 09 - 32 EXCLUDING 16,SINGLE VEHICLE,STRAIGHT & LEVEL,DAYLIGHT,,,12/2/2021 8:22:28 AM,False,7058,Accepted,
29508519,0568000,LOUISVILLE METRO POLICE DEPT,Accepted,JEFFERSON,,,15TH,ST,N,,ROWAN,,,,,38.260038346,-85.774588616,0.088,11/29/2021 12:00:00 AM,1529,2,2,0,1,CLEAR,DRY,False,ANGLE COLLISION - OTHER,ANGLE,STRAIGHT & LEVEL,DAYLIGHT,,,12/28/2021 8:19:46 AM,False,5367,Accepted,
29487613,0568000,LOUISVILLE METRO POLICE DEPT,Accepted,JEFFERSON,US0060A,,BERRY,BLVD,,,GEORGETOWN,,,,,38.196625188,-85.793357111,0.895,11/28/2021 12:00:00 AM,0406,2,2,0,2,CLEAR,DRY,True,ANGLE COLLISION - OTHER,ANGLE,STRAIGHT & LEVEL,DARK-HWY LIGHTED/ON,,,12/21/2021 8:11:38 AM,False,5205,Accepted,
29382217,0568000,LOUISVILLE METRO POLICE DEPT,Accepted,JEFFERSON,,,MUHAMMAD ALI,BLVD,W,,24TH,,,,,38.254917117,-85.791545679,2.137,11/28/2021 12:00:00 AM,1523,2,2,0,0,CLEAR,DRY,False,ANGLE COLLISION - OTHER,ANGLE,STRAIGHT & LEVEL,DAYLIGHT,,,12/3/2021 9:15:33 AM,False,7694,Accepted,
29363322,0568000,LOUISVILLE METRO POLICE DEPT,Accepted,JEFFERSON,KY1747,,HURSTBOURNE,PKWY,S,,PATRIOTS CROSSING,,,,,38.162394202,-85.633705905,5.557,11/28/2021 12:00:00 AM,2003,2,2,0,0,CLEAR,DRY,False,ANGLE COLLISION - OTHER,ANGLE,STRAIGHT & LEVEL,DARK-HWY NOT LIGHTED,,,11/29/2021 8:27:59 AM,False,5138,Accepted,
29363323,0568000,LOUISVILLE METRO POLICE DEPT,Accepted,JEFFERSON,KY0061,,PRESTON,HWY,,,FOREST,,,,,38.161774994,-85.699676990,5.719,11/28/2021 12:00:00 AM,1945,2,2,0,0,CLEAR,DRY,True,ANGLE COLLISION - ONE VEHICLE TURNING LEFT,ANGLE,STRAIGHT & LEVEL,DARK-HWY LIGHTED/ON,,,11/29/2021 8:28:02 AM,False,5165,Accepted,
29400279,0568000,LOUISVILLE METRO POLICE DEPT,Accepted,JEFFERSON,KY1703,,NEWBURG,RD,,,GOLDSMITH,,,,,38.200135487,-85.684857687,1.991,11/28/2021 12:00:00 AM,0011,2,2,0,3,CLEAR,DRY,False,ANGLE COLLISION - ONE VEHICLE TURNING LEFT,ANGLE,STRAIGHT & LEVEL,DARK-HWY LIGHTED/ON,,,12/8/2021 8:18:42 AM,False,5307,Accepted,
29368158,0568000,LOUISVILLE METRO POLICE DEPT,Accepted,JEFFERSON,,10200,BARRICKS,RD,,,,,,,,38.102953648,-85.701777248,0.006,11/28/2021 12:00:00 AM,1701,2,2,0,0,CLEAR,DRY,True,SIDESWIPE COLLISION - OPPOSITE DIRECTION,SIDESWIPE-OPPOSITE DIRECTION,STRAIGHT & LEVEL,DAYLIGHT,,,11/30/2021 8:13:03 AM,False,7799,Accepted,
29363314,0568000,LOUISVILLE METRO POLICE DEPT,Accepted,JEFFERSON,KY2054,,ALGONQUIN,PKWY,,,,,DIXIE,US0031W,22ND,38.223210796,-85.793319736,1.597,11/28/2021 12:00:00 AM,1735,2,2,0,0,CLEAR,DRY,False,OTHER ROADWAY OR MID-BLOCK COLLISION,REAR END,STRAIGHT & LEVEL,DARK-HWY LIGHTED/ON,,,11/29/2021 8:27:33 AM,False,2469,Accepted,
29363315,0568000,LOUISVILLE METRO POLICE DEPT,Accepted,JEFFERSON,I 0065,,I65 N,,,,,,,,,38.250828725,-85.750326656,135.644,11/28/2021 12:00:00 AM,1850,2,2,0,0,CLEAR,DRY,False,SIDESWIPE COLLISION - SAME DIRECTION,SIDESWIPE-SAME DIRECTION,CURVE & LEVEL,DARK-HWY LIGHTED/ON,,,11/29/2021 8:27:36 AM,False,7216,Accepted,
29363305,0568000,LOUISVILLE METRO POLICE DEPT,Accepted,JEFFERSON,KY1703,,NEWBURG,RD,,I 0264,I264 W EXIT15A OFF RAMP TO KY1703 N,,,,,38.202260166,-85.689466916,2.291,11/28/2021 12:00:00 AM,0916,2,2,0,0,CLOUDY,DRY,False,OTHER INTERSECTION COLLISIONS,REAR END,STRAIGHT & GRADE,DAYLIGHT,,,11/29/2021 8:27:04 AM,False,6456,Accepted,
29363290,0568000,LOUISVILLE METRO POLICE DEPT,Accepted,JEFFERSON,KY1747,,FERN VALLEY,RD,,I 0065,I65 N EXIT128 ON RAMP FROM KY1631 W,,,,,38.157567857,-85.715769628,0.915,11/28/2021 12:00:00 AM,0354,1,1,0,0,CLEAR,DRY,False,COLLISION WITH FIXED OBJECT IN INTERSECTION - FIRST EVENT COLLISION 09 - 32,SINGLE VEHICLE,STRAIGHT & LEVEL,DARK-HWY LIGHTED/ON,,,11/29/2021 8:26:12 AM,False,7100,Accepted,
29363296,0568000,LOUISVILLE METRO POLICE DEPT,Accepted,JEFFERSON,KY1865,,TAYLOR,BLVD,,,LYNNHURST,,,,,38.178618288,-85.783046910,4.961,11/28/2021 12:00:00 AM,0746,2,2,0,1,CLEAR,DRY,True,SIDESWIPE-SAME DIRECTION,SIDESWIPE-SAME DIRECTION,STRAIGHT & LEVEL,DAWN,,,11/29/2021 8:26:34 AM,False,7872,Accepted,
29363303,0568000,LOUISVILLE METRO POLICE DEPT,Accepted,JEFFERSON,US0031W,,DIXIE,HWY,,,ALANADALE,,,,,38.109307649,-85.865626889,8.763,11/28/2021 12:00:00 AM,1420,2,2,0,1,CLEAR,DRY,False,ANGLE COLLISION - OTHER,ANGLE,STRAIGHT & LEVEL,DAYLIGHT,,,11/29/2021 8:26:56 AM,False,7205,Accepted,
29363304,0568000,LOUISVILLE METRO POLICE DEPT,Accepted,JEFFERSON,,,JEFFERSON,ST,W,,5TH,,,,,38.254011478,-85.758680395,0.363,11/28/2021 12:00:00 AM,1500,2,2,0,4,CLOUDY,DRY,False,ANGLE COLLISION - OTHER,ANGLE,STRAIGHT & LEVEL,DAYLIGHT,,,11/29/2021 8:27:00 AM,False,6360,Accepted,
29363312,0568000,LOUISVILLE METRO POLICE DEPT,Accepted,JEFFERSON,,2746,VIRGINIA,AVE,,,,,,,,38.238098228,-85.800256359,0.221,11/28/2021 12:00:00 AM,1655,1,1,0,0,CLEAR,DRY,False,COLLISION IN PARKING LOT,SINGLE VEHICLE,STRAIGHT & LEVEL,DAYLIGHT,,,11/29/2021 8:27:29 AM,False,5179,Accepted,
29363320,0568000,LOUISVILLE METRO POLICE DEPT,Accepted,JEFFERSON,,,HANCOCK,ST,S,,LIBERTY,,,,,38.250910631,-85.742563649,0.174,11/28/2021 12:00:00 AM,1854,2,2,0,0,CLEAR,DRY,True,OTHER INTERSECTION COLLISIONS,REAR END,STRAIGHT & LEVEL,DUSK,,,11/29/2021 8:27:53 AM,False,7281,Accepted,
29363295,0568000,LOUISVILLE METRO POLICE DEPT,Accepted,JEFFERSON,,2908,MUHAMMAD ALI,BLVD,W,,,,,,,38.255826764,-85.799620250,2.587,11/28/2021 12:00:00 AM,0616,4,4,0,0,CLEAR,DRY,True,1 VEHICLE PARKED POSITION (NOT PARKING LOT/DRIVEWAY),SIDESWIPE-SAME DIRECTION,STRAIGHT & LEVEL,UNKNOWN,,,11/29/2021 8:26:30 AM,False,5108,Accepted,
29395531,0568000,LOUISVILLE METRO POLICE DEPT,Accepted,JEFFERSON,,,SOUTHLAND,BLVD,W,,3RD,,,,,38.171167990,-85.764724112,0.062,11/28/2021 12:00:00 AM,1040,2,2,0,1,CLEAR,DRY,False,ANGLE COLLISION - OTHER,ANGLE,STRAIGHT & LEVEL,DAYLIGHT,,,12/7/2021 8:19:19 AM,False,7472,Accepted,
29391098,0568000,LOUISVILLE METRO POLICE DEPT,Accepted,JEFFERSON,KY1020,9713,NATIONAL,TPKE,,,,,,,,38.108100519,-85.743981157,2.252,11/28/2021 12:00:00 AM,1200,1,1,0,0,,,True,OTHER ROADWAY OR MID-BLOCK COLLISION,SINGLE VEHICLE,,UNKNOWN,,,12/6/2021 8:39:55 AM,False,7252,Accepted,
29400274,0568000,LOUISVILLE METRO POLICE DEPT,Accepted,JEFFERSON,,,CRUMS,LN,S,,POPPY,,,,,38.193051210,-85.837158932,0.448,11/28/2021 12:00:00 AM,1430,2,2,0,1,CLEAR,DRY,False,OPPOSITE DIRECTION - BOTH VEHICLES GOING STRAIGHT AHEAD,SIDESWIPE-OPPOSITE DIRECTION,CURVE & LEVEL,DAYLIGHT,,,12/8/2021 8:18:16 AM,False,5272,Accepted,
29377332,0568000,LOUISVILLE METRO POLICE DEPT,Accepted,JEFFERSON,,229,CECIL,AVE,,,,,,,,38.261930644,-85.818141073,0.082,11/28/2021 12:00:00 AM,0837,2,2,0,0,CLEAR,DRY,False,1 VEHICLE PARKED POSITION (NOT PARKING LOT/DRIVEWAY),SIDESWIPE-SAME DIRECTION,STRAIGHT & LEVEL,DAYLIGHT,,,12/2/2021 8:22:42 AM,False,7363,Accepted,
29377357,0568000,LOUISVILLE METRO POLICE DEPT,Accepted,JEFFERSON,I 0064,,I64 E,,,,,,,,,38.222485193,-85.504449944,18.989,11/28/2021 12:00:00 AM,1447,1,1,0,1,CLEAR,DRY,False,OTHER ROADWAY OR MID-BLOCK COLLISION,SINGLE VEHICLE,CURVE & GRADE,DAYLIGHT,,,12/2/2021 8:24:13 AM,False,7802,Accepted,
29363319,0568000,LOUISVILLE METRO POLICE DEPT,Accepted,JEFFERSON,KY1447,,WESTPORT,RD,,,TOWNE CENTER,,,,,38.296303130,-85.553370216,6.387,11/28/2021 12:00:00 AM,1851,2,2,0,2,CLEAR,DRY,False,OPPOSING LEFT TURN,OPPOSING LEFT TURN,STRAIGHT & GRADE,DARK-HWY NOT LIGHTED,,,11/29/2021 8:27:49 AM,False,7633,Accepted,
29363292,0568000,LOUISVILLE METRO POLICE DEPT,Accepted,JEFFERSON,KY0061,,PRESTON,HWY,,,DURRETT,,,,,38.186431180,-85.724204550,7.881,11/28/2021 12:00:00 AM,0140,1,1,0,1,CLEAR,DRY,True,COLLISION WITH FIXED OBJECT IN INTERSECTION - FIRST EVENT COLLISION 09 - 32,SINGLE VEHICLE,STRAIGHT & LEVEL,DARK-HWY LIGHTED/ON,,,11/29/2021 8:26:20 AM,False,5165,Accepted,
29363293,0568000,LOUISVILLE METRO POLICE DEPT,Accepted,JEFFERSON,I 0065,,I65 N,,,,,I 0065,I65 N EXIT130 OFF RAMP TO KY61,I 0065,I65 N EXIT128 ON RAMP FROM KY1631,38.173318840,-85.720130282,129.393,11/28/2021 12:00:00 AM,0411,1,1,0,1,CLEAR,DRY,True,COLLISION WITH FIXED OBJECT NON - INTERSECTION - FIRST EVENT COLLISION 09 - 32 EXCLUDING 16,SINGLE VEHICLE,STRAIGHT & LEVEL,DARK-HWY LIGHTED/ON,,,11/29/2021 8:26:23 AM,False,5165,Accepted,
29363294,0568000,LOUISVILLE METRO POLICE DEPT,Accepted,JEFFERSON,I 0065,MM132,I65 S,,,,,,,,,38.205141943,-85.741963693,131.999,11/28/2021 12:00:00 AM,0214,2,2,0,2,CLEAR,DRY,False,1 VEHICLE PARKED POSITION (NOT PARKING LOT/DRIVEWAY),REAR END,STRAIGHT & LEVEL,DARK-HWY LIGHTED/ON,,,11/29/2021 8:26:27 AM,False,5316,Accepted,
29363309,0568000,LOUISVILLE METRO POLICE DEPT,Accepted,JEFFERSON,US0031W,2200B,DIXIE,HWY,,,,,,,,38.216951696,-85.795079147,17.191,11/28/2021 12:00:00 AM,1442,3,3,0,1,CLEAR,DRY,False,HEAD-ON COLLISION,HEAD ON,STRAIGHT & LEVEL,DAYLIGHT,,,11/29/2021 8:27:20 AM,False,5343,Accepted,
29363318,0568000,LOUISVILLE METRO POLICE DEPT,Accepted,JEFFERSON,KY1694,,BROWNSBORO,RD,,,NEW CHAMBERLAIN,,,,,38.315453801,-85.561409495,0.017,11/28/2021 12:00:00 AM,2042,2,2,0,0,CLEAR,DRY,False,ANGLE COLLISION - ONE VEHICLE TURNING LEFT,ANGLE,STRAIGHT & LEVEL,DUSK,,,11/29/2021 8:27:46 AM,False,5030,Accepted,
29363291,0568000,LOUISVILLE METRO POLICE DEPT,Accepted,JEFFERSON,I 0065,,I65 N,,,,,,,,,38.206500313,-85.745837166,132.248,11/28/2021 12:00:00 AM,0254,1,1,0,0,CLEAR,DRY,True,COLLISION WITH FIXED OBJECT NON - INTERSECTION - FIRST EVENT COLLISION 09 - 32 EXCLUDING 16,SINGLE VEHICLE,CURVE & LEVEL,DARK-HWY LIGHTED/ON,,,11/29/2021 8:26:17 AM,False,7527,Accepted,
29363316,0568000,LOUISVILLE METRO POLICE DEPT,Accepted,JEFFERSON,US0031E,,BARDSTOWN,RD,,KY1747,HURSTBOURNE,,,,,38.168960750,-85.605038993,7.245,11/28/2021 12:00:00 AM,1143,2,2,0,0,CLEAR,DRY,False,ANGLE COLLISION - OTHER,ANGLE,STRAIGHT & LEVEL,DAYLIGHT,,,11/29/2021 8:27:39 AM,False,5141,Accepted,
29363299,0568000,LOUISVILLE METRO POLICE DEPT,Accepted,JEFFERSON,US0060A,,WILLOW,AVE,,,,,CHEROKEE,,ALEXANDER,38.236338356,-85.708874728,7.170,11/27/2021 12:00:00 AM,1519,1,1,0,1,CLEAR,DRY,False,COLLISION WITH FIXED OBJECT NON - INTERSECTION - FIRST EVENT COLLISION 09 - 32 EXCLUDING 16,SINGLE VEHICLE,CURVE & LEVEL,DAYLIGHT,,,11/29/2021 8:26:43 AM,False,7129,Accepted,
29363286,0568000,LOUISVILLE METRO POLICE DEPT,Accepted,JEFFERSON,KY1020,,3RD,ST,S,,KENTUCKY,,,,,38.238764296,-85.757997814,11.600,11/27/2021 12:00:00 AM,1014,2,2,0,0,CLEAR,DRY,False,SIDESWIPE-SAME DIRECTION,SIDESWIPE-SAME DIRECTION,STRAIGHT & LEVEL,DAYLIGHT,,,11/29/2021 8:25:55 AM,False,7441,Accepted,
29370070,0566900,LOUISVILLE AIRPORT POLICE,Accepted,JEFFERSON,KY1631,,CRITTENDEN,DR,,,,,,,,38.187833585,-85.750695235,0.004,11/27/2021 12:00:00 AM,2202,1,1,0,0,CLEAR,DRY,False,COLLISION WITH FIXED OBJECT NON - INTERSECTION - FIRST EVENT COLLISION 09 - 32 EXCLUDING 16,SINGLE VEHICLE,STRAIGHT & LEVEL,DARK-HWY LIGHTED/ON,,,11/30/2021 4:01:36 PM,False,5855,Accepted,
29368165,0568000,LOUISVILLE METRO POLICE DEPT,Accepted,JEFFERSON,KY1020,,2ND,ST,S,,ST CATHERINE,,,,,38.237051008,-85.756590195,11.507,11/27/2021 12:00:00 AM,1500,2,2,0,2,CLEAR,DRY,False,ANGLE COLLISION - OTHER,ANGLE,STRAIGHT & LEVEL,DAYLIGHT,,,11/30/2021 8:13:29 AM,False,5175,Accepted,
29377355,0568000,LOUISVILLE METRO POLICE DEPT,Accepted,JEFFERSON,KY1020,,2ND,ST,S,,,,,,,38.226885063,-85.758362385,10.780,11/27/2021 12:00:00 AM,0018,2,2,0,0,CLEAR,DRY,False,SIDESWIPE COLLISION - SAME DIRECTION,SIDESWIPE-SAME DIRECTION,STRAIGHT & LEVEL,DARK (UNKNOWN ROADWAY LIGHTING),,,12/2/2021 8:24:05 AM,False,5050,Accepted,
29372733,0560600,WEST BUECHEL POLICE DEPT.,Accepted,JEFFERSON,,,ADELE,AVE,,,BASHFORD MANOR,,,,,38.201810132,-85.667973047,0.038,11/27/2021 12:00:00 AM,2220,2,2,0,2,CLEAR,DRY,False,HEAD-ON COLLISION,HEAD ON,STRAIGHT & LEVEL,DARK-HWY LIGHTED/ON,,,12/1/2021 8:33:08 AM,False,1300,Accepted,
29359127,0560300,ST. MATTHEWS POLICE DEPARTMENT,Accepted,JEFFERSON,US0060,5000,SHELBYVILLE,RD,,,TEN PIN,,,,,38.250025847,-85.623702116,5.307,11/27/2021 12:00:00 AM,2004,2,2,0,0,CLEAR,DRY,True,OTHER INTERSECTION COLLISIONS,REAR TO REAR,STRAIGHT & LEVEL,DARK-HWY LIGHTED/ON,,,11/27/2021 11:16:10 PM,False,9187,Accepted,
29359138,0560300,ST. MATTHEWS POLICE DEPARTMENT,Accepted,JEFFERSON,US0060,5000,SHELBYVILLE,RD,,,,,,,,38.249216565,-85.623446207,,11/27/2021 12:00:00 AM,0120,1,1,0,0,CLEAR,DRY,False,COLLISION WITH FIXED OBJECT NON - INTERSECTION - FIRST EVENT COLLISION 09 - 32 EXCLUDING 16,SINGLE VEHICLE,CURVE & LEVEL,DARK-HWY LIGHTED/ON,,,11/27/2021 11:20:31 PM,False,9188,Accepted,
29363267,0568000,LOUISVILLE METRO POLICE DEPT,Accepted,JEFFERSON,,,6TH,ST,S,US0031W,MARKET,,,,,38.255590680,-85.760097417,0.096,11/27/2021 12:00:00 AM,0739,2,2,0,0,CLOUDY,DRY,False,ANGLE COLLISION - OTHER,ANGLE,STRAIGHT & LEVEL,DAYLIGHT,,,11/29/2021 8:24:58 AM,False,7987,Accepted,
29363276,0568000,LOUISVILLE METRO POLICE DEPT,Accepted,JEFFERSON,KY0061,,PRESTON,ST,S,,LIBERTY,,,,,38.251359777,-85.746650978,12.671,11/27/2021 12:00:00 AM,1044,2,2,0,0,CLEAR,DRY,False,ANGLE COLLISION - OTHER,ANGLE,STRAIGHT & LEVEL,DAYLIGHT,,,11/29/2021 8:25:15 AM,False,7239,Accepted,
29363277,0568000,LOUISVILLE METRO POLICE DEPT,Accepted,JEFFERSON,KY1020,,2ND,ST,S,,HILL,,,,,38.225670389,-85.758603913,10.692,11/27/2021 12:00:00 AM,0928,3,3,0,1,CLEAR,DRY,False,SIDESWIPE-SAME DIRECTION,SIDESWIPE-SAME DIRECTION,STRAIGHT & LEVEL,DAYLIGHT,,,11/29/2021 8:25:20 AM,False,7132,Accepted,
29363284,0568000,LOUISVILLE METRO POLICE DEPT,Accepted,JEFFERSON,,,LOWER HUNTERS,TRCE,,,,,,,,38.161605219,-85.855272591,1.215,11/27/2021 12:00:00 AM,1400,2,2,0,1,CLEAR,DRY,False,OTHER ROADWAY OR MID-BLOCK COLLISION,OPPOSING LEFT TURN,STRAIGHT & LEVEL,DAYLIGHT,,,11/29/2021 8:25:49 AM,False,5400,Accepted,
29400300,0568000,LOUISVILLE METRO POLICE DEPT,Accepted,JEFFERSON,I 0064,,I64 W,,,,,,,,,38.258958789,-85.758366451,4.203,11/27/2021 12:00:00 AM,2210,2,2,0,0,CLEAR,DRY,False,SIDESWIPE COLLISION - SAME DIRECTION,SIDESWIPE-SAME DIRECTION,STRAIGHT & LEVEL,DARK-HWY LIGHTED/ON,,,12/8/2021 8:19:54 AM,False,5371,Accepted,
29363265,0568000,LOUISVILLE METRO POLICE DEPT,Accepted,JEFFERSON,KY0864,,POPLAR LEVEL,RD,,KY2052,SHEPHERDSVILLE,,,,,38.159989534,-85.659971194,7.425,11/27/2021 12:00:00 AM,0545,2,2,0,3,CLEAR,DRY,False,ANGLE COLLISION - OTHER,ANGLE,STRAIGHT & LEVEL,DARK (UNKNOWN ROADWAY LIGHTING),,,11/29/2021 8:24:51 AM,False,5153,Accepted,
29363289,0568000,LOUISVILLE METRO POLICE DEPT,Accepted,JEFFERSON,KY1865,5213,NEW CUT,RD,,,,,,,,38.161458688,-85.779137366,3.764,11/27/2021 12:00:00 AM,2209,2,2,0,2,CLEAR,DRY,True,REAR END IN TRAFFIC LANES BOTH VEHICLES MOVING,REAR END,CURVE & LEVEL,DARK-HWY LIGHTED/ON,,,11/29/2021 8:26:08 AM,False,5312,Accepted,
29363279,0568000,LOUISVILLE METRO POLICE DEPT,Accepted,JEFFERSON,US0060,13900,SHELBYVILLE,RD,,,,,,,,38.240435426,-85.493328946,12.568,11/27/2021 12:00:00 AM,1320,1,1,0,1,CLEAR,DRY,False,COLLISION IN PARKING LOT,SINGLE VEHICLE,STRAIGHT & LEVEL,DAYLIGHT,,,11/29/2021 8:25:30 AM,False,7802,Accepted,
29363287,0568000,LOUISVILLE METRO POLICE DEPT,Accepted,JEFFERSON,,2301,4TH,ST,S,,,,,,,38.215994387,-85.763783674,2.830,11/27/2021 12:00:00 AM,1436,2,2,0,1,CLEAR,DRY,True,OTHER ROADWAY OR MID-BLOCK COLLISION,REAR END,STRAIGHT & LEVEL,DAYLIGHT,,,11/29/2021 8:25:58 AM,False,7441,Accepted,
29363321,0568000,LOUISVILLE METRO POLICE DEPT,Accepted,JEFFERSON,KY1065,8807,BEULAH CHURCH,RD,,,,,,,,38.141590807,-85.597950216,10.946,11/27/2021 12:00:00 AM,0015,1,1,0,0,CLEAR,DRY,False,COLLISION WITH FIXED OBJECT NON - INTERSECTION - FIRST EVENT COLLISION 09 - 32 EXCLUDING 16,SINGLE VEHICLE,CURVE & LEVEL,DARK (UNKNOWN ROADWAY LIGHTING),,,11/29/2021 8:27:56 AM,False,5404,Accepted,
29363297,0568000,LOUISVILLE METRO POLICE DEPT,Accepted,JEFFERSON,US0031E,,BARDSTOWN,RD,,,FERN CREEK,,,,,38.158093231,-85.591175500,6.145,11/27/2021 12:00:00 AM,1836,2,2,0,1,CLEAR,DRY,False,SIDESWIPE-SAME DIRECTION,SIDESWIPE-SAME DIRECTION,STRAIGHT & LEVEL,DARK (UNKNOWN ROADWAY LIGHTING),,,11/29/2021 8:26:37 AM,False,7465,Accepted,
29363282,0568000,LOUISVILLE METRO POLICE DEPT,Accepted,JEFFERSON,,7601,TRADE PORT,DR,,,,,,,,38.126262013,-85.896998667,0.062,11/27/2021 12:00:00 AM,1358,2,2,0,3,CLEAR,DRY,False,COLLISION IN PARKING LOT,ANGLE,STRAIGHT & LEVEL,DAYLIGHT,,,11/29/2021 8:25:42 AM,False,2311,Accepted,