IncidentID,AgencyORI,AgencyName,IncidentStatusDesc,County,RdwyNumber,Street,RoadwayName,StreetSfx,StreetDir,IntersectionRdwy,IntersectionRdwyName,BetweenStRdwy1,BetweenStRdwyName1,BetweenStRdwy2,BetweenStRdwyName2,Latitude,Longitude,Milepoint,CollisionDate,CollisionTime,UnitsInvolved,MotorVehiclesInvolved,NumberKilled,NumberInjured,Weather,RdwyConditionCode,HitandRun,DirAnalysisCode,MannerofCollision,RdwyCharacter,LightCondition,RampFromRdwyId,RampToRdwyId,AcceptedDate,IsSecondaryCollision,OwnerBadge,IncidentStatus,
29363262,0568000,LOUISVILLE METRO POLICE DEPT,Accepted,JEFFERSON,,,4TH,ST,S,,,,IOWA,,M,38.208340243,-85.765049356,3.291,11/27/2021 12:00:00 AM,0450,2,2,0,1,CLOUDY,DRY,False,1 VEHICLE PARKED POSITION (NOT PARKING LOT/DRIVEWAY),SIDESWIPE-SAME DIRECTION,STRAIGHT & LEVEL,DARK-HWY LIGHTED/ON,,,11/29/2021 8:24:43 AM,False,5316,Accepted,
29372840,0564400,INDIAN HILLS POLICE DEPARTMENT,Accepted,JEFFERSON,US0042,4601,BROWNSBORO,RD,,,,,,,,38.274235120,-85.645431929,5.148,11/27/2021 12:00:00 AM,,2,2,0,0,CLEAR,DRY,True,REAR END IN TRAFFIC LANES BOTH VEHICLES MOVING,REAR END,STRAIGHT & LEVEL,DAYLIGHT,,,12/1/2021 8:52:27 AM,False,4415,Accepted,
29417550,0568000,LOUISVILLE METRO POLICE DEPT,Accepted,JEFFERSON,,,PRESTON,ST,S,KY0061,JACKSON,,,,,38.227829738,-85.750595772,0.283,11/26/2021 12:00:00 AM,1636,2,2,0,5,CLEAR,DRY,False,ANGLE COLLISION - OTHER,ANGLE,STRAIGHT & LEVEL,DAYLIGHT,,,12/13/2021 8:30:21 AM,False,5301,Accepted,
29368185,0568000,LOUISVILLE METRO POLICE DEPT,Accepted,JEFFERSON,I 0064,,I64 W,,,,,I 0064,I64 W EXIT5 OFF RAMP TO  N  3RD ST,I 0064,I64 W RAMP FROM I65,38.258990885,-85.749560197,4.742,11/26/2021 12:00:00 AM,0245,1,1,0,1,CLEAR,DRY,False,OTHER ROADWAY OR MID-BLOCK COLLISION,SINGLE VEHICLE,STRAIGHT & LEVEL,DARK-HWY LIGHTED/ON,,,11/30/2021 8:14:42 AM,False,5341,Accepted,
29363263,0568000,LOUISVILLE METRO POLICE DEPT,Accepted,JEFFERSON,KY0061,,PRESTON,HWY,,,,,BATES,,HUNTINGTON,38.141695469,-85.688528788,4.196,11/26/2021 12:00:00 AM,0909,2,2,0,0,CLEAR,DRY,False,SIDESWIPE COLLISION - OPPOSITE DIRECTION,SIDESWIPE-OPPOSITE DIRECTION,STRAIGHT & LEVEL,DAYLIGHT,,,11/29/2021 8:24:46 AM,False,7669,Accepted,
29363253,0568000,LOUISVILLE METRO POLICE DEPT,Accepted,JEFFERSON,KY0841,,GENE SNYDER,FWY,,,,,,,,38.118062178,-85.739001513,8.149,11/26/2021 12:00:00 AM,1815,2,2,0,0,CLEAR,DRY,False,REAR END IN TRAFFIC LANES BOTH VEHICLES MOVING,REAR END,STRAIGHT & LEVEL,DARK-HWY NOT LIGHTED,,,11/29/2021 8:24:15 AM,False,5400,Accepted,
29363281,0568000,LOUISVILLE METRO POLICE DEPT,Accepted,JEFFERSON,US0031W,,DIXIE,HWY,,KY0907,VALLEY STATION,,,,,38.107704385,-85.866653029,8.629,11/26/2021 12:00:00 AM,1745,3,3,0,2,CLEAR,DRY,False,OTHER INTERSECTION COLLISIONS,REAR END,STRAIGHT & LEVEL,DARK-HWY NOT LIGHTED,,,11/29/2021 8:25:38 AM,False,2311,Accepted,
29363273,0568000,LOUISVILLE METRO POLICE DEPT,Accepted,JEFFERSON,KY1447,,WESTPORT,RD,,,SPRINGHURST,,,,,38.294554289,-85.557603991,6.133,11/26/2021 12:00:00 AM,1757,2,2,0,0,CLEAR,DRY,False,ANGLE COLLISION - OTHER,ANGLE,STRAIGHT & GRADE,DAYLIGHT,,,11/29/2021 8:25:12 AM,False,7436,Accepted,
29363288,0568000,LOUISVILLE METRO POLICE DEPT,Accepted,JEFFERSON,KY0061,,PRESTON,HWY,,,HUNTINGTON,,,,,38.141717281,-85.688510419,4.198,11/26/2021 12:00:00 AM,2116,2,2,0,0,CLEAR,DRY,False,ANGLE COLLISION - OTHER,ANGLE,STRAIGHT & LEVEL,DARK-HWY LIGHTED/ON,,,11/29/2021 8:26:04 AM,False,7100,Accepted,
29363306,0568000,LOUISVILLE METRO POLICE DEPT,Accepted,JEFFERSON,,8020,WHITE CEDAR,DR,,,,,,,,38.133869002,-85.663193359,0.009,11/26/2021 12:00:00 AM,1415,1,1,0,0,CLOUDY,DRY,False,OTHER ROADWAY OR MID-BLOCK COLLISION,SINGLE VEHICLE,STRAIGHT & LEVEL,DAYLIGHT,,,11/29/2021 8:27:08 AM,False,7484,Accepted,
29363307,0568000,LOUISVILLE METRO POLICE DEPT,Accepted,JEFFERSON,,5648,SOUTHERN,PKWY,,,,,,,,38.174214691,-85.775673935,0.654,11/26/2021 12:00:00 AM,1817,2,2,0,2,CLEAR,DRY,False,SIDESWIPE COLLISION - SAME DIRECTION,SIDESWIPE-SAME DIRECTION,STRAIGHT & LEVEL,DARK-HWY NOT LIGHTED,,,11/29/2021 8:27:11 AM,False,7472,Accepted,
29395523,0568000,LOUISVILLE METRO POLICE DEPT,Accepted,JEFFERSON,KY1932,3077,BRECKENRIDGE,LN,,,,,,,,38.216611509,-85.626992056,2.564,11/26/2021 12:00:00 AM,1145,2,2,0,0,CLEAR,DRY,False,COLLISION IN PARKING LOT,REAR TO REAR,STRAIGHT & LEVEL,DAYLIGHT,,,12/7/2021 8:18:59 AM,False,7739,Accepted,
29363278,0568000,LOUISVILLE METRO POLICE DEPT,Accepted,JEFFERSON,,,MARKET,ST,W,,,,,,,38.260648917,-85.804402278,0.985,11/26/2021 12:00:00 AM,1155,2,2,0,3,CLEAR,DRY,True,1 VEHICLE ENTERING/LEAVING ENTRANCE,ANGLE,STRAIGHT & LEVEL,DAYLIGHT,,,11/29/2021 8:25:26 AM,False,5148,Accepted,
29363285,0568000,LOUISVILLE METRO POLICE DEPT,Accepted,JEFFERSON,I 0064,,,,,,,,,,,38.238620790,-85.620442488,0.490,11/26/2021 12:00:00 AM,1404,2,2,0,3,CLOUDY,DRY,False,OTHER RAMP RELATED COLLISIONS NOT LISTED ABOVE,REAR END,STRAIGHT & GRADE,DAYLIGHT,I 0064,I 0264,11/29/2021 8:25:52 AM,False,6456,Accepted,
29363251,0568000,LOUISVILLE METRO POLICE DEPT,Accepted,JEFFERSON,I 0264,,I264 W,,,,,,,,,38.211323414,-85.671177063,15.680,11/26/2021 12:00:00 AM,1224,3,3,0,2,CLEAR,DRY,False,1 VEHICLE ENTERING/LEAVING ENTRANCE,ANGLE,STRAIGHT & LEVEL,DAYLIGHT,,,11/29/2021 8:24:07 AM,False,7306,Accepted,
29363236,0568000,LOUISVILLE METRO POLICE DEPT,Accepted,JEFFERSON,I 0265,,,,,,,,,,,38.146725659,-85.548535150,0.153,11/26/2021 12:00:00 AM,0309,1,1,0,1,CLEAR,DRY,False,COLLISION WITH FIXED OBJECT NOT IN GORE ,SINGLE VEHICLE,CURVE & GRADE,DARK-HWY LIGHTED/OFF,KY1819,I 0265,11/29/2021 8:23:16 AM,False,5169,Accepted,
29355672,0560300,ST. MATTHEWS POLICE DEPARTMENT,Accepted,JEFFERSON,US0060,,SHELBYVILLE,RD,,,,,,,,38.250219600,-85.621989959,5.390,11/26/2021 12:00:00 AM,1238,2,2,0,0,CLEAR,DRY,True,SIDESWIPE COLLISION - SAME DIRECTION,SIDESWIPE-SAME DIRECTION,STRAIGHT & LEVEL,DAYLIGHT,,,11/26/2021 4:17:10 PM,False,9140,Accepted,
29355675,0560300,ST. MATTHEWS POLICE DEPARTMENT,Accepted,JEFFERSON,US0060,5000,SHELBYVILLE,RD,,,,,,,,38.250028138,-85.619673901,5.517,11/26/2021 12:00:00 AM,1430,2,2,0,0,CLEAR,DRY,False,1 VEHICLE ENTERING/LEAVING ENTRANCE,ANGLE,STRAIGHT & LEVEL,DAYLIGHT,,,11/26/2021 4:17:23 PM,False,9155,Accepted,
29355711,0561000,JEFFERSONTOWN POLICE DEPT,Accepted,JEFFERSON,KY1747,,HURSTBOURNE,PKWY,S,,,I 0064,I64 E EXIT15 ON RAMP FROM KY1747 N,KY6159,BLUEGRASS PKWY ACCESS,38.221197320,-85.580000555,11.737,11/26/2021 12:00:00 AM,1455,2,2,0,0,CLEAR,DRY,False,REAR END IN TRAFFIC LANES BOTH VEHICLES MOVING,REAR END,STRAIGHT & LEVEL,DAYLIGHT,,,11/26/2021 4:40:27 PM,False,8287,Accepted,
29363317,0568000,LOUISVILLE METRO POLICE DEPT,Accepted,JEFFERSON,,,WOODLAWN,AVE,E,,,,,,,38.181219434,-85.762921824,0.001,11/26/2021 12:00:00 AM,2007,2,2,0,0,CLEAR,DRY,False,1 VEHICLE ENTERING/LEAVING ENTRANCE,ANGLE,STRAIGHT & LEVEL,DARK-HWY LIGHTED/ON,,,11/29/2021 8:27:43 AM,False,7376,Accepted,
29363266,0568000,LOUISVILLE METRO POLICE DEPT,Accepted,JEFFERSON,,1821,BURNETT,AVE,W,,,,,,,38.230986177,-85.793419710,0.929,11/26/2021 12:00:00 AM,2325,2,2,0,0,CLEAR,DRY,True,1 VEHICLE PARKED POSITION (NOT PARKING LOT/DRIVEWAY),REAR END,STRAIGHT & LEVEL,DARK-HWY LIGHTED/ON,,,11/29/2021 8:24:55 AM,False,5261,Accepted,
29363252,0568000,LOUISVILLE METRO POLICE DEPT,Accepted,JEFFERSON,KY2054,,ALGONQUIN,PKWY,,,35TH,,,,,38.224922313,-85.814202102,0.449,11/26/2021 12:00:00 AM,1053,2,2,0,2,CLEAR,DRY,False,OTHER INTERSECTION COLLISIONS,REAR END,STRAIGHT & LEVEL,DAYLIGHT,,,11/29/2021 8:24:12 AM,False,5343,Accepted,
29363259,0568000,LOUISVILLE METRO POLICE DEPT,Accepted,JEFFERSON,,,WINTER,AVE,,,OAK,,,,,38.235736542,-85.727706785,0.288,11/26/2021 12:00:00 AM,2236,2,2,0,0,CLEAR,DRY,False,ANGLE COLLISION - OTHER,ANGLE,STRAIGHT & LEVEL,DARK-HWY LIGHTED/ON,,,11/29/2021 8:24:37 AM,False,5250,Accepted,
29363308,0568000,LOUISVILLE METRO POLICE DEPT,Accepted,JEFFERSON,KY1747,,HURSTBOURNE,PKWY,S,,HURSTBOURNE,,,,,38.217637098,-85.587084754,11.290,11/26/2021 12:00:00 AM,1337,2,2,0,1,CLEAR,DRY,False,ANGLE COLLISION - OTHER,ANGLE,STRAIGHT & LEVEL,DAYLIGHT,,,11/29/2021 8:27:15 AM,False,5247,Accepted,
29363269,0568000,LOUISVILLE METRO POLICE DEPT,Accepted,JEFFERSON,,3040,WOODLAND,AVE,,,,,,,,38.234544669,-85.805811968,0.868,11/26/2021 12:00:00 AM,1817,3,3,0,0,CLEAR,DRY,False,1 VEHICLE PARKED POSITION (NOT PARKING LOT/DRIVEWAY),SIDESWIPE-SAME DIRECTION,STRAIGHT & LEVEL,DARK-HWY NOT LIGHTED,,,11/29/2021 8:25:07 AM,False,5273,Accepted,
29363301,0568000,LOUISVILLE METRO POLICE DEPT,Accepted,JEFFERSON,,653,42ND,ST,S,,,,,,,38.253283603,-85.822161187,0.573,11/25/2021 12:00:00 AM,0949,2,2,0,0,CLEAR,DRY,False,1 VEHICLE ENTERING/LEAVING ENTRANCE,ANGLE,STRAIGHT & LEVEL,DAYLIGHT,,,11/29/2021 8:26:49 AM,False,5257,Accepted,
29368156,0568000,LOUISVILLE METRO POLICE DEPT,Accepted,JEFFERSON,KY2053,,THIXTON,LN,,,,,RISEN,,CEDAR CREEK,38.079476900,-85.617264580,3.211,11/25/2021 12:00:00 AM,1321,1,1,0,0,RAINING,WET,False,RAN OFF ROADWAY (1 VEHICLE WITH/EARTH EMBANKMENT/DITCH),SINGLE VEHICLE,CURVE & LEVEL,DAYLIGHT,,,11/30/2021 8:12:57 AM,True,2321,Accepted,
29368157,0568000,LOUISVILLE METRO POLICE DEPT,Accepted,JEFFERSON,I 0064,,I64 E,,,,,I 0064,I64 E EXIT6 RAMP TO I71 N,I 0064,I64 E EXIT7 OFF RAMP TO  STORY AVE,38.259785585,-85.724992580,6.421,11/25/2021 12:00:00 AM,1410,1,1,0,0,RAINING,WET,False,OTHER ROADWAY OR MID-BLOCK COLLISION,SINGLE VEHICLE,CURVE & LEVEL,DAYLIGHT,,,11/30/2021 8:13:00 AM,False,7058,Accepted,
29372686,0568000,LOUISVILLE METRO POLICE DEPT,Accepted,JEFFERSON,,9115,FERN CREEK,RD,,,,,,,,38.157178308,-85.591526545,0.717,11/25/2021 12:00:00 AM,1200,1,1,0,0,RAINING,WET,False,COLLISION IN PARKING LOT,SINGLE VEHICLE,STRAIGHT & LEVEL,DAYLIGHT,,,12/1/2021 8:29:41 AM,False,2089,Accepted,
29353401,0561000,JEFFERSONTOWN POLICE DEPT,Accepted,JEFFERSON,I 0064,,I64 W,,,,,,,,,38.223943329,-85.539997728,16.993,11/25/2021 12:00:00 AM,1053,2,2,0,1,RAINING,WET,False,1 VEHICLE ENTERING/LEAVING ENTRANCE,ANGLE,STRAIGHT & LEVEL,DAYLIGHT,,,11/25/2021 2:10:37 PM,False,8309,Accepted,
29363216,0568000,LOUISVILLE METRO POLICE DEPT,Accepted,JEFFERSON,,,AIKEN,RD,,,,,,,,38.262825223,-85.489906143,2.049,11/25/2021 12:00:00 AM,0805,1,1,0,0,RAINING,WET,False,COLLISION WITH FIXED OBJECT NON - INTERSECTION - FIRST EVENT COLLISION 09 - 32 EXCLUDING 16,SINGLE VEHICLE,CURVE & GRADE,DAYLIGHT,,,11/29/2021 8:22:01 AM,False,2346,Accepted,
29363257,0568000,LOUISVILLE METRO POLICE DEPT,Accepted,JEFFERSON,I 0065,,I65 S,,,,,,,,,38.209985717,-85.752907326,132.744,11/25/2021 12:00:00 AM,0447,2,2,0,0,CLEAR,DRY,False,REAR END IN TRAFFIC LANES BOTH VEHICLES MOVING,REAR END,STRAIGHT & LEVEL,DARK-HWY LIGHTED/ON,,,11/29/2021 8:24:33 AM,False,5213,Accepted,
29363219,0568000,LOUISVILLE METRO POLICE DEPT,Accepted,JEFFERSON,KY1020,5302,SOUTHSIDE,DR,,,,,,,,38.171069483,-85.764788768,6.969,11/25/2021 12:00:00 AM,1058,2,2,0,0,RAINING,WET,False,1 VEHICLE PARKED POSITION (NOT PARKING LOT/DRIVEWAY),ANGLE,STRAIGHT & LEVEL,DAYLIGHT,,,11/29/2021 8:22:12 AM,False,5402,Accepted,
29363224,0568000,LOUISVILLE METRO POLICE DEPT,Accepted,JEFFERSON,KY2053,9110,THIXTON,LN,,,,,,,,38.089661860,-85.593864166,5.077,11/25/2021 12:00:00 AM,1357,2,2,0,0,RAINING,WET,False,HEAD-ON COLLISION,HEAD ON,CURVE & LEVEL,DAYLIGHT,,,11/29/2021 8:22:33 AM,False,2089,Accepted,
29363225,0568000,LOUISVILLE METRO POLICE DEPT,Accepted,JEFFERSON,I 0065,,,,,,,,,,,38.192117330,-85.729961030,1.251,11/25/2021 12:00:00 AM,1547,1,1,0,1,RAINING,WET,False,OTHER RAMP RELATED COLLISIONS NOT LISTED ABOVE,SINGLE VEHICLE,CURVE & GRADE,DAYLIGHT,I 0065,I 0264,11/29/2021 8:22:37 AM,False,5037,Accepted,
29363226,0568000,LOUISVILLE METRO POLICE DEPT,Accepted,JEFFERSON,KY1020,,SOUTHSIDE,DR,,KY1020,NATIONAL,,,,,38.152892950,-85.765619598,5.704,11/25/2021 12:00:00 AM,1640,2,2,0,0,CLOUDY,WET,True,HEAD-ON COLLISION,HEAD ON,STRAIGHT & LEVEL,DUSK,,,11/29/2021 8:22:40 AM,False,5402,Accepted,
29363211,0568000,LOUISVILLE METRO POLICE DEPT,Accepted,JEFFERSON,,3520,RIVER PARK,DR,,,,,,,,38.254796591,-85.810434963,0.905,11/25/2021 12:00:00 AM,0512,2,2,0,0,CLEAR,DRY,False,1 VEHICLE PARKED POSITION (NOT PARKING LOT/DRIVEWAY),HEAD ON,STRAIGHT & LEVEL,DARK-HWY LIGHTED/ON,,,11/29/2021 8:21:44 AM,False,5216,Accepted,
29363227,0568000,LOUISVILLE METRO POLICE DEPT,Accepted,JEFFERSON,I 0065,,I65 N,,,,,,,,,38.208942458,-85.752481803,132.675,11/25/2021 12:00:00 AM,0830,1,1,0,0,RAINING,WET,False,OTHER ROADWAY OR MID-BLOCK COLLISION,SINGLE VEHICLE,STRAIGHT & LEVEL,OTHER,,,11/29/2021 8:22:43 AM,False,5120,Accepted,
29363233,0568000,LOUISVILLE METRO POLICE DEPT,Accepted,JEFFERSON,,8002,CRITTENDEN,DR,,,,,,,,38.153799194,-85.742343990,3.353,11/25/2021 12:00:00 AM,0059,1,1,0,4,CLEAR,DRY,False,COLLISION WITH FIXED OBJECT NON - INTERSECTION - FIRST EVENT COLLISION 09 - 32 EXCLUDING 16,SINGLE VEHICLE,CURVE & LEVEL,DARK-HWY LIGHTED/ON,,,11/29/2021 8:23:05 AM,False,5269,Accepted,
29363234,0568000,LOUISVILLE METRO POLICE DEPT,Accepted,JEFFERSON,,,SENECA,TRL,,,3RD,,,,,38.163323329,-85.769535961,0.381,11/25/2021 12:00:00 AM,2246,2,1,0,1,CLEAR,WET,True,COLLISION WITH PEDESTRIAN IN INTERSECTION,SINGLE VEHICLE,CURVE & LEVEL,DARK-HWY LIGHTED/ON,,,11/29/2021 8:23:09 AM,False,7362,Accepted,
29363235,0568000,LOUISVILLE METRO POLICE DEPT,Accepted,JEFFERSON,KY0061,,JACKSON,ST,S,,MUHAMMAD ALI,,,,,38.249753805,-85.744789360,12.611,11/25/2021 12:00:00 AM,1925,2,2,0,0,CLEAR,DRY,False,ANGLE COLLISION - OTHER,ANGLE,STRAIGHT & LEVEL,DARK-HWY NOT LIGHTED,,,11/29/2021 8:23:12 AM,False,7386,Accepted,
29363242,0568000,LOUISVILLE METRO POLICE DEPT,Accepted,JEFFERSON,KY1747,,FERN VALLEY,RD,,,FERN GRADE,,,,,38.157798488,-85.725753127,0.337,11/25/2021 12:00:00 AM,2056,2,2,0,0,CLEAR,DRY,True,ANGLE COLLISION - OTHER,ANGLE,STRAIGHT & LEVEL,DARK-HWY LIGHTED/ON,,,11/29/2021 8:23:36 AM,False,5264,Accepted,
29363243,0568000,LOUISVILLE METRO POLICE DEPT,Accepted,JEFFERSON,US0060,,SHELBYVILLE,RD,,,BECKLEY STATION,,,,,38.238910364,-85.488312092,12.896,11/25/2021 12:00:00 AM,2106,2,2,0,0,CLOUDY,WET,False,OTHER INTERSECTION COLLISIONS,REAR END,STRAIGHT & LEVEL,DARK-HWY LIGHTED/ON,,,11/29/2021 8:23:40 AM,False,5329,Accepted,
29363212,0568000,LOUISVILLE METRO POLICE DEPT,Accepted,JEFFERSON,US0031E,,MAIN,ST,E,,,,WENZEL,US0031E,BAXTER,38.254038415,-85.732571390,16.736,11/25/2021 12:00:00 AM,0347,1,1,0,1,CLEAR,DRY,False,COLLISION WITH FIXED OBJECT NON - INTERSECTION - FIRST EVENT COLLISION 09 - 32 EXCLUDING 16,SINGLE VEHICLE,CURVE & LEVEL,DARK-HWY LIGHTED/ON,,,11/29/2021 8:21:48 AM,False,5311,Accepted,
29363256,0568000,LOUISVILLE METRO POLICE DEPT,Accepted,JEFFERSON,I 0065,,I65 S,,,,,,,,,38.216893815,-85.752138658,133.267,11/25/2021 12:00:00 AM,0435,4,4,0,0,CLEAR,DRY,False,SIDESWIPE COLLISION - SAME DIRECTION,SIDESWIPE-SAME DIRECTION,STRAIGHT & LEVEL,DARK-HWY NOT LIGHTED,,,11/29/2021 8:24:28 AM,False,5213,Accepted,
29363240,0568000,LOUISVILLE METRO POLICE DEPT,Accepted,JEFFERSON,,,26TH,ST,N,,ST XAVIER,,,,,38.268170723,-85.791685148,0.523,11/25/2021 12:00:00 AM,2209,2,2,0,3,CLEAR,WET,True,ANGLE COLLISION - OTHER,ANGLE,STRAIGHT & LEVEL,DARK-HWY LIGHTED/ON,,,11/29/2021 8:23:29 AM,False,5331,Accepted,
29363213,0568000,LOUISVILLE METRO POLICE DEPT,Accepted,JEFFERSON,US0060A,,LEXINGTON,RD,,US0060A,GRINSTEAD,,,,,38.245622548,-85.701257087,8.027,11/25/2021 12:00:00 AM,0348,2,2,0,1,CLEAR,DRY,True,OTHER INTERSECTION COLLISIONS,REAR END,STRAIGHT & LEVEL,DARK-HWY LIGHTED/ON,,,11/29/2021 8:21:51 AM,False,5104,Accepted,
29363220,0568000,LOUISVILLE METRO POLICE DEPT,Accepted,JEFFERSON,,7501,ARNOLDTOWN,RD,,,,,,,,38.139877006,-85.821594612,0.681,11/25/2021 12:00:00 AM,1310,1,1,0,0,RAINING,WET,False,COLLISION WITH FIXED OBJECT NON - INTERSECTION - FIRST EVENT COLLISION 09 - 32 EXCLUDING 16,SINGLE VEHICLE,CURVE & GRADE,DAYLIGHT,,,11/29/2021 8:22:16 AM,False,7263,Accepted,
29363221,0568000,LOUISVILLE METRO POLICE DEPT,Accepted,JEFFERSON,,,VALLEY STATION,RD,,KY0907,3RD ST,,,,,38.107291795,-85.841501790,,11/25/2021 12:00:00 AM,1142,3,3,0,0,RAINING,WET,False,ANGLE COLLISION - OTHER,ANGLE,STRAIGHT & LEVEL,DAYLIGHT,,,11/29/2021 8:22:20 AM,False,7174,Accepted,
29363223,0568000,LOUISVILLE METRO POLICE DEPT,Accepted,JEFFERSON,KY1065,,OUTER,LOOP,,,,,,,,38.134906719,-85.719209943,4.228,11/25/2021 12:00:00 AM,1300,2,2,0,1,RAINING,WET,False,1 VEHICLE ENTERING/LEAVING ENTRANCE,ANGLE,STRAIGHT & LEVEL,DAYLIGHT,,,11/29/2021 8:22:29 AM,False,4693,Accepted,
29363231,0568000,LOUISVILLE METRO POLICE DEPT,Accepted,JEFFERSON,,,STONESTREET,RD,,KY0907,3RD ST,,,,,38.113046197,-85.837021335,1.207,11/25/2021 12:00:00 AM,1310,2,2,0,1,RAINING,WET,False,OPPOSING LEFT TURN,OPPOSING LEFT TURN,STRAIGHT & LEVEL,DAYLIGHT,,,11/29/2021 8:22:57 AM,True,5394,Accepted,
29363237,0568000,LOUISVILLE METRO POLICE DEPT,Accepted,JEFFERSON,,10103,SEATONVILLE,RD,,,,,,,,38.148004903,-85.573003175,0.424,11/25/2021 12:00:00 AM,2050,1,1,0,0,CLEAR,WET,False,OTHER COLLISIONS ON SHOULDER,SINGLE VEHICLE,STRAIGHT & LEVEL,DARK-HWY LIGHTED/ON,,,11/29/2021 8:23:19 AM,False,5403,Accepted,
29363238,0568000,LOUISVILLE METRO POLICE DEPT,Accepted,JEFFERSON,KY2052,5600,SHEPHERDSVILLE,RD,,,,,,,,38.162743557,-85.661502553,1.653,11/25/2021 12:00:00 AM,2330,1,1,0,0,CLEAR,DRY,False,COLLISION IN PARKING LOT,SINGLE VEHICLE,STRAIGHT & LEVEL,DARK-HWY LIGHTED/ON,,,11/29/2021 8:23:22 AM,False,7948,Accepted,
29363239,0568000,LOUISVILLE METRO POLICE DEPT,Accepted,JEFFERSON,US0031E,,BARDSTOWN,RD,,KY1747,HURSTBOURNE,,,,,38.169072548,-85.605196482,7.235,11/25/2021 12:00:00 AM,2326,2,2,0,0,CLEAR,DRY,True,ANGLE COLLISION - OTHER,ANGLE,STRAIGHT & LEVEL,DARK-HWY LIGHTED/ON,,,11/29/2021 8:23:25 AM,False,5299,Accepted,
29363245,0568000,LOUISVILLE METRO POLICE DEPT,Accepted,JEFFERSON,KY1934,,CANE RUN,RD,,,,,,,,38.207360553,-85.826885972,9.970,11/25/2021 12:00:00 AM,2244,2,2,0,0,CLEAR,DRY,False,OTHER ROADWAY OR MID-BLOCK COLLISION,REAR END,STRAIGHT & LEVEL,DARK-HWY LIGHTED/ON,,,11/29/2021 8:23:47 AM,False,5325,Accepted,
29363229,0568000,LOUISVILLE METRO POLICE DEPT,Accepted,JEFFERSON,,,MAPLE,ST,,,15TH,,,,,38.246053052,-85.776877564,0.075,11/25/2021 12:00:00 AM,1108,2,2,0,0,RAINING,WATER (STANDING OR MOVING),True,ANGLE COLLISION - OTHER,ANGLE,STRAIGHT & LEVEL,DAYLIGHT,,,11/29/2021 8:22:50 AM,False,5032,Accepted,
29363230,0568000,LOUISVILLE METRO POLICE DEPT,Accepted,JEFFERSON,,,BROOK,ST,S,,MUHAMMAD ALI,,,,,38.250485817,-85.751531403,3.196,11/25/2021 12:00:00 AM,1043,2,2,0,0,RAINING,WET,False,SIDESWIPE-SAME DIRECTION,SIDESWIPE-SAME DIRECTION,STRAIGHT & LEVEL,DAYLIGHT,,,11/29/2021 8:22:54 AM,False,5367,Accepted,
29363246,0568000,LOUISVILLE METRO POLICE DEPT,Accepted,JEFFERSON,KY1865,,TAYLOR,BLVD,,,CAMDEN,,,,,38.192517613,-85.783234759,5.933,11/25/2021 12:00:00 AM,2043,2,2,0,1,CLOUDY,DRY,False,ANGLE COLLISION - OTHER,ANGLE,STRAIGHT & LEVEL,DARK-HWY LIGHTED/ON,,,11/29/2021 8:23:50 AM,False,5131,Accepted,
29368187,0568000,LOUISVILLE METRO POLICE DEPT,Accepted,JEFFERSON,KY1020,9205,NATIONAL,TPKE,,,,,,,,38.093256206,-85.726279063,0.682,11/25/2021 12:00:00 AM,0312,2,2,0,0,CLEAR,DRY,False,1 VEHICLE ENTERING/LEAVING ENTRANCE,ANGLE,STRAIGHT & LEVEL,DAWN,,,11/30/2021 8:14:49 AM,False,5266,Accepted,
29368178,0568000,LOUISVILLE METRO POLICE DEPT,Accepted,JEFFERSON,KY0061,,PRESTON,HWY,,,DURRETT,,,,,38.186476412,-85.724324965,7.877,11/25/2021 12:00:00 AM,1740,1,1,0,0,CLEAR,DRY,False,COLLISION WITH FIXED OBJECT IN INTERSECTION - FIRST EVENT COLLISION 09 - 32,SINGLE VEHICLE,STRAIGHT & LEVEL,DARK-HWY LIGHTED/ON,,,11/30/2021 8:14:19 AM,False,7341,Accepted,
29368162,0568000,LOUISVILLE METRO POLICE DEPT,Accepted,JEFFERSON,,2534,WOODLAND,AVE,,,WILSON,,,,,38.233930588,-85.797434455,0.416,11/24/2021 12:00:00 AM,1600,2,2,0,0,CLEAR,DRY,False,ANGLE COLLISION - OTHER,ANGLE,STRAIGHT & LEVEL,DAYLIGHT,,,11/30/2021 8:13:18 AM,False,7716,Accepted,
29368161,0568000,LOUISVILLE METRO POLICE DEPT,Accepted,JEFFERSON,I 0064,,I64 E,,,,,,,,,38.221858514,-85.482162664,20.200,11/24/2021 12:00:00 AM,1432,1,1,0,1,CLEAR,DRY,False,COLLISION WITH FIXED OBJECT NON - INTERSECTION - FIRST EVENT COLLISION 09 - 32 EXCLUDING 16,SINGLE VEHICLE,STRAIGHT & LEVEL,DAYLIGHT,,,11/30/2021 8:13:14 AM,False,2142,Accepted,