IncidentID,AgencyORI,AgencyName,IncidentStatusDesc,County,RdwyNumber,Street,RoadwayName,StreetSfx,StreetDir,IntersectionRdwy,IntersectionRdwyName,BetweenStRdwy1,BetweenStRdwyName1,BetweenStRdwy2,BetweenStRdwyName2,Latitude,Longitude,Milepoint,CollisionDate,CollisionTime,UnitsInvolved,MotorVehiclesInvolved,NumberKilled,NumberInjured,Weather,RdwyConditionCode,HitandRun,DirAnalysisCode,MannerofCollision,RdwyCharacter,LightCondition,RampFromRdwyId,RampToRdwyId,AcceptedDate,IsSecondaryCollision,OwnerBadge,IncidentStatus,
29417583,0568000,LOUISVILLE METRO POLICE DEPT,Accepted,JEFFERSON,,,4TH,ST,S,,,,,,,38.227426991,-85.761685158,2.033,11/24/2021 12:00:00 AM,0358,4,4,0,0,CLEAR,DRY,False,1 VEHICLE PARKED POSITION (NOT PARKING LOT/DRIVEWAY),SIDESWIPE-SAME DIRECTION,STRAIGHT & LEVEL,DARK-HWY LIGHTED/ON,,,12/13/2021 8:32:31 AM,False,5152,Accepted,
29363190,0568000,LOUISVILLE METRO POLICE DEPT,Accepted,JEFFERSON,KY1747,,HURSTBOURNE,PKWY,S,,,,STONY BROOK,KY1747,KY1747 CROSSOVER,38.172487593,-85.605121971,7.740,11/24/2021 12:00:00 AM,1531,2,2,0,0,CLEAR,DRY,True,SIDESWIPE COLLISION - SAME DIRECTION,SIDESWIPE-SAME DIRECTION,STRAIGHT & LEVEL,DAYLIGHT,,,11/29/2021 8:20:22 AM,False,2324,Accepted,
29363198,0568000,LOUISVILLE METRO POLICE DEPT,Accepted,JEFFERSON,KY0864,,BEULAH CHURCH,RD,,,RED BUD HILL,,,,,38.131756748,-85.614050693,3.848,11/24/2021 12:00:00 AM,1933,2,2,0,0,CLEAR,DRY,False,ANGLE COLLISION - OTHER,ANGLE,STRAIGHT & LEVEL,DUSK,,,11/29/2021 8:20:55 AM,False,5342,Accepted,
29363214,0568000,LOUISVILLE METRO POLICE DEPT,Accepted,JEFFERSON,I 0071,,I71 S,,,,,,,,,38.279592529,-85.690048480,2.323,11/24/2021 12:00:00 AM,1846,2,2,0,0,CLOUDY,WET,False,REAR END IN TRAFFIC LANES BOTH VEHICLES MOVING,REAR END,STRAIGHT & LEVEL,DARK-HWY LIGHTED/ON,,,11/29/2021 8:21:54 AM,False,2100,Accepted,
29363215,0568000,LOUISVILLE METRO POLICE DEPT,Accepted,JEFFERSON,,,LIME KILN,LN,,,DUNVEGAN,,,,,38.298321357,-85.636856531,1.127,11/24/2021 12:00:00 AM,1925,2,2,0,0,CLEAR,DRY,False,ANGLE COLLISION - OTHER,ANGLE,STRAIGHT & GRADE,DUSK,,,11/29/2021 8:21:58 AM,False,2346,Accepted,
29363228,0568000,LOUISVILLE METRO POLICE DEPT,Accepted,JEFFERSON,,,5TH,ST,S,US0031W,MARKET,,,,,38.255363578,-85.758439523,3.709,11/24/2021 12:00:00 AM,1204,2,2,0,0,CLEAR,DRY,False,SIDESWIPE-SAME DIRECTION,SIDESWIPE-SAME DIRECTION,STRAIGHT & LEVEL,DAYLIGHT,,,11/29/2021 8:22:47 AM,False,5391,Accepted,
29391111,0568000,LOUISVILLE METRO POLICE DEPT,Accepted,JEFFERSON,,209,SPRING,ST,S,,,,PAYNE,,LOCUST,38.252306391,-85.719432428,0.018,11/24/2021 12:00:00 AM,1541,2,2,0,0,CLEAR,DRY,True,1 VEHICLE PARKED POSITION (NOT PARKING LOT/DRIVEWAY),SIDESWIPE-SAME DIRECTION,STRAIGHT & LEVEL,DAYLIGHT,,,12/6/2021 8:40:43 AM,False,5020,Accepted,
29391204,0568000,LOUISVILLE METRO POLICE DEPT,Accepted,JEFFERSON,,,SMYRNA,PKWY,,I 0265,I265 W EXIT14 ON RAMP FROM  COOPER CHAPEL RD,,,,,38.119389355,-85.643478133,1.278,11/24/2021 12:00:00 AM,1923,2,2,0,1,CLEAR,DRY,False,ANGLE COLLISION - OTHER,ANGLE,STRAIGHT & LEVEL,DARK-HWY LIGHTED/ON,,,12/6/2021 8:46:25 AM,False,5014,Accepted,
29363244,0568000,LOUISVILLE METRO POLICE DEPT,Accepted,JEFFERSON,US0031E,,BUECHEL,BYP,,,,,,,,38.198470224,-85.661265303,10.990,11/24/2021 12:00:00 AM,2100,2,2,0,0,CLEAR,DRY,False,REAR END IN TRAFFIC LANES BOTH VEHICLES MOVING,REAR END,STRAIGHT & LEVEL,DARK-HWY LIGHTED/ON,,,11/29/2021 8:23:43 AM,False,5178,Accepted,
29363218,0568000,LOUISVILLE METRO POLICE DEPT,Accepted,JEFFERSON,KY1865,,NEW CUT,RD,,,HARPERS FERRY,,,,,38.132160728,-85.772541295,1.703,11/24/2021 12:00:00 AM,1902,2,2,0,0,CLEAR,DRY,False,ANGLE COLLISION - OTHER,ANGLE,CURVE & LEVEL,DARK-HWY LIGHTED/ON,,,11/29/2021 8:22:08 AM,False,7252,Accepted,
29363185,0568000,LOUISVILLE METRO POLICE DEPT,Accepted,JEFFERSON,,,DIXIE,HWY,,,WILSON,,,,,38.234717229,-85.787942274,1.030,11/24/2021 12:00:00 AM,1400,2,2,0,0,CLEAR,DRY,True,VEHICLE BACKING IN INTERSECTION,BACKING,STRAIGHT & LEVEL,DAYLIGHT,,,11/29/2021 8:20:01 AM,False,5309,Accepted,
29363210,0568000,LOUISVILLE METRO POLICE DEPT,Accepted,JEFFERSON,,,RIVER PARK,DR,,,,,,,,38.254657410,-85.809193725,0.973,11/24/2021 12:00:00 AM,1824,2,2,0,1,CLEAR,DRY,True,REAR END IN TRAFFIC LANES BOTH VEHICLES MOVING,REAR END,STRAIGHT & LEVEL,DARK-HWY LIGHTED/ON,,,11/29/2021 8:21:40 AM,False,5216,Accepted,
29363217,0568000,LOUISVILLE METRO POLICE DEPT,Accepted,JEFFERSON,,,BURNETT,AVE,W,,,,DIXIE,,MCCLOSKEY,38.230029522,-85.788967757,0.677,11/24/2021 12:00:00 AM,0130,2,2,0,0,CLEAR,DRY,False,1 VEHICLE PARKED POSITION (NOT PARKING LOT/DRIVEWAY),REAR END,STRAIGHT & LEVEL,DARK-HWY LIGHTED/ON,,,11/29/2021 8:22:05 AM,False,7807,Accepted,
29353340,0560600,WEST BUECHEL POLICE DEPT.,Accepted,JEFFERSON,US0031E,3616,BUECHEL,BYP,,,,,,,,38.199093557,-85.661965420,11.053,11/24/2021 12:00:00 AM,0858,2,2,0,0,CLEAR,DRY,False,OTHER ROADWAY OR MID-BLOCK COLLISION,OPPOSING LEFT TURN,STRAIGHT & LEVEL,DAYLIGHT,,,11/25/2021 12:21:47 PM,False,1260,Accepted,
29349319,0568000,LOUISVILLE METRO POLICE DEPT,Accepted,JEFFERSON,,,FEGENBUSH,LN,,,JETT THOMAS,,,,,38.176495826,-85.638964654,0.747,11/24/2021 12:00:00 AM,0620,2,2,0,3,CLEAR,DRY,True,COLLISION WITH FIXED OBJECT IN INTERSECTION - FIRST EVENT COLLISION 09 - 32,REAR END,STRAIGHT & LEVEL,DARK-HWY LIGHTED/ON,,,11/24/2021 8:47:04 AM,False,5347,Accepted,
29363182,0568000,LOUISVILLE METRO POLICE DEPT,Accepted,JEFFERSON,US0031W,,DIXIE,HWY,,,SHIPLEY,,,,,38.049776749,-85.896370356,4.268,11/24/2021 12:00:00 AM,0750,1,1,0,1,CLEAR,DRY,False,OTHER INTERSECTION COLLISIONS,SINGLE VEHICLE,STRAIGHT & LEVEL,DAYLIGHT,,,11/29/2021 8:19:41 AM,False,5110,Accepted,
29363183,0568000,LOUISVILLE METRO POLICE DEPT,Accepted,JEFFERSON,KY1931,,MANSLICK,RD,,,CRUMS,,,,,38.189200497,-85.801265967,7.926,11/24/2021 12:00:00 AM,1638,2,2,0,0,CLEAR,DRY,False,ANGLE COLLISION - OTHER,ANGLE,STRAIGHT & GRADE,DAYLIGHT,,,11/29/2021 8:19:48 AM,False,7402,Accepted,
29363184,0568000,LOUISVILLE METRO POLICE DEPT,Accepted,JEFFERSON,,,FACTORY,LN,,,,,,,,38.286591845,-85.499625337,0.267,11/24/2021 12:00:00 AM,1218,2,2,0,0,CLOUDY,DRY,False,1 VEHICLE ENTERING/LEAVING ENTRANCE,ANGLE,STRAIGHT & LEVEL,DAYLIGHT,,,11/29/2021 8:19:56 AM,False,7316,Accepted,
29363191,0568000,LOUISVILLE METRO POLICE DEPT,Accepted,JEFFERSON,KY1065,,OUTER,LOOP,,,,,,,,38.136937848,-85.709436142,4.784,11/24/2021 12:00:00 AM,1706,2,2,0,1,CLOUDY,DRY,False,1 VEHICLE ENTERING/LEAVING ENTRANCE,ANGLE,STRAIGHT & LEVEL,DUSK,,,11/29/2021 8:20:25 AM,False,2324,Accepted,
29363192,0568000,LOUISVILLE METRO POLICE DEPT,Accepted,JEFFERSON,,,FEGENBUSH,LN,,US0031E,BARDSTOWN,,,,,38.187114441,-85.637961832,0.005,11/24/2021 12:00:00 AM,1742,2,2,0,2,CLEAR,DRY,False,ANGLE COLLISION - OTHER,ANGLE,STRAIGHT & LEVEL,DARK (UNKNOWN ROADWAY LIGHTING),,,11/29/2021 8:20:30 AM,False,5375,Accepted,
29349317,0568000,LOUISVILLE METRO POLICE DEPT,Accepted,JEFFERSON,KY0864,,POPLAR LEVEL,RD,,,,,,,,38.195519335,-85.707648600,11.317,11/24/2021 12:00:00 AM,0453,2,2,0,1,CLEAR,DRY,False,1 VEHICLE ENTERING/LEAVING ENTRANCE,ANGLE,STRAIGHT & HILLCREST,DARK-HWY LIGHTED/ON,,,11/24/2021 8:46:59 AM,False,5174,Accepted,
29363181,0568000,LOUISVILLE METRO POLICE DEPT,Accepted,JEFFERSON,KY1447,,WESTPORT,RD,,,,,COLLINS,,MURPHY,38.303119162,-85.528438871,7.793,11/24/2021 12:00:00 AM,1305,2,2,0,1,CLOUDY,DRY,False,SIDESWIPE COLLISION - OPPOSITE DIRECTION,SIDESWIPE-OPPOSITE DIRECTION,STRAIGHT & LEVEL,DAYLIGHT,,,11/29/2021 8:19:36 AM,False,7876,Accepted,
29363189,0568000,LOUISVILLE METRO POLICE DEPT,Accepted,JEFFERSON,KY1065,,OUTER,LOOP,,,,,AIR COMMERCE,I 0065,I65 S EXIT127 OFF RAMP TO KY1065,38.134871073,-85.719278886,4.224,11/24/2021 12:00:00 AM,1226,2,2,0,0,CLEAR,DRY,False,OTHER ROADWAY OR MID-BLOCK COLLISION,REAR END,STRAIGHT & LEVEL,DAYLIGHT,,,11/29/2021 8:20:18 AM,False,2324,Accepted,
29363204,0568000,LOUISVILLE METRO POLICE DEPT,Accepted,JEFFERSON,KY1934,4441,CANE RUN,RD,,,,,,,,38.195934271,-85.841710524,8.843,11/24/2021 12:00:00 AM,1924,2,2,0,0,CLEAR,DRY,True,VEHICLE BACKING NON INTERSECTION,BACKING,STRAIGHT & LEVEL,DARK-HWY LIGHTED/ON,,,11/29/2021 8:21:22 AM,False,5325,Accepted,
29363196,0568000,LOUISVILLE METRO POLICE DEPT,Accepted,JEFFERSON,US0060,,SHELBYVILLE,RD,,,,,,,,38.235430639,-85.446050424,15.324,11/24/2021 12:00:00 AM,1529,3,3,0,0,CLEAR,DRY,False,REAR END IN TRAFFIC LANES BOTH VEHICLES MOVING,REAR END,STRAIGHT & LEVEL,DAYLIGHT,,,11/29/2021 8:20:46 AM,True,7359,Accepted,
29363178,0568000,LOUISVILLE METRO POLICE DEPT,Accepted,JEFFERSON,US0031W,,DIXIE,HWY,,,,,,,,38.174190387,-85.823637350,13.817,11/24/2021 12:00:00 AM,1048,2,2,0,0,CLEAR,DRY,False,1 VEHICLE ENTERING/LEAVING ENTRANCE,ANGLE,STRAIGHT & LEVEL,DAYLIGHT,,,11/29/2021 8:19:22 AM,False,7244,Accepted,
29363179,0568000,LOUISVILLE METRO POLICE DEPT,Accepted,JEFFERSON,US0031E,,BARDSTOWN,RD,,,,,,,,38.207123341,-85.668022051,11.679,11/24/2021 12:00:00 AM,0809,2,2,0,0,CLEAR,DRY,False,1 VEHICLE ENTERING/LEAVING ENTRANCE,ANGLE,STRAIGHT & LEVEL,DAYLIGHT,,,11/29/2021 8:19:28 AM,False,4693,Accepted,
29363180,0568000,LOUISVILLE METRO POLICE DEPT,Accepted,JEFFERSON,KY1747,,FERN VALLEY,RD,,I 0065,I65 N EXIT128 ON RAMP FROM KY1631 E,,,,,38.157630209,-85.716901863,0.836,11/24/2021 12:00:00 AM,1251,2,2,0,0,CLOUDY,DRY,False,ANGLE COLLISION - ONE VEHICLE TURNING LEFT,ANGLE,STRAIGHT & HILLCREST,DAYLIGHT,,,11/29/2021 8:19:32 AM,False,4693,Accepted,
29363186,0568000,LOUISVILLE METRO POLICE DEPT,Accepted,JEFFERSON,KY0155,,TAYLORSVILLE,RD,,,,I 0265,I265 W EXIT23 OFF RAMP TO KY155,I 0265,I265 E EXIT23 ON RAMP FROM KY155,38.188683554,-85.509316235,6.081,11/24/2021 12:00:00 AM,1650,2,2,0,0,CLEAR,DRY,True,SIDESWIPE COLLISION - SAME DIRECTION,SIDESWIPE-SAME DIRECTION,STRAIGHT & LEVEL,DAYLIGHT,,,11/29/2021 8:20:05 AM,False,2109,Accepted,
29363187,0568000,LOUISVILLE METRO POLICE DEPT,Accepted,JEFFERSON,,,CENTRAL,AVE,,,6TH,,,,,38.205644786,-85.769500291,0.659,11/24/2021 12:00:00 AM,1104,1,1,0,1,CLEAR,DRY,False,COLLISION WITH FIXED OBJECT IN INTERSECTION - FIRST EVENT COLLISION 09 - 32,SINGLE VEHICLE,STRAIGHT & LEVEL,DAYLIGHT,,,11/29/2021 8:20:08 AM,False,5378,Accepted,
29363188,0568000,LOUISVILLE METRO POLICE DEPT,Accepted,JEFFERSON,KY1065,2200,OUTER,LOOP,,,,,AIR COMMERCE,KY1065,KY1065 CROSSOVER,38.133179074,-85.724881792,3.897,11/24/2021 12:00:00 AM,1011,2,2,0,0,CLEAR,DRY,True,SIDESWIPE COLLISION - SAME DIRECTION,SIDESWIPE-SAME DIRECTION,STRAIGHT & LEVEL,DAYLIGHT,,,11/29/2021 8:20:14 AM,False,2324,Accepted,
29363195,0568000,LOUISVILLE METRO POLICE DEPT,Accepted,JEFFERSON,,,CHESTNUT GLEN,DR,,,,,,,,38.235409807,-85.445869721,0.012,11/24/2021 12:00:00 AM,1525,2,2,0,0,CLEAR,DRY,False,REAR END IN TRAFFIC LANES BOTH VEHICLES MOVING,REAR END,STRAIGHT & LEVEL,DAYLIGHT,,,11/29/2021 8:20:41 AM,False,7359,Accepted,
29372720,0568000,LOUISVILLE METRO POLICE DEPT,Accepted,JEFFERSON,,,4TH,ST,S,,ST CATHERINE,,,,,38.237406860,-85.759901103,1.338,11/24/2021 12:00:00 AM,1805,2,2,0,0,CLEAR,DRY,False,ANGLE COLLISION - OTHER,ANGLE,STRAIGHT & LEVEL,DARK-HWY LIGHTED/ON,,,12/1/2021 8:31:52 AM,False,7619,Accepted,
29372709,0568000,LOUISVILLE METRO POLICE DEPT,Accepted,JEFFERSON,I 0264,,I264 E,,,I 0264,I264 E EXIT16 OFF RAMP TO US31E N,,,,,38.211104764,-85.671101924,15.674,11/24/2021 12:00:00 AM,1532,2,2,0,1,CLEAR,DRY,True,ANGLE COLLISION - ONE VEHICLE TURNING LEFT,ANGLE,,DAYLIGHT,,,12/1/2021 8:31:05 AM,False,2308,Accepted,
29364622,0568000,LOUISVILLE METRO POLICE DEPT,Accepted,JEFFERSON,US0031W,,22ND,ST,S,,MAPLE,,,,,38.247206749,-85.788555430,19.420,11/24/2021 12:00:00 AM,1538,2,1,0,0,CLEAR,DRY,True,OTHER INTERSECTION COLLISIONS,REAR END,STRAIGHT & LEVEL,DAYLIGHT,,,11/29/2021 12:18:40 PM,False,7538,Accepted,
29368181,0568000,LOUISVILLE METRO POLICE DEPT,Accepted,JEFFERSON,KY0022,,BROWNSBORO,RD,,,AVENUE OF THE WOODS,,,,,38.290533492,-85.616130986,1.230,11/23/2021 12:00:00 AM,1735,2,2,0,3,CLEAR,DRY,False,HEAD-ON COLLISION,HEAD ON,STRAIGHT & LEVEL,DUSK,,,11/30/2021 8:14:26 AM,False,2346,Accepted,
29349283,0568000,LOUISVILLE METRO POLICE DEPT,Accepted,JEFFERSON,,,BROOK,ST,S,,FLORENCE,,,,,38.191606957,-85.759856074,0.086,11/23/2021 12:00:00 AM,1502,2,2,0,0,CLEAR,DRY,True,ANGLE COLLISION - OTHER,ANGLE,STRAIGHT & LEVEL,DAYLIGHT,,,11/24/2021 8:45:11 AM,False,7872,Accepted,
29349276,0568000,LOUISVILLE METRO POLICE DEPT,Accepted,JEFFERSON,US0150,,BROADWAY,,E,CS1133G,RUBEL,,,,,38.243985607,-85.729544875,3.935,11/23/2021 12:00:00 AM,1204,2,2,0,0,CLEAR,DRY,False,1 VEHICLE ENTERING/LEAVING ENTRANCE,ANGLE,STRAIGHT & LEVEL,DAYLIGHT,,,11/24/2021 8:44:55 AM,False,5110,Accepted,
29363310,0568000,LOUISVILLE METRO POLICE DEPT,Accepted,JEFFERSON,,,BLUEGRASS,AVE,,,SOUTHERN,,,,,38.178925790,-85.771289840,1.503,11/23/2021 12:00:00 AM,1612,2,2,0,0,CLEAR,DRY,False,ANGLE COLLISION - ONE VEHICLE TURNING LEFT,ANGLE,STRAIGHT & LEVEL,DAYLIGHT,,,11/29/2021 8:27:25 AM,False,5123,Accepted,
29344819,0568000,LOUISVILLE METRO POLICE DEPT,Accepted,JEFFERSON,,,BURNETT,AVE,E,,,,REASOR,,FETTER,38.219604579,-85.735842406,1.314,11/23/2021 12:00:00 AM,0000,3,3,0,0,CLEAR,DRY,False,1 VEHICLE PARKED POSITION (NOT PARKING LOT/DRIVEWAY),SIDESWIPE-SAME DIRECTION,STRAIGHT & LEVEL,DARK-HWY LIGHTED/ON,,,11/23/2021 8:14:17 AM,False,7527,Accepted,
29363324,0568000,LOUISVILLE METRO POLICE DEPT,Accepted,JEFFERSON,KY1934,,CANE RUN,RD,,,NEW LYNNVIEW,,,,,38.189171517,-85.850124328,8.192,11/23/2021 12:00:00 AM,1956,2,2,0,0,CLEAR,DRY,True,ANGLE COLLISION - OTHER,ANGLE,STRAIGHT & LEVEL,DARK-HWY NOT LIGHTED,,,11/29/2021 8:28:06 AM,False,5285,Accepted,
29349099,0566900,LOUISVILLE AIRPORT POLICE,Accepted,JEFFERSON,,,MARTHA MOLONEY,DR,,,AIRFREIGHT,,,,,38.188659595,-85.749078668,0.123,11/23/2021 12:00:00 AM,2115,2,2,0,0,CLEAR,DRY,False,OPPOSITE DIRECTION - BOTH VEHICLES GOING STRAIGHT AHEAD,SIDESWIPE-OPPOSITE DIRECTION,CURVE & GRADE,DARK-HWY LIGHTED/ON,,,11/24/2021 7:28:58 AM,False,5884,Accepted,
29363197,0568000,LOUISVILLE METRO POLICE DEPT,Accepted,JEFFERSON,,1824,DUNCAN,ST,,,,,,,,38.261838252,-85.779379955,0.119,11/23/2021 12:00:00 AM,1139,2,2,0,0,CLEAR,DRY,True,1 VEHICLE PARKED POSITION (NOT PARKING LOT/DRIVEWAY),SIDESWIPE-SAME DIRECTION,STRAIGHT & LEVEL,DARK (UNKNOWN ROADWAY LIGHTING),,,11/29/2021 8:20:52 AM,False,5148,Accepted,
29377333,0568000,LOUISVILLE METRO POLICE DEPT,Accepted,JEFFERSON,KY1865,,TAYLOR,BLVD,,,,,,,,38.186631705,-85.783793422,5.531,11/23/2021 12:00:00 AM,1822,3,3,0,0,CLEAR,DRY,False,OTHER ROADWAY OR MID-BLOCK COLLISION,OPPOSING LEFT TURN,STRAIGHT & LEVEL,DARK-HWY LIGHTED/ON,,,12/2/2021 8:22:46 AM,False,7398,Accepted,
29363173,0568000,LOUISVILLE METRO POLICE DEPT,Accepted,JEFFERSON,US0150,,BROADWAY,,W,,5TH,,,,,38.246208340,-85.760037649,2.293,11/23/2021 12:00:00 AM,1348,2,2,0,0,CLEAR,DRY,False,ANGLE COLLISION - OTHER,ANGLE,STRAIGHT & LEVEL,DAYLIGHT,,,11/29/2021 8:19:10 AM,False,5173,Accepted,
29349299,0568000,LOUISVILLE METRO POLICE DEPT,Accepted,JEFFERSON,KY0907,,3RD ST,RD,,,,,,,,38.145317072,-85.775879707,6.262,11/23/2021 12:00:00 AM,1824,2,1,0,1,CLOUDY,DRY,False,COLLISION WITH PEDESTRIAN NON - INTERSECTION,SINGLE VEHICLE,STRAIGHT & LEVEL,DARK-HWY NOT LIGHTED,,,11/24/2021 8:46:09 AM,False,7234,Accepted,
29349301,0568000,LOUISVILLE METRO POLICE DEPT,Accepted,JEFFERSON,,,LONGFIELD,AVE,,,BELLEVUE,,,,,38.198639031,-85.772683940,0.230,11/23/2021 12:00:00 AM,1205,2,2,0,2,CLEAR,DRY,False,HEAD-ON COLLISION,HEAD ON,STRAIGHT & LEVEL,DAYLIGHT,,,11/24/2021 8:46:13 AM,False,2745,Accepted,
29349308,0568000,LOUISVILLE METRO POLICE DEPT,Accepted,JEFFERSON,KY1747,,HURSTBOURNE,PKWY,,,WATTERSON,,,,,38.162970855,-85.613201341,6.865,11/23/2021 12:00:00 AM,2004,1,1,0,0,CLEAR,DRY,False,COLLISION WITH ANIMAL IN INTERSECTION,SINGLE VEHICLE,STRAIGHT & LEVEL,DARK-HWY NOT LIGHTED,,,11/24/2021 8:46:29 AM,False,6028,Accepted,
29349290,0568000,LOUISVILLE METRO POLICE DEPT,Accepted,JEFFERSON,,2306,LOWER HUNTERS,TRCE,,,,,,,,38.160038758,-85.852129068,1.014,11/23/2021 12:00:00 AM,1551,2,2,0,0,CLEAR,DRY,True,SIDESWIPE COLLISION - SAME DIRECTION,SIDESWIPE-SAME DIRECTION,STRAIGHT & LEVEL,DAYLIGHT,,,11/24/2021 8:45:34 AM,False,7817,Accepted,
29349291,0568000,LOUISVILLE METRO POLICE DEPT,Accepted,JEFFERSON,,,JEANINE,DR,,,,,,,,38.160635955,-85.688343745,0.207,11/23/2021 12:00:00 AM,1212,2,2,0,1,CLEAR,DRY,False,REAR END IN TRAFFIC LANES BOTH VEHICLES MOVING,REAR END,STRAIGHT & LEVEL,DAYLIGHT,,,11/24/2021 8:45:38 AM,False,5027,Accepted,
29349292,0568000,LOUISVILLE METRO POLICE DEPT,Accepted,JEFFERSON,KY0864,983,GOSS,AVE,,,,,,,,38.228694115,-85.737637678,14.188,11/23/2021 12:00:00 AM,0704,2,2,0,0,CLEAR,DRY,True,1 VEHICLE ENTERING/LEAVING ENTRANCE,ANGLE,STRAIGHT & LEVEL,DAYLIGHT,,,11/24/2021 8:45:42 AM,False,5301,Accepted,
29349293,0568000,LOUISVILLE METRO POLICE DEPT,Accepted,JEFFERSON,US0031E,,BARDSTOWN,RD,,,LANCASHIRE,,,,,38.216245007,-85.675405784,12.438,11/23/2021 12:00:00 AM,1551,2,2,0,1,CLEAR,DRY,False,ANGLE COLLISION - ONE VEHICLE TURNING LEFT,ANGLE,STRAIGHT & GRADE,DAYLIGHT,,,11/24/2021 8:45:45 AM,False,5397,Accepted,
29349298,0568000,LOUISVILLE METRO POLICE DEPT,Accepted,JEFFERSON,KY1865,,NEW CUT,RD,,,HARPERS FERRY,,,,,38.132030585,-85.772585485,1.706,11/23/2021 12:00:00 AM,1450,2,2,0,3,CLEAR,DRY,False,ANGLE COLLISION - OTHER,ANGLE,STRAIGHT & LEVEL,DAYLIGHT,,,11/24/2021 8:46:05 AM,False,7234,Accepted,
29354630,0560400,SHIVELY POLICE DEPARTMENT,Accepted,JEFFERSON,I 0264,,I264 E,,,I 0264,I264 E EXIT8B OFF RAMP TO US31W S,,,,,38.185661103,-85.821898864,6.976,11/23/2021 12:00:00 AM,1421,2,2,0,0,CLEAR,DRY,True,OTHER INTERSECTION COLLISIONS,REAR END,CURVE & LEVEL,DAYLIGHT,,,11/26/2021 7:30:43 AM,False,7132,Accepted,
29349296,0568000,LOUISVILLE METRO POLICE DEPT,Accepted,JEFFERSON,US0031W,,MAIN,ST,W,,13TH,,,,,38.258257913,-85.771421007,21.117,11/23/2021 12:00:00 AM,1548,1,1,0,1,CLEAR,DRY,False,COLLISION WITH FIXED OBJECT IN INTERSECTION - FIRST EVENT COLLISION 09 - 32,SINGLE VEHICLE,STRAIGHT & LEVEL,DAYLIGHT,,,11/24/2021 8:45:57 AM,False,5187,Accepted,
29349297,0568000,LOUISVILLE METRO POLICE DEPT,Accepted,JEFFERSON,KY1747,,HURSTBOURNE,PKWY,N,KY1747,KY1747 CROSSOVER,,,,,38.286384784,-85.571209731,16.936,11/23/2021 12:00:00 AM,1757,3,3,0,0,CLOUDY,DRY,False,OTHER INTERSECTION COLLISIONS,REAR END,STRAIGHT & GRADE,DARK-HWY NOT LIGHTED,,,11/24/2021 8:46:01 AM,False,6456,Accepted,
29349303,0568000,LOUISVILLE METRO POLICE DEPT,Accepted,JEFFERSON,US0031E,,MARKET,ST,W,US0031W,MARKET,,,,,38.254659460,-85.753650555,17.773,11/23/2021 12:00:00 AM,1200,2,2,0,0,CLEAR,DRY,True,COLLISION WITH PARKED VEHICLE,SIDESWIPE-SAME DIRECTION,STRAIGHT & LEVEL,DAYLIGHT,,,11/24/2021 8:46:17 AM,False,2128,Accepted,
29349305,0568000,LOUISVILLE METRO POLICE DEPT,Accepted,JEFFERSON,,,CHAMBERLAIN,LN,,,,,,,,38.312792993,-85.567589647,4.055,11/23/2021 12:00:00 AM,1805,2,1,0,1,CLEAR,DRY,False,COLLISION WITH BICYCLIST NON INTERSECTION,SINGLE VEHICLE,STRAIGHT & LEVEL,DARK-HWY LIGHTED/ON,,,11/24/2021 8:46:21 AM,False,2489,Accepted,
29349311,0568000,LOUISVILLE METRO POLICE DEPT,Accepted,JEFFERSON,US0031,,CLARK MEMORIAL,BRG,,,,,,,,38.258664367,-85.752804688,0.169,11/23/2021 12:00:00 AM,2030,2,2,0,0,CLEAR,DRY,False,REAR END IN TRAFFIC LANES BOTH VEHICLES MOVING,REAR END,STRAIGHT & LEVEL,DARK-HWY LIGHTED/ON,,,11/24/2021 8:46:33 AM,False,5335,Accepted,
29349312,0568000,LOUISVILLE METRO POLICE DEPT,Accepted,JEFFERSON,,,NORENE,LN,,,RETREAT,,,,,38.161133843,-85.681958889,0.709,11/23/2021 12:00:00 AM,1915,2,2,0,0,CLEAR,DRY,False,ANGLE COLLISION - OTHER,ANGLE,STRAIGHT & LEVEL,DARK-HWY NOT LIGHTED,,,11/24/2021 8:46:37 AM,False,5165,Accepted,
29349313,0568000,LOUISVILLE METRO POLICE DEPT,Accepted,JEFFERSON,KY1447,,WESTPORT,RD,,,,,,,,38.296444026,-85.552241087,6.485,11/23/2021 12:00:00 AM,2134,2,2,0,0,CLEAR,DRY,False,OTHER ROADWAY OR MID-BLOCK COLLISION,REAR TO REAR,STRAIGHT & LEVEL,DARK-HWY LIGHTED/ON,,,11/24/2021 8:46:42 AM,False,5155,Accepted,