IncidentID,AgencyORI,AgencyName,IncidentStatusDesc,County,RdwyNumber,Street,RoadwayName,StreetSfx,StreetDir,IntersectionRdwy,IntersectionRdwyName,BetweenStRdwy1,BetweenStRdwyName1,BetweenStRdwy2,BetweenStRdwyName2,Latitude,Longitude,Milepoint,CollisionDate,CollisionTime,UnitsInvolved,MotorVehiclesInvolved,NumberKilled,NumberInjured,Weather,RdwyConditionCode,HitandRun,DirAnalysisCode,MannerofCollision,RdwyCharacter,LightCondition,RampFromRdwyId,RampToRdwyId,AcceptedDate,IsSecondaryCollision,OwnerBadge,IncidentStatus,
29349314,0568000,LOUISVILLE METRO POLICE DEPT,Accepted,JEFFERSON,I 0065,,I65 N,,,,,,,,,38.200235238,-85.734504750,131.496,11/23/2021 12:00:00 AM,2019,2,2,0,1,CLEAR,DRY,False,1 VEHICLE PARKED POSITION (NOT PARKING LOT/DRIVEWAY),SIDESWIPE-SAME DIRECTION,STRAIGHT & LEVEL,DARK-HWY LIGHTED/ON,,,11/24/2021 8:46:48 AM,False,5342,Accepted,
29349321,0568000,LOUISVILLE METRO POLICE DEPT,Accepted,JEFFERSON,US0031W,,22ND,ST,S,,WILSON,,,,,38.234767981,-85.790474945,18.588,11/23/2021 12:00:00 AM,1835,2,2,0,1,CLEAR,DRY,True,ANGLE COLLISION - OTHER,ANGLE,STRAIGHT & LEVEL,DAYLIGHT,,,11/24/2021 8:47:11 AM,False,5384,Accepted,
29349295,0568000,LOUISVILLE METRO POLICE DEPT,Accepted,JEFFERSON,,410,CHESTNUT,ST,W,,,,,,,38.249043948,-85.758766193,2.315,11/23/2021 12:00:00 AM,1145,2,2,0,0,CLEAR,DRY,False,1 VEHICLE PARKED POSITION (NOT PARKING LOT/DRIVEWAY),BACKING,STRAIGHT & LEVEL,DAYLIGHT,,,11/24/2021 8:45:54 AM,False,5187,Accepted,
29344833,0568000,LOUISVILLE METRO POLICE DEPT,Accepted,JEFFERSON,,,KENTUCKY,ST,W,,8TH,,,,,38.240330648,-85.767069637,3.118,11/23/2021 12:00:00 AM,0500,1,1,0,0,CLEAR,DRY,True,COLLISION WITH FIXED OBJECT IN INTERSECTION - FIRST EVENT COLLISION 09 - 32,SINGLE VEHICLE,STRAIGHT & LEVEL,DARK-HWY LIGHTED/ON,,,11/23/2021 8:14:35 AM,False,5152,Accepted,
29349264,0568000,LOUISVILLE METRO POLICE DEPT,Accepted,JEFFERSON,I 0265,,I265 S,,,,,,,,,38.292699324,-85.541053374,31.951,11/23/2021 12:00:00 AM,0759,2,2,0,1,CLEAR,DRY,False,REAR END IN TRAFFIC LANES BOTH VEHICLES MOVING,REAR END,STRAIGHT & LEVEL,DAWN,,,11/24/2021 8:44:27 AM,False,2346,Accepted,
29349278,0568000,LOUISVILLE METRO POLICE DEPT,Accepted,JEFFERSON,KY1747,,HURSTBOURNE,PKWY,S,,,,,,,38.220341240,-85.581592104,11.646,11/23/2021 12:00:00 AM,1100,2,2,0,0,CLEAR,DRY,False,1 VEHICLE ENTERING/LEAVING ENTRANCE,ANGLE,STRAIGHT & LEVEL,DAYLIGHT,,,11/24/2021 8:45:02 AM,False,4693,Accepted,
29349306,0568000,LOUISVILLE METRO POLICE DEPT,Accepted,JEFFERSON,KY1727,6117,TERRY,RD,,,,,,,,38.161498658,-85.866446799,2.793,11/23/2021 12:00:00 AM,1905,3,3,0,0,CLEAR,DRY,False,REAR END IN TRAFFIC LANES BOTH VEHICLES MOVING,REAR END,STRAIGHT & LEVEL,DARK-HWY NOT LIGHTED,,,11/24/2021 8:46:25 AM,False,5212,Accepted,
29344827,0568000,LOUISVILLE METRO POLICE DEPT,Accepted,JEFFERSON,KY1819,,BRUSH RUN,RD,,,MABLE,,,,,38.124129080,-85.493877612,1.521,11/23/2021 12:00:00 AM,0441,1,1,0,0,CLEAR,ICE,False,COLLISION WITH FIXED OBJECT IN INTERSECTION - FIRST EVENT COLLISION 09 - 32,SINGLE VEHICLE,CURVE & HILLCREST,DARK-HWY NOT LIGHTED,,,11/23/2021 8:14:27 AM,False,5404,Accepted,
29349269,0568000,LOUISVILLE METRO POLICE DEPT,Accepted,JEFFERSON,I 0065,,I65 N,,,,,,,,,38.121060286,-85.701722725,125.578,11/23/2021 12:00:00 AM,0749,2,2,0,0,CLEAR,DRY,False,REAR END IN TRAFFIC LANES BOTH VEHICLES MOVING,REAR END,STRAIGHT & LEVEL,DAYLIGHT,,,11/24/2021 8:44:35 AM,False,4903,Accepted,
29349271,0568000,LOUISVILLE METRO POLICE DEPT,Accepted,JEFFERSON,I 0065,,I65 S,,,,,,,,,38.239242492,-85.753309262,134.793,11/23/2021 12:00:00 AM,0918,3,3,0,1,CLEAR,DRY,False,REAR END IN TRAFFIC LANES BOTH VEHICLES MOVING,REAR END,CURVE & LEVEL,DAYLIGHT,,,11/24/2021 8:44:39 AM,False,4903,Accepted,
29349279,0568000,LOUISVILLE METRO POLICE DEPT,Accepted,JEFFERSON,,7268,LUCILLE,AVE,,,,,,,,38.146390459,-85.845050002,0.183,11/23/2021 12:00:00 AM,0811,2,2,0,0,CLEAR,DRY,False,SIDESWIPE COLLISION - OPPOSITE DIRECTION,SIDESWIPE-OPPOSITE DIRECTION,STRAIGHT & LEVEL,DAYLIGHT,,,11/24/2021 8:45:06 AM,False,7205,Accepted,
29349286,0568000,LOUISVILLE METRO POLICE DEPT,Accepted,JEFFERSON,I 0065,,I65 N COLLECTOR DISTRIBUTOR,,,I 0065,I65 N RAMP FROM  E LIBERTY ST,,,,,38.253283738,-85.743450499,0.235,11/23/2021 12:00:00 AM,1416,2,2,0,1,CLEAR,DRY,False,COLLISION WITH FIXED OBJECT IN INTERSECTION - FIRST EVENT COLLISION 09 - 32,REAR END,CURVE & GRADE,DAYLIGHT,,,11/24/2021 8:45:23 AM,False,7216,Accepted,
29363280,0568000,LOUISVILLE METRO POLICE DEPT,Accepted,JEFFERSON,,,28TH,ST,S,,ELLIOTT,,,,,38.251261997,-85.798621317,0.676,11/23/2021 12:00:00 AM,1554,2,2,0,0,CLEAR,DRY,False,COLLISION IN PARKING LOT,BACKING,STRAIGHT & LEVEL,DAYLIGHT,,,11/29/2021 8:25:34 AM,False,5124,Accepted,
29363247,0568000,LOUISVILLE METRO POLICE DEPT,Accepted,JEFFERSON,,,KLONDIKE,LN,,,,,BRADFORD,,GLENMEADE,38.200550544,-85.643788478,0.072,11/23/2021 12:00:00 AM,1848,1,1,0,0,CLEAR,DRY,False,COLLISION WITH FIXED OBJECT NON - INTERSECTION - FIRST EVENT COLLISION 09 - 32 EXCLUDING 16,SINGLE VEHICLE,STRAIGHT & LEVEL,DARK-HWY LIGHTED/ON,,,11/29/2021 8:23:54 AM,False,7482,Accepted,
29383447,0560400,SHIVELY POLICE DEPARTMENT,Accepted,JEFFERSON,I 0264,,,,,,,,,,,38.186816318,-85.811641898,0.384,11/23/2021 12:00:00 AM,1407,2,2,0,0,CLEAR,DRY,False,OTHER RAMP RELATED COLLISIONS NOT LISTED ABOVE,REAR END,STRAIGHT & LEVEL,DAYLIGHT,I 0264,US31W N,12/3/2021 3:44:01 PM,False,7137,Accepted,
29576584,0568000,LOUISVILLE METRO POLICE DEPT,Accepted,JEFFERSON,US0031E,,BARDSTOWN,RD,,,TREVILIAN,,,,,38.223073972,-85.684763944,13.048,11/23/2021 12:00:00 AM,1400,3,3,0,0,CLEAR,DRY,False,ANGLE COLLISION - OTHER,ANGLE,STRAIGHT & GRADE,DAYLIGHT,,,1/12/2022 8:15:51 AM,False,7793,Accepted,
29417605,0568000,LOUISVILLE METRO POLICE DEPT,Accepted,JEFFERSON,,,BROOKLINE,AVE,,KY1865,TAYLOR,,,,,38.175049891,-85.782069476,0.027,11/23/2021 12:00:00 AM,1430,2,2,0,0,CLEAR,DRY,False,VEHICLE BACKING IN INTERSECTION,BACKING,STRAIGHT & LEVEL,DAYLIGHT,,,12/13/2021 8:33:34 AM,False,5123,Accepted,
29508484,0568000,LOUISVILLE METRO POLICE DEPT,Accepted,JEFFERSON,,,VIRGINIA,AVE,,,,,,,,38.237773619,-85.796269734,0.002,11/23/2021 12:00:00 AM,0820,2,2,0,3,CLEAR,DRY,False,1 VEHICLE ENTERING/LEAVING ENTRANCE,ANGLE,STRAIGHT & LEVEL,DAYLIGHT,,,12/28/2021 8:17:45 AM,False,5114,Accepted,
29609607,0568000,LOUISVILLE METRO POLICE DEPT,Accepted,JEFFERSON,KY0061,,PRESTON,HWY,,,,,,,,38.171904626,-85.709868856,6.620,11/22/2021 12:00:00 AM,1724,3,3,0,0,CLEAR,DRY,False,1 VEHICLE ENTERING/LEAVING ENTRANCE,ANGLE,STRAIGHT & LEVEL,DUSK,,,1/21/2022 8:13:22 AM,False,8278,Accepted,
29363255,0568000,LOUISVILLE METRO POLICE DEPT,Accepted,JEFFERSON,I 0264,,I264 E,,,,,,,,,38.190013389,-85.759950124,10.388,11/22/2021 12:00:00 AM,1519,4,4,0,1,CLEAR,DRY,False,OTHER ROADWAY OR MID-BLOCK COLLISION,REAR END,STRAIGHT & GRADE,DAYLIGHT,,,11/29/2021 8:24:23 AM,False,7472,Accepted,
29363298,0568000,LOUISVILLE METRO POLICE DEPT,Accepted,JEFFERSON,I 0265,,I265 E,,,,,,,,,38.143001306,-85.561566757,18.496,11/22/2021 12:00:00 AM,1506,2,2,0,0,CLEAR,DRY,False,SIDESWIPE COLLISION - SAME DIRECTION,SIDESWIPE-SAME DIRECTION,STRAIGHT & GRADE,DAYLIGHT,,,11/29/2021 8:26:40 AM,False,8278,Accepted,
29382215,0568000,LOUISVILLE METRO POLICE DEPT,Accepted,JEFFERSON,KY1020,,3RD,ST,S,,CENTRAL,,,,,38.204739779,-85.763948370,9.471,11/22/2021 12:00:00 AM,1729,2,1,0,1,CLEAR,DRY,True,OTHER INTERSECTION COLLISIONS,SINGLE VEHICLE,STRAIGHT & LEVEL,DUSK,,,12/3/2021 9:15:26 AM,False,7872,Accepted,
29377362,0568000,LOUISVILLE METRO POLICE DEPT,Accepted,JEFFERSON,KY0061,,PRESTON,ST,S,,,,,,,38.234086127,-85.749483044,11.790,11/22/2021 12:00:00 AM,0658,1,1,0,0,CLEAR,DRY,False,COLLISION WITH FIXED OBJECT NON - INTERSECTION - FIRST EVENT COLLISION 09 - 32 EXCLUDING 16,SINGLE VEHICLE,STRAIGHT & LEVEL,DAYLIGHT,,,12/2/2021 8:24:25 AM,False,5258,Accepted,
29400247,0568000,LOUISVILLE METRO POLICE DEPT,Accepted,JEFFERSON,,,BOHNE,AVE,,,,,,,,38.228574855,-85.815823590,0.196,11/22/2021 12:00:00 AM,1550,2,2,0,0,CLEAR,DRY,False,SIDESWIPE COLLISION - SAME DIRECTION,SIDESWIPE-SAME DIRECTION,STRAIGHT & GRADE,DAYLIGHT,,,12/8/2021 8:16:26 AM,False,5114,Accepted,
29349289,0568000,LOUISVILLE METRO POLICE DEPT,Accepted,JEFFERSON,I 0264,,I264 W,,,,,,,,,38.189994708,-85.768505041,10.050,11/22/2021 12:00:00 AM,1350,2,2,0,0,CLEAR,DRY,False,SIDESWIPE COLLISION - SAME DIRECTION,SIDESWIPE-SAME DIRECTION,STRAIGHT & LEVEL,DAYLIGHT,,,11/24/2021 8:45:31 AM,False,2738,Accepted,
29344801,0568000,LOUISVILLE METRO POLICE DEPT,Accepted,JEFFERSON,,,JEFFERSON,BLVD,,,,,BATES,KY1065,OUTER,38.139251683,-85.675064492,0.092,11/22/2021 12:00:00 AM,1704,2,2,0,0,CLEAR,DRY,False,SIDESWIPE COLLISION - SAME DIRECTION,SIDESWIPE-SAME DIRECTION,STRAIGHT & LEVEL,DUSK,,,11/23/2021 8:13:22 AM,False,2324,Accepted,
29344809,0568000,LOUISVILLE METRO POLICE DEPT,Accepted,JEFFERSON,US0031W,,DIXIE,HWY,,,ROSE FARM,,,,,38.145189113,-85.838828675,11.792,11/22/2021 12:00:00 AM,1831,2,2,0,0,CLOUDY,DRY,False,SIDESWIPE-SAME DIRECTION,SIDESWIPE-SAME DIRECTION,STRAIGHT & LEVEL,DARK-HWY LIGHTED/ON,,,11/23/2021 8:13:48 AM,False,7340,Accepted,
29344810,0568000,LOUISVILLE METRO POLICE DEPT,Accepted,JEFFERSON,,416,29TH,ST,N,,,,SLEVIN,,GARFIELD,38.267272446,-85.797531356,0.577,11/22/2021 12:00:00 AM,1910,1,1,0,0,CLEAR,DRY,False,COLLISION IN PARKING LOT,SINGLE VEHICLE,STRAIGHT & LEVEL,DARK-HWY LIGHTED/ON,,,11/23/2021 8:13:51 AM,False,2128,Accepted,
29344793,0568000,LOUISVILLE METRO POLICE DEPT,Accepted,JEFFERSON,KY3082,,BANK,ST,,,,,29TH,,BANK,38.271105239,-85.795897728,0.793,11/22/2021 12:00:00 AM,0750,4,4,0,0,CLEAR,DRY,False,1 VEHICLE PARKED POSITION (NOT PARKING LOT/DRIVEWAY),SIDESWIPE-SAME DIRECTION,STRAIGHT & LEVEL,DAYLIGHT,,,11/23/2021 8:12:39 AM,False,7823,Accepted,
29339686,0568000,LOUISVILLE METRO POLICE DEPT,Accepted,JEFFERSON,KY1020,,2ND,ST,S,,MUHAMMAD ALI,,,,,38.250839978,-85.754342392,12.432,11/22/2021 12:00:00 AM,0647,2,2,0,0,CLEAR,DRY,True,OTHER INTERSECTION COLLISIONS,REAR END,STRAIGHT & LEVEL,DAWN,,,11/22/2021 8:48:36 AM,False,5351,Accepted,
29344791,0568000,LOUISVILLE METRO POLICE DEPT,Accepted,JEFFERSON,KY3084,,OLD HENRY,RD,,,,,,,,38.267564303,-85.507449893,0.769,11/22/2021 12:00:00 AM,0710,2,2,0,0,OTHER,DRY,False,OTHER ROADWAY OR MID-BLOCK COLLISION,REAR END,STRAIGHT & GRADE,DAYLIGHT,,,11/23/2021 8:12:32 AM,False,2346,Accepted,
29344799,0568000,LOUISVILLE METRO POLICE DEPT,Accepted,JEFFERSON,I 0264,,I264 W,,,,,,,,,38.195658045,-85.707648520,13.377,11/22/2021 12:00:00 AM,1611,2,2,0,0,CLEAR,DRY,False,REAR END IN TRAFFIC LANES BOTH VEHICLES MOVING,REAR END,STRAIGHT & LEVEL,DAYLIGHT,,,11/23/2021 8:13:14 AM,False,7448,Accepted,
29344800,0568000,LOUISVILLE METRO POLICE DEPT,Accepted,JEFFERSON,,9001,FERN CREEK,RD,,,,,,,,38.147497229,-85.595266812,0.013,11/22/2021 12:00:00 AM,0751,1,1,0,0,CLEAR,DRY,True,COLLISION WITH FIXED OBJECT NON - INTERSECTION - FIRST EVENT COLLISION 09 - 32 EXCLUDING 16,SINGLE VEHICLE,STRAIGHT & LEVEL,DAYLIGHT,,,11/23/2021 8:13:18 AM,False,7484,Accepted,
29344807,0568000,LOUISVILLE METRO POLICE DEPT,Accepted,JEFFERSON,,2200,DATE,ST,,,,,,,,38.243126062,-85.789806618,0.314,11/22/2021 12:00:00 AM,1503,2,2,0,0,CLEAR,DRY,False,VEHICLE BACKING NON INTERSECTION,BACKING,STRAIGHT & LEVEL,DAYLIGHT,,,11/23/2021 8:13:39 AM,False,5179,Accepted,
29339687,0568000,LOUISVILLE METRO POLICE DEPT,Accepted,JEFFERSON,KY1934,,GREENBELT,HWY,,KY1931,GREENWOOD,,,,,38.146988709,-85.886424356,4.451,11/22/2021 12:00:00 AM,0602,2,2,0,0,CLEAR,WET,False,OTHER INTERSECTION COLLISIONS,REAR END,STRAIGHT & LEVEL,DARK-HWY LIGHTED/ON,,,11/22/2021 8:48:39 AM,False,5170,Accepted,
29353342,0560600,WEST BUECHEL POLICE DEPT.,Accepted,JEFFERSON,US0031E,3600,BUECHEL,BYP,,,,,,,,38.198761731,-85.661582841,11.019,11/22/2021 12:00:00 AM,1955,2,2,0,0,CLEAR,DRY,False,1 VEHICLE ENTERING/LEAVING ENTRANCE,ANGLE,STRAIGHT & LEVEL,DARK-HWY LIGHTED/ON,,,11/25/2021 12:24:47 PM,False,1290,Accepted,
29344808,0568000,LOUISVILLE METRO POLICE DEPT,Accepted,JEFFERSON,KY2860,,GRINSTEAD,DR,,,,,EVERETT,,CHEROKEE,38.239395649,-85.719111174,0.122,11/22/2021 12:00:00 AM,1708,2,2,0,0,CLEAR,DRY,False,1 VEHICLE ENTERING/LEAVING ENTRANCE,ANGLE,STRAIGHT & LEVEL,DUSK,,,11/23/2021 8:13:44 AM,False,7960,Accepted,
29344816,0568000,LOUISVILLE METRO POLICE DEPT,Accepted,JEFFERSON,KY1065,,OUTER,LOOP,,KY6162,MINOR,,,,,38.136501242,-85.713368832,4.564,11/22/2021 12:00:00 AM,2222,2,2,0,2,CLEAR,DRY,False,ANGLE COLLISION - OTHER,ANGLE,STRAIGHT & LEVEL,DARK-HWY LIGHTED/ON,,,11/23/2021 8:14:05 AM,False,5336,Accepted,
29339673,0568000,LOUISVILLE METRO POLICE DEPT,Accepted,JEFFERSON,,,29TH,ST,N,,MAIN,,,,,38.261336128,-85.798979832,0.994,11/22/2021 12:00:00 AM,0330,2,2,0,0,CLOUDY,DRY,True,ANGLE COLLISION - OTHER,ANGLE,STRAIGHT & LEVEL,DARK-HWY LIGHTED/ON,,,11/22/2021 8:47:51 AM,False,5275,Accepted,
29339674,0568000,LOUISVILLE METRO POLICE DEPT,Accepted,JEFFERSON,US0060A,,EASTERN,PKWY,,,,,,,,38.229147509,-85.714712465,6.476,11/22/2021 12:00:00 AM,0240,1,1,0,1,CLOUDY,WET,False,COLLISION WITH FIXED OBJECT NON - INTERSECTION - FIRST EVENT COLLISION 09 - 32 EXCLUDING 16,SINGLE VEHICLE,CURVE & LEVEL,DARK-HWY LIGHTED/ON,,,11/22/2021 8:47:54 AM,False,7022,Accepted,
29363232,0568000,LOUISVILLE METRO POLICE DEPT,Accepted,JEFFERSON,KY0146,,LA GRANGE,RD,,,,,,,,38.296533091,-85.506434458,8.208,11/22/2021 12:00:00 AM,0151,2,2,0,2,CLOUDY,DRY,True,HEAD-ON COLLISION,HEAD ON,STRAIGHT & LEVEL,DARK (UNKNOWN ROADWAY LIGHTING),,,11/29/2021 8:23:01 AM,False,5004,Accepted,
29344794,0568000,LOUISVILLE METRO POLICE DEPT,Accepted,JEFFERSON,,,JEFFERSON,ST,W,KY1020,2ND,,,,,38.253444839,-85.753732391,0.089,11/22/2021 12:00:00 AM,0820,2,2,0,0,CLOUDY,DRY,False,ANGLE COLLISION - OTHER,ANGLE,STRAIGHT & LEVEL,DAYLIGHT,,,11/23/2021 8:12:45 AM,False,2406,Accepted,
29344795,0568000,LOUISVILLE METRO POLICE DEPT,Accepted,JEFFERSON,,,45TH,ST,S,,BROADWAY,,,,,38.250525965,-85.826969017,,11/22/2021 12:00:00 AM,0931,2,2,0,0,CLEAR,DRY,False,OTHER INTERSECTION COLLISIONS,REAR END,STRAIGHT & LEVEL,DAYLIGHT,,,11/23/2021 8:12:49 AM,False,5240,Accepted,
29363172,0568000,LOUISVILLE METRO POLICE DEPT,Accepted,JEFFERSON,US0060,,SHELBYVILLE,RD,,,BURNSDALE,,,,,38.244684073,-85.554804767,9.063,11/22/2021 12:00:00 AM,1830,2,2,0,0,CLEAR,DRY,False,ANGLE COLLISION - OTHER,ANGLE,STRAIGHT & LEVEL,DARK-HWY LIGHTED/ON,,,11/29/2021 8:19:03 AM,False,7631,Accepted,
29382210,0568000,LOUISVILLE METRO POLICE DEPT,Accepted,JEFFERSON,,,BUECHEL BANK,RD,,,,,,,,38.172139256,-85.644009773,,11/22/2021 12:00:00 AM,0649,2,2,0,2,CLEAR,DRY,False,COLLISION IN PARKING LOT,ANGLE,STRAIGHT & LEVEL,DARK (UNKNOWN ROADWAY LIGHTING),,,12/3/2021 9:15:03 AM,False,4693,Accepted,
29349100,0566900,LOUISVILLE AIRPORT POLICE,Accepted,JEFFERSON,,600,TERMINAL,DR,,,,,,,,38.186728857,-85.741355849,0.332,11/22/2021 12:00:00 AM,0000,2,2,0,0,OTHER,DRY,True,COLLISION IN PARKING LOT,REAR END,STRAIGHT & LEVEL,DARK-HWY LIGHTED/ON,,,11/24/2021 7:29:02 AM,False,5884,Accepted,
29349267,0568000,LOUISVILLE METRO POLICE DEPT,Accepted,JEFFERSON,,,DOROTHY,AVE,,,,,,,,38.224039634,-85.688830084,0.003,11/22/2021 12:00:00 AM,1610,2,1,0,0,CLEAR,DRY,False,COLLISION WITH PEDESTRIAN NON - INTERSECTION,SINGLE VEHICLE,STRAIGHT & LEVEL,DAYLIGHT,,,11/24/2021 8:44:31 AM,False,5405,Accepted,
29349275,0568000,LOUISVILLE METRO POLICE DEPT,Accepted,JEFFERSON,US0031W,,DIXIE,HWY,,,UPPER HUNTERS,,,,,38.168510674,-85.828406718,13.269,11/22/2021 12:00:00 AM,2227,4,4,0,2,CLEAR,DRY,False,ANGLE COLLISION - OTHER,ANGLE,STRAIGHT & LEVEL,DARK-HWY LIGHTED/ON,,,11/24/2021 8:44:51 AM,False,7772,Accepted,
29363283,0568000,LOUISVILLE METRO POLICE DEPT,Accepted,JEFFERSON,KY1020,,3RD,ST,S,,CENTRAL,,,,,38.204795583,-85.763981909,9.474,11/22/2021 12:00:00 AM,1756,2,2,0,0,CLEAR,DRY,False,SIDESWIPE-SAME DIRECTION,SIDESWIPE-SAME DIRECTION,STRAIGHT & LEVEL,DAYLIGHT,,,11/29/2021 8:25:45 AM,False,7398,Accepted,
29344797,0568000,LOUISVILLE METRO POLICE DEPT,Accepted,JEFFERSON,KY1865,,TAYLOR,BLVD,,,WHITNEY,,,,,38.193353676,-85.783158637,5.994,11/22/2021 12:00:00 AM,1327,2,2,0,2,CLEAR,DRY,False,ANGLE COLLISION - OTHER,ANGLE,STRAIGHT & LEVEL,DAYLIGHT,,,11/23/2021 8:13:05 AM,False,5252,Accepted,
29344798,0568000,LOUISVILLE METRO POLICE DEPT,Accepted,JEFFERSON,US0031E,,BARDSTOWN,RD,,,HUDSON,,,,,38.164912188,-85.598952888,6.803,11/22/2021 12:00:00 AM,0850,3,3,0,2,CLOUDY,DRY,False,OPPOSING LEFT TURN,OPPOSING LEFT TURN,STRAIGHT & LEVEL,DAYLIGHT,,,11/23/2021 8:13:09 AM,False,4693,Accepted,
29344805,0568000,LOUISVILLE METRO POLICE DEPT,Accepted,JEFFERSON,KY0022,,BROWNSBORO,RD,,,,,WARRINGTON,,CROSSGATE,38.281803827,-85.631880301,0.188,11/22/2021 12:00:00 AM,1646,3,3,0,0,CLOUDY,DRY,False,REAR END IN TRAFFIC LANES BOTH VEHICLES MOVING,REAR END,STRAIGHT & LEVEL,DAYLIGHT,,,11/23/2021 8:13:32 AM,False,2346,Accepted,
29344804,0568000,LOUISVILLE METRO POLICE DEPT,Accepted,JEFFERSON,KY1447,,WESTPORT,RD,,,HERMITAGE,,,,,38.280895148,-85.589026960,4.199,11/22/2021 12:00:00 AM,1416,3,3,0,0,CLEAR,DRY,True,OTHER INTERSECTION COLLISIONS,REAR END,STRAIGHT & GRADE,DAWN,,,11/23/2021 8:13:29 AM,False,2346,Accepted,
29349277,0568000,LOUISVILLE METRO POLICE DEPT,Accepted,JEFFERSON,I 0264,,I264 W,,,I 0264,I264 W EXIT14 ON RAMP FROM KY864 N,,,,,38.195976070,-85.707120537,13.413,11/22/2021 12:00:00 AM,1719,2,2,0,0,CLEAR,DRY,True,OTHER INTERSECTION COLLISIONS,REAR END,STRAIGHT & LEVEL,DAYLIGHT,,,11/24/2021 8:44:59 AM,False,7448,Accepted,
29344838,0568000,LOUISVILLE METRO POLICE DEPT,Accepted,JEFFERSON,I 0264,,I264 W,,,,,,,,,38.201145479,-85.694315850,14.233,11/22/2021 12:00:00 AM,1317,4,4,0,0,CLEAR,DRY,False,1 VEHICLE ENTERING/LEAVING ENTRANCE,ANGLE,STRAIGHT & LEVEL,DAYLIGHT,,,11/23/2021 8:14:46 AM,False,4693,Accepted,
29344928,0561500,UNIV. OF LOUISVILLE POLICE,Accepted,JEFFERSON,,,CARDINAL,BLVD,W,,,,1ST,KY1020,2ND,38.220333987,-85.758921358,0.057,11/22/2021 12:00:00 AM,1442,2,2,0,0,CLEAR,DRY,False,OTHER ROADWAY OR MID-BLOCK COLLISION,REAR END,STRAIGHT & LEVEL,DAYLIGHT,,,11/23/2021 8:55:34 AM,False,5714,Accepted,
29344814,0568000,LOUISVILLE METRO POLICE DEPT,Accepted,JEFFERSON,KY1819,7200,BILLTOWN,RD,,,,,,,,38.142229094,-85.541792301,4.816,11/22/2021 12:00:00 AM,1915,1,1,0,1,CLEAR,DRY,False,COLLISION WITH FIXED OBJECT NON - INTERSECTION - FIRST EVENT COLLISION 09 - 32 EXCLUDING 16,SINGLE VEHICLE,CURVE & LEVEL,DARK-HWY NOT LIGHTED,,,11/23/2021 8:14:01 AM,False,5223,Accepted,
29344830,0568000,LOUISVILLE METRO POLICE DEPT,Accepted,JEFFERSON,,5209,RANGELAND,RD,,,,,,,,38.164603802,-85.663542289,1.027,11/21/2021 12:00:00 AM,0030,5,5,0,0,RAINING,WET,True,COLLISION IN PARKING LOT,ANGLE,STRAIGHT & LEVEL,DARK-HWY LIGHTED/ON,,,11/23/2021 8:14:31 AM,False,5171,Accepted,
29372685,0568000,LOUISVILLE METRO POLICE DEPT,Accepted,JEFFERSON,,,GRADE,LN,,,MELTON,,,,,38.145761017,-85.737593013,2.950,11/21/2021 12:00:00 AM,0649,2,1,1,0,RAINING,WET,True,COLLISION WITH PEDESTRIAN IN INTERSECTION,SINGLE VEHICLE,STRAIGHT & LEVEL,DARK-HWY NOT LIGHTED,,,12/1/2021 8:29:38 AM,False,6886,Accepted,
29344821,0568000,LOUISVILLE METRO POLICE DEPT,Accepted,JEFFERSON,US0031E,,BARDSTOWN,RD,,,FEGENBUSH,,,,,38.187161308,-85.637936336,9.437,11/21/2021 12:00:00 AM,2234,2,2,0,1,CLEAR,WET,False,ANGLE COLLISION - ONE VEHICLE TURNING LEFT,ANGLE,STRAIGHT & LEVEL,DARK-HWY LIGHTED/ON,,,11/23/2021 8:14:20 AM,False,5222,Accepted,
29339639,0568000,LOUISVILLE METRO POLICE DEPT,Accepted,JEFFERSON,I 0064,,I64 W,,,I 0064,I64 W EXIT7 OFF RAMP TO  MELLWOOD AVE,,,,,38.257343441,-85.721927771,6.380,11/21/2021 12:00:00 AM,1318,1,1,0,0,RAINING,WET,False,OTHER INTERSECTION COLLISIONS,SINGLE VEHICLE,STRAIGHT & LEVEL,DAYLIGHT,,,11/22/2021 8:45:57 AM,False,5385,Accepted,
29339640,0568000,LOUISVILLE METRO POLICE DEPT,Accepted,JEFFERSON,,,STONESTREET,RD,,,OLD STONESTREET,,,,,38.105532276,-85.832067123,1.846,11/21/2021 12:00:00 AM,1435,1,1,0,0,RAINING,WET,False,OTHER INTERSECTION COLLISIONS,SINGLE VEHICLE,CURVE & LEVEL,DAYLIGHT,,,11/22/2021 8:46:01 AM,False,5394,Accepted,
29339666,0568000,LOUISVILLE METRO POLICE DEPT,Accepted,JEFFERSON,,,MUHAMMAD ALI,BLVD,W,,32ND,,,,,38.256409424,-85.804935281,2.877,11/21/2021 12:00:00 AM,1734,2,2,0,2,RAINING,WET,False,ANGLE COLLISION - OTHER,ANGLE,STRAIGHT & LEVEL,DARK (UNKNOWN ROADWAY LIGHTING),,,11/22/2021 8:47:16 AM,False,5391,Accepted,