IncidentID,AgencyORI,AgencyName,IncidentStatusDesc,County,RdwyNumber,Street,RoadwayName,StreetSfx,StreetDir,IntersectionRdwy,IntersectionRdwyName,BetweenStRdwy1,BetweenStRdwyName1,BetweenStRdwy2,BetweenStRdwyName2,Latitude,Longitude,Milepoint,CollisionDate,CollisionTime,UnitsInvolved,MotorVehiclesInvolved,NumberKilled,NumberInjured,Weather,RdwyConditionCode,HitandRun,DirAnalysisCode,MannerofCollision,RdwyCharacter,LightCondition,RampFromRdwyId,RampToRdwyId,AcceptedDate,IsSecondaryCollision,OwnerBadge,IncidentStatus,
29339667,0568000,LOUISVILLE METRO POLICE DEPT,Accepted,JEFFERSON,,5501,HAMES,TRCE,,,,,,,,38.165098733,-85.605651159,0.420,11/21/2021 12:00:00 AM,2130,2,2,0,0,CLEAR,WET,False,1 VEHICLE ENTERING/LEAVING ENTRANCE,ANGLE,CURVE & GRADE,DARK-HWY NOT LIGHTED,,,11/22/2021 8:47:24 AM,False,5101,Accepted,
29339684,0568000,LOUISVILLE METRO POLICE DEPT,Accepted,JEFFERSON,,1046,BLUEGRASS,AVE,,,,,,,,38.179738884,-85.781756051,0.935,11/21/2021 12:00:00 AM,2220,2,2,0,0,CLEAR,DRY,True,1 VEHICLE PARKED POSITION (NOT PARKING LOT/DRIVEWAY),REAR END,STRAIGHT & LEVEL,DARK-HWY LIGHTED/ON,,,11/22/2021 8:48:27 AM,False,5249,Accepted,
29381884,0560600,WEST BUECHEL POLICE DEPT.,Accepted,JEFFERSON,,,BASHFORD MANOR,LN,,US0031E,BARDSTOWN,,,,,38.202878608,-85.664627451,0.013,11/21/2021 12:00:00 AM,1700,2,2,0,0,RAINING,WET,False,ANGLE COLLISION - OTHER,ANGLE,STRAIGHT & LEVEL,DUSK,,,12/3/2021 7:15:41 AM,False,1300,Accepted,
29349274,0568000,LOUISVILLE METRO POLICE DEPT,Accepted,JEFFERSON,I 0071,,I71 S,,,,,,,,,38.290169768,-85.645766831,5.124,11/21/2021 12:00:00 AM,2210,2,2,1,0,RAINING,WET,False,1 VEHICLE PARKED POSITION (NOT PARKING LOT/DRIVEWAY),ANGLE,CURVE & LEVEL,DARK-HWY NOT LIGHTED,,,11/24/2021 8:44:47 AM,False,7772,Accepted,
29344796,0568000,LOUISVILLE METRO POLICE DEPT,Accepted,JEFFERSON,I 0064,,,,,,,,,,,38.260259859,-85.738703121,0.085,11/21/2021 12:00:00 AM,1140,1,1,0,5,RAINING,WET,False,OTHER RAMP RELATED COLLISIONS NOT LISTED ABOVE,SINGLE VEHICLE,CURVE & HILLCREST,DAYLIGHT,I 0064,I 0065,11/23/2021 8:12:56 AM,False,7058,Accepted,
29339681,0568000,LOUISVILLE METRO POLICE DEPT,Accepted,JEFFERSON,I 0064,,,,,,,,,,,38.258506516,-85.744270070,0.046,11/21/2021 12:00:00 AM,1610,1,1,0,2,RAINING,WET,False,OTHER RAMP RELATED COLLISIONS NOT LISTED ABOVE,SINGLE VEHICLE,CURVE & HILLCREST,DAYLIGHT,I 0064,I 0065,11/22/2021 8:48:16 AM,False,7058,Accepted,
29339665,0568000,LOUISVILLE METRO POLICE DEPT,Accepted,JEFFERSON,US0150,,BROADWAY,,W,,18TH,,,,,38.248962038,-85.781508619,1.096,11/21/2021 12:00:00 AM,1620,2,2,0,2,RAINING,WET,False,ANGLE COLLISION - OTHER,ANGLE,STRAIGHT & LEVEL,DAYLIGHT,,,11/22/2021 8:47:12 AM,False,5391,Accepted,
29339672,0568000,LOUISVILLE METRO POLICE DEPT,Accepted,JEFFERSON,US0031E,,BARDSTOWN,RD,,,,,,,,38.224041684,-85.690483545,13.445,11/21/2021 12:00:00 AM,0111,3,3,0,0,CLEAR,WET,False,1 VEHICLE ENTERING/LEAVING ENTRANCE,ANGLE,STRAIGHT & LEVEL,DARK-HWY LIGHTED/ON,,,11/22/2021 8:47:48 AM,False,5104,Accepted,
29339633,0568000,LOUISVILLE METRO POLICE DEPT,Accepted,JEFFERSON,I 0064,,I64 E,,,,,,,,,38.235236582,-85.653613489,10.804,11/21/2021 12:00:00 AM,0835,1,1,0,0,RAINING,WET,False,OTHER ROADWAY OR MID-BLOCK COLLISION,SINGLE VEHICLE,CURVE & LEVEL,DAYLIGHT,,,11/22/2021 8:45:36 AM,False,7632,Accepted,
29339642,0568000,LOUISVILLE METRO POLICE DEPT,Accepted,JEFFERSON,KY0061,1244,PRESTON,ST,S,,CAMP,,,,,38.232164192,-85.749903648,11.310,11/21/2021 12:00:00 AM,1218,2,2,0,0,RAINING,WET,False,OTHER INTERSECTION COLLISIONS,REAR END,STRAIGHT & LEVEL,DAYLIGHT,,,11/22/2021 8:46:07 AM,False,5399,Accepted,
29363176,0568000,LOUISVILLE METRO POLICE DEPT,Accepted,JEFFERSON,KY2052,,SHEPHERDSVILLE,RD,,KY1065,OUTER,,,,,38.138991734,-85.657644746,0.002,11/21/2021 12:00:00 AM,1200,2,2,0,0,CLOUDY,DRY,False,SIDESWIPE-SAME DIRECTION,SIDESWIPE-SAME DIRECTION,STRAIGHT & LEVEL,DAYLIGHT,,,11/29/2021 8:19:18 AM,False,2583,Accepted,
29339656,0568000,LOUISVILLE METRO POLICE DEPT,Accepted,JEFFERSON,,7014,WATTERSON,TRL,S,,,,,,,38.146806194,-85.615475198,2.650,11/21/2021 12:00:00 AM,1700,2,2,0,0,RAINING,WET,False,SIDESWIPE COLLISION - OPPOSITE DIRECTION,SIDESWIPE-OPPOSITE DIRECTION,CURVE & LEVEL,DUSK,,,11/22/2021 8:46:44 AM,False,7812,Accepted,
29339657,0568000,LOUISVILLE METRO POLICE DEPT,Accepted,JEFFERSON,,,SOUTHSIDE,DR,,,KENWOOD,,,,,38.179218699,-85.764792056,0.177,11/21/2021 12:00:00 AM,1854,2,2,0,0,RAINING,WET,True,OTHER INTERSECTION COLLISIONS,REAR END,STRAIGHT & LEVEL,DARK-HWY LIGHTED/ON,,,11/22/2021 8:46:48 AM,False,5230,Accepted,
29363208,0568000,LOUISVILLE METRO POLICE DEPT,Accepted,JEFFERSON,US0060A,,EASTERN,PKWY,,,,,,,,38.212451952,-85.747108370,4.280,11/21/2021 12:00:00 AM,1952,1,1,0,1,CLEAR,WET,False,COLLISION WITH FIXED OBJECT NON - INTERSECTION - FIRST EVENT COLLISION 09 - 32 EXCLUDING 16,SINGLE VEHICLE,CURVE & LEVEL,DARK (UNKNOWN ROADWAY LIGHTING),,,11/29/2021 8:21:32 AM,False,5213,Accepted,
29339654,0568000,LOUISVILLE METRO POLICE DEPT,Accepted,JEFFERSON,KY0061,11488,PRESTON,HWY,,,,,,,,38.083431063,-85.667396374,,11/21/2021 12:00:00 AM,1331,4,4,0,1,RAINING,WET,False,OTHER ROADWAY OR MID-BLOCK COLLISION,REAR END,STRAIGHT & LEVEL,DAYLIGHT,,,11/22/2021 8:46:40 AM,False,7812,Accepted,
29339661,0568000,LOUISVILLE METRO POLICE DEPT,Accepted,JEFFERSON,,8403,CEDAR CREEK,RD,,,,,,,,38.122365187,-85.587565270,2.611,11/21/2021 12:00:00 AM,1847,1,1,0,0,RAINING,WET,False,COLLISION WITH FIXED OBJECT NON - INTERSECTION - FIRST EVENT COLLISION 09 - 32 EXCLUDING 16,SINGLE VEHICLE,STRAIGHT & GRADE,DARK-HWY LIGHTED/OFF,,,11/22/2021 8:46:55 AM,False,2321,Accepted,
29339668,0568000,LOUISVILLE METRO POLICE DEPT,Accepted,JEFFERSON,,,PARK,RD,,,,,,,,38.107065526,-85.638025580,0.319,11/21/2021 12:00:00 AM,2056,1,1,0,0,CLEAR,WET,False,COLLISION WITH FIXED OBJECT NON - INTERSECTION - FIRST EVENT COLLISION 09 - 32 EXCLUDING 16,SINGLE VEHICLE,STRAIGHT & HILLCREST,DARK-HWY NOT LIGHTED,,,11/22/2021 8:47:27 AM,False,5198,Accepted,
29339669,0568000,LOUISVILLE METRO POLICE DEPT,Accepted,JEFFERSON,US0031W,,MARKET,ST,W,,,,,,,38.257919144,-85.781181024,20.489,11/21/2021 12:00:00 AM,2132,2,2,0,0,RAINING,WET,False,1 VEHICLE PARKED POSITION (NOT PARKING LOT/DRIVEWAY),HEAD ON,STRAIGHT & LEVEL,DARK-HWY LIGHTED/ON,,,11/22/2021 8:47:33 AM,True,5374,Accepted,
29339626,0568000,LOUISVILLE METRO POLICE DEPT,Accepted,JEFFERSON,US0060A,,EASTERN,PKWY,,,CRITTENDEN,,,,,38.211626201,-85.751281065,4.034,11/21/2021 12:00:00 AM,0104,2,2,0,0,RAINING,WET,False,OPPOSING LEFT TURN,OPPOSING LEFT TURN,STRAIGHT & LEVEL,DARK-HWY LIGHTED/ON,,,11/22/2021 8:45:07 AM,False,5304,Accepted,
29339627,0568000,LOUISVILLE METRO POLICE DEPT,Accepted,JEFFERSON,US0060A,,TAYLOR,BLVD,,,BERRY,,,,,38.196383894,-85.783025083,1.478,11/21/2021 12:00:00 AM,0144,2,2,0,0,CLEAR,WET,False,ANGLE COLLISION - OTHER,ANGLE,STRAIGHT & LEVEL,DARK-HWY LIGHTED/ON,,,11/22/2021 8:45:13 AM,False,5127,Accepted,
29339635,0568000,LOUISVILLE METRO POLICE DEPT,Accepted,JEFFERSON,,,DIXIE,HWY,,,BERNHEIM,,,,,38.221473198,-85.793249815,1.991,11/21/2021 12:00:00 AM,1012,2,2,0,1,RAINING,WET,False,ANGLE COLLISION - OTHER,ANGLE,STRAIGHT & LEVEL,DAYLIGHT,,,11/22/2021 8:45:43 AM,False,5161,Accepted,
29339629,0568000,LOUISVILLE METRO POLICE DEPT,Accepted,JEFFERSON,,,MUHAMMAD ALI,BLVD,W,KY1020,3RD,,,,,38.250980235,-85.755924713,0.061,11/21/2021 12:00:00 AM,0119,2,2,0,0,RAINING,WET,False,OPPOSING LEFT TURN,OPPOSING LEFT TURN,STRAIGHT & LEVEL,DARK-HWY LIGHTED/ON,,,11/22/2021 8:45:21 AM,False,5351,Accepted,
29339637,0568000,LOUISVILLE METRO POLICE DEPT,Accepted,JEFFERSON,I 0065,,I65 S,,,,,,,,,38.090860187,-85.700824304,123.493,11/21/2021 12:00:00 AM,0645,3,3,0,0,RAINING,WET,False,SIDESWIPE COLLISION - SAME DIRECTION,SIDESWIPE-SAME DIRECTION,STRAIGHT & LEVEL,DARK-HWY LIGHTED/ON,,,11/22/2021 8:45:49 AM,False,7989,Accepted,
29339638,0568000,LOUISVILLE METRO POLICE DEPT,Accepted,JEFFERSON,KY1747,3001,FERN VALLEY,RD,,,,,,,,38.157016988,-85.708837224,1.283,11/21/2021 12:00:00 AM,1212,2,2,0,0,RAINING,WET,False,1 VEHICLE ENTERING/LEAVING ENTRANCE,ANGLE,STRAIGHT & LEVEL,DAYLIGHT,,,11/22/2021 8:45:54 AM,False,7989,Accepted,
29339646,0568000,LOUISVILLE METRO POLICE DEPT,Accepted,JEFFERSON,I 0264,,I264 W,,,,,I 0065,I264 W EXIT11 OFF RAMP,I 0065,I264 W EXIT12 OFF RAMP TO,38.191024868,-85.719445156,12.644,11/21/2021 12:00:00 AM,1136,2,2,0,2,RAINING,WET,False,1 VEHICLE ENTERING/LEAVING ENTRANCE,ANGLE,STRAIGHT & LEVEL,DAYLIGHT,,,11/22/2021 8:46:24 AM,False,7383,Accepted,
29339620,0568000,LOUISVILLE METRO POLICE DEPT,Accepted,JEFFERSON,US0031E,,BARDSTOWN,RD,,,,,HIGHLAND,,GRINSTEAD,38.239330658,-85.722652100,15.539,11/21/2021 12:00:00 AM,0214,2,2,0,0,CLOUDY,WET,False,1 VEHICLE PARKED POSITION (NOT PARKING LOT/DRIVEWAY),SIDESWIPE-SAME DIRECTION,STRAIGHT & LEVEL,DARK-HWY LIGHTED/ON,,,11/22/2021 8:44:49 AM,False,2816,Accepted,
29341224,0560300,ST. MATTHEWS POLICE DEPARTMENT,Accepted,JEFFERSON,US0060,5000,SHELBYVILLE,RD,,,,,,,,38.250225403,-85.622017315,5.389,11/21/2021 12:00:00 AM,1600,2,2,0,0,RAINING,WET,False,REAR END IN TRAFFIC LANES BOTH VEHICLES MOVING,REAR END,STRAIGHT & LEVEL,DAYLIGHT,,,11/22/2021 1:42:09 PM,False,9157,Accepted,
29344790,0568000,LOUISVILLE METRO POLICE DEPT,Accepted,JEFFERSON,I 0064,,I64 W,,,,,I 0064,I64 W EXIT7 OFF RAMP TO  MELLWOOD AVE,I 0064,I64 TURN AROUND7,38.252199713,-85.717509711,6.811,11/21/2021 12:00:00 AM,1833,4,4,0,0,RAINING,WET,False,1 VEHICLE ENTERING/LEAVING ENTRANCE,ANGLE,STRAIGHT & LEVEL,DARK-HWY LIGHTED/ON,,,11/23/2021 8:12:27 AM,False,7058,Accepted,
29339617,0568000,LOUISVILLE METRO POLICE DEPT,Accepted,JEFFERSON,KY1747,,FERN VALLEY,RD,,,JEANINE,,,,,38.157850853,-85.688543952,2.397,11/21/2021 12:00:00 AM,0024,2,2,0,0,RAINING,WET,True,ANGLE COLLISION - OTHER,ANGLE,STRAIGHT & LEVEL,DARK-HWY NOT LIGHTED,,,11/22/2021 8:44:45 AM,False,5107,Accepted,
29339678,0568000,LOUISVILLE METRO POLICE DEPT,Accepted,JEFFERSON,,841,RIVER DELL,DR,,,,,,,,38.270721499,-85.701468569,0.080,11/21/2021 12:00:00 AM,0134,2,2,0,0,CLOUDY,WET,False,SIDESWIPE COLLISION - OPPOSITE DIRECTION,SIDESWIPE-OPPOSITE DIRECTION,CURVE & HILLCREST,DARK-HWY NOT LIGHTED,,,11/22/2021 8:48:08 AM,False,7304,Accepted,
29339685,0568000,LOUISVILLE METRO POLICE DEPT,Accepted,JEFFERSON,,,26TH,ST,S,,MAGAZINE,,,,,38.251763017,-85.794609790,0.569,11/21/2021 12:00:00 AM,2051,2,2,0,0,CLOUDY,WET,False,ANGLE COLLISION - OTHER,ANGLE,STRAIGHT & LEVEL,DARK-HWY LIGHTED/ON,,,11/22/2021 8:48:31 AM,False,5351,Accepted,
29339622,0568000,LOUISVILLE METRO POLICE DEPT,Accepted,JEFFERSON,KY1020,6604,SOUTHSIDE,DR,,,,,,,,38.160674840,-85.764803860,6.258,11/21/2021 12:00:00 AM,0206,3,3,0,0,CLOUDY,WET,True,REAR END IN TRAFFIC LANES BOTH VEHICLES MOVING,REAR END,STRAIGHT & LEVEL,DARK-HWY LIGHTED/ON,,,11/22/2021 8:44:53 AM,False,5321,Accepted,
29339624,0568000,LOUISVILLE METRO POLICE DEPT,Accepted,JEFFERSON,US0031E,,BARDSTOWN,RD,,,GRINSTEAD,,,,,38.238413728,-85.720981068,15.423,11/21/2021 12:00:00 AM,0347,1,1,0,0,CLOUDY,WET,False,COLLISION WITH FIXED OBJECT IN INTERSECTION - FIRST EVENT COLLISION 09 - 32,SINGLE VEHICLE,STRAIGHT & LEVEL,DARK-HWY LIGHTED/ON,,,11/22/2021 8:44:59 AM,False,2816,Accepted,
29339625,0568000,LOUISVILLE METRO POLICE DEPT,Accepted,JEFFERSON,US0060A,,TAYLOR,BLVD,,,,,CLARA,,OLEANDA,38.200593052,-85.782575223,1.789,11/21/2021 12:00:00 AM,0115,2,2,0,4,RAINING,WET,False,1 VEHICLE ENTERING/LEAVING ENTRANCE,ANGLE,STRAIGHT & LEVEL,DARK-HWY LIGHTED/ON,,,11/22/2021 8:45:03 AM,False,5372,Accepted,
29349287,0568000,LOUISVILLE METRO POLICE DEPT,Accepted,JEFFERSON,KY0061,,PRESTON,HWY,,,MINOR,,,,,38.144795174,-85.690256202,4.425,11/21/2021 12:00:00 AM,0636,3,3,0,1,RAINING,WET,False,OTHER INTERSECTION COLLISIONS,REAR END,STRAIGHT & LEVEL,DARK-HWY LIGHTED/ON,,,11/24/2021 8:45:27 AM,False,5141,Accepted,
29338821,0561000,JEFFERSONTOWN POLICE DEPT,Accepted,JEFFERSON,KY0155,,TAYLORSVILLE,RD,,,,,WILLOWVIEW,,CHENOWETH RUN,38.189219722,-85.556003197,8.692,11/21/2021 12:00:00 AM,2227,2,2,0,0,CLOUDY,WET,False,REAR END IN TRAFFIC LANES BOTH VEHICLES MOVING,REAR END,STRAIGHT & GRADE,DARK-HWY LIGHTED/ON,,,11/22/2021 4:17:10 AM,False,8327,Accepted,
29339636,0568000,LOUISVILLE METRO POLICE DEPT,Accepted,JEFFERSON,I 0071,,I71 N,,,,,,,,,38.295147995,-85.628624760,6.168,11/21/2021 12:00:00 AM,1220,1,1,0,0,RAINING,WET,False,OTHER ROADWAY OR MID-BLOCK COLLISION,SINGLE VEHICLE,STRAIGHT & GRADE,DAYLIGHT,,,11/22/2021 8:45:46 AM,False,2346,Accepted,
29339643,0568000,LOUISVILLE METRO POLICE DEPT,Accepted,JEFFERSON,,,VIRGINIA,AVE,,,26TH,,,,,38.237756526,-85.796263949,0.002,11/21/2021 12:00:00 AM,1351,2,2,0,2,CLEAR,WET,False,ANGLE COLLISION - OTHER,ANGLE,STRAIGHT & LEVEL,DAYLIGHT,,,11/22/2021 8:46:11 AM,False,5309,Accepted,
29339644,0568000,LOUISVILLE METRO POLICE DEPT,Accepted,JEFFERSON,I 0265,,,,,,,,,,,38.309642154,-85.573617748,0.169,11/21/2021 12:00:00 AM,1614,2,2,0,1,RAINING,WET,False,OTHER RAMP RELATED COLLISIONS NOT LISTED ABOVE,REAR END,STRAIGHT & GRADE,DAYLIGHT,I 0265,KY0022,11/22/2021 8:46:15 AM,False,2346,Accepted,
29339651,0568000,LOUISVILLE METRO POLICE DEPT,Accepted,JEFFERSON,KY3064,,PORTLAND,AVE,,,24TH,,,,,38.270117448,-85.787324853,0.286,11/21/2021 12:00:00 AM,1713,3,3,0,0,CLOUDY,WET,False,COLLISION WITH PARKED VEHICLE,REAR END,STRAIGHT & LEVEL,DUSK,,,11/22/2021 8:46:36 AM,False,7463,Accepted,
29339662,0568000,LOUISVILLE METRO POLICE DEPT,Accepted,JEFFERSON,I 0265,,,,,,,,,,,38.108713893,-85.674461725,0.017,11/21/2021 12:00:00 AM,1757,2,2,0,0,RAINING,WET,False,OTHER RAMP RELATED COLLISIONS NOT LISTED ABOVE,SIDESWIPE-SAME DIRECTION,STRAIGHT & LEVEL,DARK-HWY LIGHTED/ON,I 0265,KY0061,11/22/2021 8:46:58 AM,False,5141,Accepted,
29438216,0568000,LOUISVILLE METRO POLICE DEPT,Accepted,JEFFERSON,KY0841,,GENE SNYDER,FWY,,,,KY0841,KY841 RAMP TO KY1020,KY0841,KY841 CROSSOVER,38.114210071,-85.718114715,9.318,11/21/2021 12:00:00 AM,1820,2,2,0,2,CLOUDY,DRY,False,REAR END IN TRAFFIC LANES BOTH VEHICLES MOVING,REAR END,STRAIGHT & LEVEL,DARK-HWY NOT LIGHTED,,,12/14/2021 8:16:11 AM,False,2583,Accepted,
29368184,0568000,LOUISVILLE METRO POLICE DEPT,Accepted,JEFFERSON,,,LARCHMONT,AVE,,,,,COLORADO,,UTAH,38.210308151,-85.780564618,0.367,11/21/2021 12:00:00 AM,2102,2,2,0,0,CLOUDY,WET,False,1 VEHICLE ENTERING/LEAVING ENTRANCE,ANGLE,STRAIGHT & LEVEL,DARK-HWY LIGHTED/ON,,,11/30/2021 8:14:38 AM,False,5387,Accepted,
29364350,KSP0400,KY STATE POLICE POST 04,Accepted,JEFFERSON,US0031W,,DIXIE,HWY,,,,,,,,38.022085372,-85.917415244,1.957,11/21/2021 12:00:00 AM,2119,1,1,0,2,CLEAR,DRY,False,OTHER COLLISIONS ON SHOULDER,SINGLE VEHICLE,CURVE & GRADE,DARK (UNKNOWN ROADWAY LIGHTING),,,11/29/2021 11:19:04 AM,False,782,Accepted,
29409852,0568000,LOUISVILLE METRO POLICE DEPT,Accepted,JEFFERSON,US0031E,2235,BARDSTOWN,RD,,,,,,,,38.218761623,-85.678637309,12.686,11/21/2021 12:00:00 AM,0451,1,1,0,0,CLEAR,DRY,True,COLLISION WITH FIXED OBJECT NON - INTERSECTION - FIRST EVENT COLLISION 09 - 32 EXCLUDING 16,SINGLE VEHICLE,STRAIGHT & LEVEL,DARK-HWY LIGHTED/ON,,,12/10/2021 8:12:14 AM,False,7012,Accepted,
29363206,0568000,LOUISVILLE METRO POLICE DEPT,Accepted,JEFFERSON,,5315,HAMES,TRCE,,,,,,,,38.164424137,-85.605389210,0.357,11/21/2021 12:00:00 AM,1840,1,1,0,0,RAINING,WET,False,OTHER COLLISIONS ON SHOULDER,SINGLE VEHICLE,CURVE & HILLCREST,DARK-HWY NOT LIGHTED,,,11/29/2021 8:21:26 AM,False,7914,Accepted,
29409823,0568000,LOUISVILLE METRO POLICE DEPT,Accepted,JEFFERSON,KY1020,,3RD,ST,S,KY1020,TENNY,,,,,38.176919116,-85.767051929,7.470,11/21/2021 12:00:00 AM,1655,3,3,0,0,CLOUDY,WET,False,ANGLE COLLISION - OTHER,ANGLE,STRAIGHT & LEVEL,DUSK,,,12/10/2021 8:10:12 AM,False,5139,Accepted,
29483314,0568000,LOUISVILLE METRO POLICE DEPT,Accepted,JEFFERSON,I 0071,,I71 N,,,I 0071,I264 E EXIT23 RAMP TO I64 E,,,,,38.290775206,-85.641790905,5.384,11/20/2021 12:00:00 AM,1046,2,2,0,0,CLEAR,DRY,False,SIDESWIPE-SAME DIRECTION,SIDESWIPE-SAME DIRECTION,CURVE & LEVEL,DAYLIGHT,,,12/20/2021 8:40:04 AM,False,7005,Accepted,
29339594,0568000,LOUISVILLE METRO POLICE DEPT,Accepted,JEFFERSON,I 0065,,I65 N EXIT128 TRANSIT,,,,,,,,,38.154241597,-85.716166461,1.601,11/20/2021 12:00:00 AM,0718,2,2,0,0,CLOUDY,DRY,False,1 VEHICLE ENTERING/LEAVING ENTRANCE,ANGLE,STRAIGHT & LEVEL,DAWN,,,11/22/2021 8:43:39 AM,False,2547,Accepted,
29339611,0568000,LOUISVILLE METRO POLICE DEPT,Accepted,JEFFERSON,,,BASHFORD MANOR,LN,,,MAYO,,,,,38.199915411,-85.670313642,0.375,11/20/2021 12:00:00 AM,1720,2,2,0,1,CLEAR,DRY,False,OPPOSING LEFT TURN,OPPOSING LEFT TURN,STRAIGHT & LEVEL,DUSK,,,11/22/2021 8:44:18 AM,False,5233,Accepted,
29339612,0568000,LOUISVILLE METRO POLICE DEPT,Accepted,JEFFERSON,I 0265,,I265 S,,,,,,,,,38.301654176,-85.555280191,32.948,11/20/2021 12:00:00 AM,1810,2,2,0,0,CLEAR,DRY,False,SIDESWIPE COLLISION - SAME DIRECTION,SIDESWIPE-SAME DIRECTION,STRAIGHT & LEVEL,DARK-HWY NOT LIGHTED,,,11/22/2021 8:44:21 AM,False,7111,Accepted,
29339584,0568000,LOUISVILLE METRO POLICE DEPT,Accepted,JEFFERSON,,,BRECKINRIDGE,ST,E,US0031E,BAXTER,,,,,38.242719594,-85.726238509,0.002,11/20/2021 12:00:00 AM,0301,2,2,0,0,CLEAR,DRY,True,COLLISION WITH PARKED VEHICLE,ANGLE,STRAIGHT & LEVEL,DARK-HWY LIGHTED/ON,,,11/22/2021 8:43:13 AM,False,5212,Accepted,
29339609,0568000,LOUISVILLE METRO POLICE DEPT,Accepted,JEFFERSON,US0031W,,DIXIE,HWY,,,,,HILLVIEW,,PAGES,38.131249946,-85.847288697,10.592,11/20/2021 12:00:00 AM,1505,2,2,0,0,CLEAR,DRY,False,1 VEHICLE ENTERING/LEAVING ENTRANCE,ANGLE,STRAIGHT & LEVEL,DAYLIGHT,,,11/22/2021 8:44:10 AM,False,7336,Accepted,
29339586,0568000,LOUISVILLE METRO POLICE DEPT,Accepted,JEFFERSON,I 0065,,I65 N,,,I 0065,I65 N EXIT125B OFF RAMP TO KY481,,,,,38.113200027,-85.701457697,125.035,11/20/2021 12:00:00 AM,0329,2,2,0,0,CLEAR,DRY,False,OTHER INTERSECTION COLLISIONS,REAR END,STRAIGHT & LEVEL,DARK-HWY LIGHTED/ON,,,11/22/2021 8:43:20 AM,False,5264,Accepted,
29339623,0568000,LOUISVILLE METRO POLICE DEPT,Accepted,JEFFERSON,,,HILL,ST,W,,25TH,,,,,38.229816650,-85.796532525,2.186,11/20/2021 12:00:00 AM,1753,2,2,0,0,CLEAR,DRY,False,OPPOSITE DIRECTION - BOTH VEHICLES GOING STRAIGHT AHEAD,SIDESWIPE-OPPOSITE DIRECTION,STRAIGHT & LEVEL,DUSK,,,11/22/2021 8:44:56 AM,False,5384,Accepted,
29339631,0568000,LOUISVILLE METRO POLICE DEPT,Accepted,JEFFERSON,I 0264,,I264 E,,,,,I 0264,I264 E EXIT16 OFF RAMP TO US31E,I 0264,I264 E EXIT15 ON RAMP FROM KY1703,38.203421829,-85.684102825,14.789,11/20/2021 12:00:00 AM,1626,3,3,0,4,CLEAR,DRY,True,REAR END IN TRAFFIC LANES BOTH VEHICLES MOVING,REAR END,STRAIGHT & LEVEL,DAYLIGHT,,,11/22/2021 8:45:29 AM,False,7383,Accepted,
29339677,0568000,LOUISVILLE METRO POLICE DEPT,Accepted,JEFFERSON,,2608,5TH,ST,S,,,,,,,38.211695197,-85.766146703,2.031,11/20/2021 12:00:00 AM,2350,2,2,0,0,CLEAR,WET,False,1 VEHICLE PARKED POSITION (NOT PARKING LOT/DRIVEWAY),HEAD ON,STRAIGHT & LEVEL,DARK-HWY LIGHTED/ON,,,11/22/2021 8:48:04 AM,False,5204,Accepted,
29339588,0568000,LOUISVILLE METRO POLICE DEPT,Accepted,JEFFERSON,,,18TH,ST,S,,MAGAZINE,,,,,38.250243947,-85.781267391,0.622,11/20/2021 12:00:00 AM,0414,2,2,0,1,CLEAR,DRY,False,COLLISION WITH PARKED VEHICLE,SIDESWIPE-SAME DIRECTION,STRAIGHT & LEVEL,DARK-HWY LIGHTED/ON,,,11/22/2021 8:43:27 AM,False,5306,Accepted,
29339628,0568000,LOUISVILLE METRO POLICE DEPT,Accepted,JEFFERSON,KY0864,,POPLAR LEVEL,RD,,,QUARRY HILL,,,,,38.209143734,-85.716308998,12.390,11/20/2021 12:00:00 AM,2225,2,2,0,0,CLEAR,DRY,False,OTHER INTERSECTION COLLISIONS,REAR TO REAR,STRAIGHT & LEVEL,DARK-HWY LIGHTED/ON,,,11/22/2021 8:45:18 AM,False,7972,Accepted,
29339634,0568000,LOUISVILLE METRO POLICE DEPT,Accepted,JEFFERSON,,,28TH,ST,S,,BROADWAY,,,,,38.249795194,-85.798248971,0.782,11/20/2021 12:00:00 AM,1626,1,1,0,0,CLOUDY,DRY,True,OTHER INTERSECTION COLLISIONS,SINGLE VEHICLE,STRAIGHT & LEVEL,DAWN,,,11/22/2021 8:45:39 AM,False,5391,Accepted,