IncidentID,AgencyORI,AgencyName,IncidentStatusDesc,County,RdwyNumber,Street,RoadwayName,StreetSfx,StreetDir,IntersectionRdwy,IntersectionRdwyName,BetweenStRdwy1,BetweenStRdwyName1,BetweenStRdwy2,BetweenStRdwyName2,Latitude,Longitude,Milepoint,CollisionDate,CollisionTime,UnitsInvolved,MotorVehiclesInvolved,NumberKilled,NumberInjured,Weather,RdwyConditionCode,HitandRun,DirAnalysisCode,MannerofCollision,RdwyCharacter,LightCondition,RampFromRdwyId,RampToRdwyId,AcceptedDate,IsSecondaryCollision,OwnerBadge,IncidentStatus,
29321712,0568000,LOUISVILLE METRO POLICE DEPT,Accepted,JEFFERSON,I 0264,,I264 W,,,I 0264,I264 W EXIT18A OFF RAMP TO KY1932 S,,,,,38.227636234,-85.637941882,17.794,11/16/2021 12:00:00 AM,1805,2,2,0,0,CLEAR,DRY,False,OTHER INTERSECTION COLLISIONS,REAR END,STRAIGHT & LEVEL,DARK-HWY LIGHTED/ON,,,11/17/2021 7:09:46 AM,False,7740,Accepted,
29321713,0568000,LOUISVILLE METRO POLICE DEPT,Accepted,JEFFERSON,KY2054,,ALGONQUIN,PKWY,,,,,13TH,KY1931,7TH ST,38.220313514,-85.777621647,2.496,11/16/2021 12:00:00 AM,1740,2,2,0,0,CLEAR,DRY,False,1 VEHICLE ENTERING/LEAVING ENTRANCE,ANGLE,STRAIGHT & LEVEL,DUSK,,,11/17/2021 7:09:50 AM,False,7538,Accepted,
29321721,0568000,LOUISVILLE METRO POLICE DEPT,Accepted,JEFFERSON,KY1747,,HURSTBOURNE,PKWY,N,,,,,,,38.286632348,-85.571380616,16.952,11/16/2021 12:00:00 AM,1910,3,3,0,0,CLEAR,DRY,False,SIDESWIPE COLLISION - OPPOSITE DIRECTION,SIDESWIPE-OPPOSITE DIRECTION,STRAIGHT & LEVEL,DARK-HWY LIGHTED/ON,,,11/17/2021 7:10:17 AM,False,7408,Accepted,
29327530,0560300,ST. MATTHEWS POLICE DEPARTMENT,Accepted,JEFFERSON,US0060,5000,SHELBYVILLE,RD,,,,,,,,38.250144172,-85.623291898,5.318,11/16/2021 12:00:00 AM,1950,2,2,0,0,CLEAR,DRY,False,REAR END IN TRAFFIC LANES BOTH VEHICLES MOVING,REAR END,STRAIGHT & LEVEL,DARK-HWY LIGHTED/ON,,,11/18/2021 2:26:45 PM,False,9157,Accepted,
29326238,0568000,LOUISVILLE METRO POLICE DEPT,Accepted,JEFFERSON,I 0065,,I65 S,,,,,,,,,38.153057405,-85.715711197,127.931,11/16/2021 12:00:00 AM,1500,3,3,0,0,CLEAR,DRY,False,1 VEHICLE ENTERING/LEAVING ENTRANCE,ANGLE,STRAIGHT & LEVEL,DAYLIGHT,,,11/18/2021 8:21:19 AM,False,5042,Accepted,
29326209,0568000,LOUISVILLE METRO POLICE DEPT,Accepted,JEFFERSON,,,LIBERTY,ST,W,,1ST,,,,,38.252524264,-85.752200714,0.880,11/16/2021 12:00:00 AM,0627,2,2,0,0,CLEAR,DRY,False,OPPOSITE DIRECTION - BOTH VEHICLES GOING STRAIGHT AHEAD,SIDESWIPE-OPPOSITE DIRECTION,STRAIGHT & LEVEL,DARK-HWY LIGHTED/ON,,,11/18/2021 8:18:52 AM,False,5318,Accepted,
29321711,0568000,LOUISVILLE METRO POLICE DEPT,Accepted,JEFFERSON,,,BROOK,ST,S,,JEFFERSON,,,,,38.253113198,-85.750530760,3.396,11/16/2021 12:00:00 AM,1740,2,2,0,0,CLEAR,DRY,False,OTHER INTERSECTION COLLISIONS,REAR END,STRAIGHT & LEVEL,DUSK,,,11/17/2021 7:09:42 AM,False,7904,Accepted,
29326210,0568000,LOUISVILLE METRO POLICE DEPT,Accepted,JEFFERSON,,429,MUHAMMAD ALI,BLVD,E,,,,,,,38.248797646,-85.735713705,0.115,11/16/2021 12:00:00 AM,2142,4,4,0,0,CLEAR,DRY,True,1 VEHICLE ENTERING/LEAVING ENTRANCE,ANGLE,STRAIGHT & LEVEL,DARK-HWY LIGHTED/ON,,,11/18/2021 8:18:58 AM,False,5318,Accepted,
29321681,0568000,LOUISVILLE METRO POLICE DEPT,Accepted,JEFFERSON,US0031W,1814,22ND,ST,S,,,,,,,38.224237192,-85.794701264,17.803,11/16/2021 12:00:00 AM,0533,2,2,0,0,CLEAR,DRY,False,1 VEHICLE PARKED POSITION (NOT PARKING LOT/DRIVEWAY),REAR END,STRAIGHT & GRADE,DARK-HWY LIGHTED/ON,,,11/17/2021 7:08:12 AM,False,5386,Accepted,
29321698,0568000,LOUISVILLE METRO POLICE DEPT,Accepted,JEFFERSON,KY3084,,OLD HENRY,RD,,,HIGH WICKHAM,,,,,38.273129931,-85.492462104,1.676,11/16/2021 12:00:00 AM,0825,2,2,0,1,CLEAR,DRY,False,ANGLE COLLISION - OTHER,ANGLE,STRAIGHT & LEVEL,DAYLIGHT,,,11/17/2021 7:08:53 AM,False,2109,Accepted,
29321707,0568000,LOUISVILLE METRO POLICE DEPT,Accepted,JEFFERSON,,2433,SLEVIN,ST,,,,,,,,38.264624180,-85.789716574,0.064,11/16/2021 12:00:00 AM,0827,2,2,0,0,CLEAR,DRY,False,1 VEHICLE PARKED POSITION (NOT PARKING LOT/DRIVEWAY),ANGLE,STRAIGHT & LEVEL,DAYLIGHT,,,11/17/2021 7:09:27 AM,False,7292,Accepted,
29321714,0568000,LOUISVILLE METRO POLICE DEPT,Accepted,JEFFERSON,I 0264,,I264 E,,,,,,,,,38.216655271,-85.660595119,16.364,11/16/2021 12:00:00 AM,1723,6,6,0,3,CLEAR,DRY,False,REAR END IN TRAFFIC LANES BOTH VEHICLES MOVING,REAR END,STRAIGHT & LEVEL,DAYLIGHT,,,11/17/2021 7:09:54 AM,False,6813,Accepted,
29321715,0568000,LOUISVILLE METRO POLICE DEPT,Accepted,JEFFERSON,KY1020,,SOUTHSIDE,DR,,,,,,,,38.170129893,-85.764728669,6.906,11/16/2021 12:00:00 AM,1211,2,2,0,0,CLEAR,DRY,False,REAR END IN TRAFFIC LANES BOTH VEHICLES MOVING,REAR END,STRAIGHT & LEVEL,DAYLIGHT,,,11/17/2021 7:09:58 AM,False,7234,Accepted,
29321724,0568000,LOUISVILLE METRO POLICE DEPT,Accepted,JEFFERSON,US0042,2730,BROWNSBORO,RD,,,,,BIRCHWOOD,,RIDGEDALE,38.259277605,-85.694948452,2.235,11/16/2021 12:00:00 AM,2055,2,2,0,0,CLEAR,DRY,False,SIDESWIPE COLLISION - SAME DIRECTION,SIDESWIPE-SAME DIRECTION,STRAIGHT & LEVEL,DARK-HWY LIGHTED/ON,,,11/17/2021 7:10:29 AM,False,7012,Accepted,
29322335,0561500,UNIV. OF LOUISVILLE POLICE,Accepted,JEFFERSON,,2300,CRITTENDEN,DR,,,,,,,,38.213172742,-85.751180196,0.257,11/16/2021 12:00:00 AM,1859,2,2,0,0,CLOUDY,DRY,False,COLLISION IN PARKING LOT,HEAD ON,STRAIGHT & GRADE,DARK-HWY LIGHTED/ON,,,11/17/2021 10:02:02 AM,False,5714,Accepted,
29326213,0568000,LOUISVILLE METRO POLICE DEPT,Accepted,JEFFERSON,US0031W,,22ND,ST,S,KY2054,ALGONQUIN,,,,,38.223385022,-85.795169239,17.730,11/16/2021 12:00:00 AM,1715,2,2,0,2,CLEAR,DRY,False,OPPOSING LEFT TURN,OPPOSING LEFT TURN,CURVE & LEVEL,DAYLIGHT,,,11/18/2021 8:19:13 AM,False,2469,Accepted,
29321693,0568000,LOUISVILLE METRO POLICE DEPT,Accepted,JEFFERSON,,,SPRINGHURST,BLVD,,,TOWNE CENTER,,,,,38.300491123,-85.559519903,0.488,11/16/2021 12:00:00 AM,1201,2,2,0,0,CLEAR,DRY,False,ANGLE COLLISION - OTHER,ANGLE,STRAIGHT & LEVEL,DAYLIGHT,,,11/17/2021 7:08:45 AM,False,7876,Accepted,
29321700,0568000,LOUISVILLE METRO POLICE DEPT,Accepted,JEFFERSON,I 0264,,I264 E,,,,,I 0264,I264 E EXIT18 TRANSIT,I 0264,I264 E EXIT18 ON RAMP FROM KY1932 N,38.230608247,-85.631898537,18.201,11/16/2021 12:00:00 AM,1600,2,2,0,0,CLEAR,DRY,False,REAR END IN TRAFFIC LANES BOTH VEHICLES MOVING,REAR END,STRAIGHT & LEVEL,DAYLIGHT,,,11/17/2021 7:09:00 AM,False,2013,Accepted,
29321701,0568000,LOUISVILLE METRO POLICE DEPT,Accepted,JEFFERSON,,,JEFFERSON,ST,W,,10TH,,,,,38.254940596,-85.766974946,0.820,11/16/2021 12:00:00 AM,1018,2,2,0,0,CLEAR,DRY,False,SIDESWIPE-SAME DIRECTION,SIDESWIPE-SAME DIRECTION,STRAIGHT & LEVEL,DAYLIGHT,,,11/17/2021 7:09:04 AM,False,5338,Accepted,
29321708,0568000,LOUISVILLE METRO POLICE DEPT,Accepted,JEFFERSON,,,MARKET,ST,W,,34TH,,,,,38.260924145,-85.806867531,1.121,11/16/2021 12:00:00 AM,1806,2,2,0,0,CLEAR,DRY,True,OTHER INTERSECTION COLLISIONS,REAR END,STRAIGHT & LEVEL,DUSK,,,11/17/2021 7:09:31 AM,False,7463,Accepted,
29321709,0568000,LOUISVILLE METRO POLICE DEPT,Accepted,JEFFERSON,,,OAK,ST,W,,15TH,,,,,38.236656694,-85.778357322,1.260,11/16/2021 12:00:00 AM,1329,1,1,0,0,CLEAR,DRY,False,OTHER INTERSECTION COLLISIONS,SINGLE VEHICLE,STRAIGHT & LEVEL,DAYLIGHT,,,11/17/2021 7:09:34 AM,False,5032,Accepted,
29321697,0568000,LOUISVILLE METRO POLICE DEPT,Accepted,JEFFERSON,,2201,ENGLISH STATION,RD,S,,,,ECHO,,FRAHLICH,38.196950023,-85.474573599,0.528,11/16/2021 12:00:00 AM,1315,2,2,0,1,CLEAR,DRY,False,HEAD-ON COLLISION,HEAD ON,STRAIGHT & LEVEL,DAYLIGHT,,,11/17/2021 7:08:49 AM,False,7876,Accepted,
29321704,0568000,LOUISVILLE METRO POLICE DEPT,Accepted,JEFFERSON,US0031E,,BARDSTOWN,RD,,,GLENMARY VILLAGE,,,,,38.103246899,-85.565665126,2.051,11/16/2021 12:00:00 AM,1651,2,2,0,0,CLEAR,DRY,False,OTHER INTERSECTION COLLISIONS,REAR END,STRAIGHT & LEVEL,DAYLIGHT,,,11/17/2021 7:09:17 AM,False,2324,Accepted,
29321705,0568000,LOUISVILLE METRO POLICE DEPT,Accepted,JEFFERSON,KY0864,4822,POPLAR LEVEL,RD,,,,,,,,38.173925771,-85.686785574,9.405,11/16/2021 12:00:00 AM,1629,2,2,0,0,CLEAR,DRY,True,REAR END IN TRAFFIC LANES BOTH VEHICLES MOVING,REAR END,STRAIGHT & LEVEL,DAYLIGHT,,,11/17/2021 7:09:21 AM,False,7383,Accepted,
29321716,0568000,LOUISVILLE METRO POLICE DEPT,Accepted,JEFFERSON,,,LOWER HUNTERS,TRCE,,,,,,,,38.156701187,-85.839413122,0.267,11/16/2021 12:00:00 AM,1622,1,1,0,1,CLOUDY,DRY,False,RAN OFF ROADWAY (1 VEHICLE WITH/EARTH EMBANKMENT/DITCH),SINGLE VEHICLE,CURVE & LEVEL,DAYLIGHT,,,11/17/2021 7:10:02 AM,False,7234,Accepted,
29321686,0568000,LOUISVILLE METRO POLICE DEPT,Accepted,JEFFERSON,,201,RESERVOIR,AVE,,,,,,,,38.257359320,-85.680617353,0.198,11/16/2021 12:00:00 AM,1119,1,1,0,0,CLEAR,DRY,False,COLLISION IN PARKING LOT,SINGLE VEHICLE,STRAIGHT & LEVEL,DAYLIGHT,,,11/17/2021 7:08:26 AM,False,2673,Accepted,
29321687,0568000,LOUISVILLE METRO POLICE DEPT,Accepted,JEFFERSON,KY0864,,POPLAR LEVEL,RD,,,SHADY VILLA,,,,,38.163193229,-85.678667125,8.553,11/16/2021 12:00:00 AM,1241,2,2,0,1,CLEAR,DRY,False,OTHER INTERSECTION COLLISIONS,REAR END,STRAIGHT & LEVEL,DAYLIGHT,,,11/17/2021 7:08:29 AM,False,7383,Accepted,
29321717,0568000,LOUISVILLE METRO POLICE DEPT,Accepted,JEFFERSON,US0031W,,DIXIE,HWY,,,,,,,,38.160722794,-85.832281225,12.782,11/16/2021 12:00:00 AM,1857,2,2,0,0,CLOUDY,DRY,False,REAR END IN TRAFFIC LANES BOTH VEHICLES MOVING,REAR END,STRAIGHT & LEVEL,DARK-HWY LIGHTED/ON,,,11/17/2021 7:10:05 AM,False,7234,Accepted,
29321718,0568000,LOUISVILLE METRO POLICE DEPT,Accepted,JEFFERSON,KY2048,,DUTCHMANS,LN,,,GAST,,,,,38.224197457,-85.654631544,0.234,11/16/2021 12:00:00 AM,0140,2,1,0,1,CLEAR,DRY,False,COLLISION WITH BICYCLE IN INTERSECTION,SINGLE VEHICLE,STRAIGHT & LEVEL,DAYLIGHT,,,11/17/2021 7:10:10 AM,False,2228,Accepted,
29321725,0568000,LOUISVILLE METRO POLICE DEPT,Accepted,JEFFERSON,,1104,HATHAWAY,AVE,,,,,PEACHTREE,,HENRY,38.195305491,-85.780359788,0.145,11/16/2021 12:00:00 AM,2310,2,2,0,0,CLEAR,DRY,False,1 VEHICLE PARKED POSITION (NOT PARKING LOT/DRIVEWAY),SIDESWIPE-SAME DIRECTION,STRAIGHT & LEVEL,DARK-HWY LIGHTED/ON,,,11/17/2021 7:10:33 AM,False,5387,Accepted,
29317344,0568000,LOUISVILLE METRO POLICE DEPT,Accepted,JEFFERSON,,,SHEPHERDSVILLE,RD,,KY2845,MANSLICK,,,,,38.119294323,-85.668663377,1.508,11/16/2021 12:00:00 AM,0100,1,1,0,0,CLEAR,DRY,False,COLLISION WITH FIXED OBJECT IN INTERSECTION - FIRST EVENT COLLISION 09 - 32,SINGLE VEHICLE,STRAIGHT & LEVEL,DARK-HWY NOT LIGHTED,,,11/16/2021 8:10:08 AM,False,5101,Accepted,
29372701,0568000,LOUISVILLE METRO POLICE DEPT,Accepted,JEFFERSON,US0060A,,EASTERN,PKWY,,,,,PINDELL,,KESWICK,38.217801900,-85.737149721,4.944,11/16/2021 12:00:00 AM,0808,3,3,1,5,CLEAR,DRY,False,HEAD-ON COLLISION,HEAD ON,STRAIGHT & LEVEL,DAYLIGHT,,,12/1/2021 8:30:32 AM,False,7720,Accepted,
29368155,0568000,LOUISVILLE METRO POLICE DEPT,Accepted,JEFFERSON,US0031E,,BARDSTOWN,RD,,,,,WROCKLAGE,,WROCKLAGE,38.223849552,-85.688979948,13.360,11/16/2021 12:00:00 AM,1635,2,2,0,0,CLEAR,DRY,False,OTHER ROADWAY OR MID-BLOCK COLLISION,REAR END,STRAIGHT & LEVEL,DAYLIGHT,,,11/30/2021 8:12:53 AM,False,2228,Accepted,
29526281,0568000,LOUISVILLE METRO POLICE DEPT,Accepted,JEFFERSON,KY1865,4148,TAYLOR,BLVD,,,,,,,,38.181395426,-85.783516063,5.160,11/16/2021 12:00:00 AM,0846,2,2,0,1,CLEAR,DRY,False,1 VEHICLE ENTERING/LEAVING ENTRANCE,ANGLE,STRAIGHT & LEVEL,DAWN,,,1/3/2022 7:49:32 AM,False,5180,Accepted,
29339649,0568000,LOUISVILLE METRO POLICE DEPT,Accepted,JEFFERSON,US0060A,2530,3RD,ST,S,,,,,,,38.212973647,-85.762442016,3.355,11/15/2021 12:00:00 AM,1417,1,1,0,2,CLEAR,DRY,False,COLLISION WITH FIXED OBJECT NON - INTERSECTION - FIRST EVENT COLLISION 09 - 32 EXCLUDING 16,SINGLE VEHICLE,STRAIGHT & GRADE,DAYLIGHT,,,11/22/2021 8:46:28 AM,False,7251,Accepted,
29339614,0568000,LOUISVILLE METRO POLICE DEPT,Accepted,JEFFERSON,US0060A,,BERRY,BLVD,,,,,WHEELER,,POWELL,38.196461251,-85.788355611,1.169,11/15/2021 12:00:00 AM,1500,2,2,0,0,CLEAR,DRY,False,1 VEHICLE PARKED POSITION (NOT PARKING LOT/DRIVEWAY),REAR END,STRAIGHT & LEVEL,DAYLIGHT,,,11/22/2021 8:44:31 AM,False,7116,Accepted,
29339613,0568000,LOUISVILLE METRO POLICE DEPT,Accepted,JEFFERSON,,,CRUMS,LN,,,,US0060A,7TH ST,KY1931,MANSLICK,38.191664206,-85.807434135,0.042,11/15/2021 12:00:00 AM,1700,2,2,0,0,CLEAR,DRY,False,1 VEHICLE ENTERING/LEAVING ENTRANCE,ANGLE,STRAIGHT & LEVEL,DARK-HWY LIGHTED/ON,,,11/22/2021 8:44:25 AM,False,7116,Accepted,
29317322,0568000,LOUISVILLE METRO POLICE DEPT,Accepted,JEFFERSON,KY3084,,OLD HENRY,RD,,,,,,,,38.269968689,-85.501190782,1.145,11/15/2021 12:00:00 AM,1145,2,2,0,0,CLEAR,DRY,False,REAR END IN TRAFFIC LANES BOTH VEHICLES MOVING,REAR END,CURVE & GRADE,DAYLIGHT,,,11/16/2021 8:08:40 AM,False,6532,Accepted,
29317331,0568000,LOUISVILLE METRO POLICE DEPT,Accepted,JEFFERSON,,,HIKES,LN,,,GREENWICH,,,,,38.208748252,-85.644607879,1.942,11/15/2021 12:00:00 AM,1200,1,1,0,0,CLEAR,DRY,False,COLLISION WITH FIXED OBJECT IN INTERSECTION - FIRST EVENT COLLISION 09 - 32,SINGLE VEHICLE,STRAIGHT & LEVEL,DAYLIGHT,,,11/16/2021 8:09:17 AM,False,5276,Accepted,
29317339,0568000,LOUISVILLE METRO POLICE DEPT,Accepted,JEFFERSON,US0031W,,22ND,ST,S,,WILSON,,,,,38.234888642,-85.790367081,18.597,11/15/2021 12:00:00 AM,1413,2,2,0,0,CLOUDY,DRY,False,NON-COLLISION OBJECT COLLISION,REAR END,STRAIGHT & LEVEL,DAYLIGHT,,,11/16/2021 8:09:53 AM,False,7381,Accepted,
29312731,0568000,LOUISVILLE METRO POLICE DEPT,Accepted,JEFFERSON,,,1ST,ST,S,,MUHAMMAD ALI,,,,,38.250651889,-85.752678963,0.373,11/15/2021 12:00:00 AM,0515,2,2,0,0,CLEAR,DRY,False,COLLISION WITH FIXED OBJECT IN INTERSECTION - FIRST EVENT COLLISION 09 - 32,REAR END,STRAIGHT & LEVEL,DARK-HWY LIGHTED/ON,,,11/15/2021 8:26:06 AM,False,5385,Accepted,
29315861,0566900,LOUISVILLE AIRPORT POLICE,Accepted,JEFFERSON,,600,TERMINAL,DR,,,,,,,,38.186629228,-85.741548063,0.319,11/15/2021 12:00:00 AM,1718,2,2,0,0,OTHER,DRY,True,COLLISION IN PARKING LOT,BACKING,STRAIGHT & LEVEL,UNKNOWN,,,11/15/2021 10:37:12 PM,False,5883,Accepted,
29317315,0568000,LOUISVILLE METRO POLICE DEPT,Accepted,JEFFERSON,,,ZORN,AVE,,I 0071,I71 N EXIT2 ON RAMP FROM  ZORN AVE,,,,,38.274982238,-85.697207502,1.549,11/15/2021 12:00:00 AM,0810,2,2,0,0,CLEAR,DRY,False,ANGLE COLLISION - ONE VEHICLE TURNING LEFT,ANGLE,STRAIGHT & LEVEL,DAYLIGHT,,,11/16/2021 8:08:08 AM,False,2413,Accepted,
29312732,0568000,LOUISVILLE METRO POLICE DEPT,Accepted,JEFFERSON,KY0155,,TAYLORSVILLE,RD,,,WALLACE,,,,,38.223497864,-85.682715647,16.426,11/15/2021 12:00:00 AM,0617,2,2,0,0,CLEAR,DRY,False,ANGLE COLLISION - OTHER,ANGLE,STRAIGHT & LEVEL,DARK-HWY LIGHTED/ON,,,11/15/2021 8:26:10 AM,False,2026,Accepted,
29312733,0568000,LOUISVILLE METRO POLICE DEPT,Accepted,JEFFERSON,I 0065,,I65 S,,,,,,,,,38.224328799,-85.751170881,133.749,11/15/2021 12:00:00 AM,0608,2,2,0,0,CLEAR,DRY,True,SIDESWIPE COLLISION - SAME DIRECTION,SIDESWIPE-SAME DIRECTION,,DAWN,,,11/15/2021 8:26:13 AM,False,4903,Accepted,
29317313,0568000,LOUISVILLE METRO POLICE DEPT,Accepted,JEFFERSON,KY1934,,CANE RUN,RD,,,KRAMERS,,,,,38.201165084,-85.835053113,9.364,11/15/2021 12:00:00 AM,0549,2,2,0,1,CLOUDY,DRY,False,OTHER INTERSECTION COLLISIONS,REAR END,STRAIGHT & LEVEL,DARK-HWY NOT LIGHTED,,,11/16/2021 8:08:01 AM,False,5298,Accepted,
29317329,0568000,LOUISVILLE METRO POLICE DEPT,Accepted,JEFFERSON,,,LOWER HUNTERS,TRCE,,,,,,,,38.163192767,-85.858267938,1.402,11/15/2021 12:00:00 AM,1346,2,2,0,0,CLOUDY,DRY,True,OTHER ROADWAY OR MID-BLOCK COLLISION,REAR END,STRAIGHT & LEVEL,DAYLIGHT,,,11/16/2021 8:09:08 AM,False,7244,Accepted,
29317330,0568000,LOUISVILLE METRO POLICE DEPT,Accepted,JEFFERSON,,1221,OAK,ST,E,,,,,,,38.233615510,-85.751775634,0.172,11/15/2021 12:00:00 AM,1650,2,2,0,1,CLOUDY,DRY,False,1 VEHICLE ENTERING/LEAVING ENTRANCE,ANGLE,STRAIGHT & LEVEL,DAYLIGHT,,,11/16/2021 8:09:11 AM,False,7495,Accepted,
29317336,0568000,LOUISVILLE METRO POLICE DEPT,Accepted,JEFFERSON,,,8TH,ST,S,US0031W,MARKET,,,,,38.255999798,-85.763425617,0.093,11/15/2021 12:00:00 AM,1641,2,2,0,1,CLEAR,DRY,False,ANGLE COLLISION - OTHER,ANGLE,STRAIGHT & LEVEL,DAYLIGHT,,,11/16/2021 8:09:40 AM,False,5338,Accepted,
29317337,0568000,LOUISVILLE METRO POLICE DEPT,Accepted,JEFFERSON,KY0061,,PRESTON,HWY,,,,,DURRETT,I 0065,I264 E EXIT12 ON RAMP FROM KY61,38.187448656,-85.724893094,7.974,11/15/2021 12:00:00 AM,1618,2,2,0,0,CLEAR,DRY,False,REAR END IN TRAFFIC LANES BOTH VEHICLES MOVING,REAR END,STRAIGHT & LEVEL,DAYLIGHT,,,11/16/2021 8:09:44 AM,False,7383,Accepted,
29321688,0568000,LOUISVILLE METRO POLICE DEPT,Accepted,JEFFERSON,KY0864,,POPLAR LEVEL,RD,,I 0264,I264 E EXIT14 OFF RAMP TO KY864 N,,,,,38.195553435,-85.707702023,11.328,11/15/2021 12:00:00 AM,1056,2,2,0,2,CLOUDY,DRY,False,HEAD-ON COLLISION,HEAD ON,STRAIGHT & HILLCREST,DAYLIGHT,,,11/17/2021 7:08:33 AM,False,4693,Accepted,
29317334,0568000,LOUISVILLE METRO POLICE DEPT,Accepted,JEFFERSON,,,3RD,ST,S,,KENTON,,,,,38.198174493,-85.765063661,0.167,11/15/2021 12:00:00 AM,0754,2,2,0,0,CLEAR,DRY,False,OTHER INTERSECTION COLLISIONS,REAR END,STRAIGHT & LEVEL,DAYLIGHT,,,11/16/2021 8:09:33 AM,False,5186,Accepted,
29317340,0568000,LOUISVILLE METRO POLICE DEPT,Accepted,JEFFERSON,KY1065,,OUTER,LOOP,,,,,,,,38.128037241,-85.744656147,2.762,11/15/2021 12:00:00 AM,1729,3,3,0,0,CLEAR,DRY,False,REAR END IN TRAFFIC LANES BOTH VEHICLES MOVING,REAR END,STRAIGHT & LEVEL,DAYLIGHT,,,11/16/2021 8:09:57 AM,False,7234,Accepted,
29317341,0568000,LOUISVILLE METRO POLICE DEPT,Accepted,JEFFERSON,,,39TH,ST,S,KY2054,ALGONQUIN,,,,,38.225527780,-85.821267051,0.237,11/15/2021 12:00:00 AM,2004,2,2,0,2,CLEAR,DRY,False,COLLISION WITH PARKED VEHICLE,REAR END,STRAIGHT & LEVEL,DARK-HWY LIGHTED/ON,,,11/16/2021 8:10:00 AM,False,5303,Accepted,
29317342,0568000,LOUISVILLE METRO POLICE DEPT,Accepted,JEFFERSON,US0031E,,BARDSTOWN,RD,,,GARDINER,,,,,38.212604236,-85.672349082,12.133,11/15/2021 12:00:00 AM,1950,2,2,0,0,CLEAR,DRY,True,OTHER INTERSECTION COLLISIONS,REAR END,STRAIGHT & LEVEL,DARK-HWY LIGHTED/ON,,,11/16/2021 8:10:04 AM,False,2816,Accepted,
29321706,0568000,LOUISVILLE METRO POLICE DEPT,Accepted,JEFFERSON,,,26TH,ST,N,,ROWAN,,,,,38.262089990,-85.793373769,0.092,11/15/2021 12:00:00 AM,1608,2,2,0,0,CLOUDY,DRY,True,ANGLE COLLISION - OTHER,ANGLE,STRAIGHT & LEVEL,DAYLIGHT,,,11/17/2021 7:09:24 AM,False,7292,Accepted,
29321689,0568000,LOUISVILLE METRO POLICE DEPT,Accepted,JEFFERSON,KY2052,,SHEPHERDSVILLE,RD,,,,,,,,38.171512704,-85.659390435,2.248,11/15/2021 12:00:00 AM,1451,3,3,0,1,CLOUDY,DRY,True,1 VEHICLE ENTERING/LEAVING ENTRANCE,ANGLE,STRAIGHT & LEVEL,DAYLIGHT,,,11/17/2021 7:08:36 AM,False,4693,Accepted,
29317323,0568000,LOUISVILLE METRO POLICE DEPT,Accepted,JEFFERSON,KY0061,,PRESTON,HWY,,,HART,,,,,38.200641786,-85.733693357,9.008,11/15/2021 12:00:00 AM,1105,2,2,0,0,CLOUDY,DRY,False,ANGLE COLLISION - OTHER,ANGLE,STRAIGHT & LEVEL,DARK-HWY LIGHTED/ON,,,11/16/2021 8:08:44 AM,False,7341,Accepted,
29317324,0568000,LOUISVILLE METRO POLICE DEPT,Accepted,JEFFERSON,KY1747,2809,HURSTBOURNE,PKWY,N,,,,,,,38.287120519,-85.571589659,16.989,11/15/2021 12:00:00 AM,1149,1,1,0,0,CLEAR,DRY,False,COLLISION IN PARKING LOT,SINGLE VEHICLE,STRAIGHT & LEVEL,DAYLIGHT,,,11/16/2021 8:08:47 AM,False,7111,Accepted,
29315863,0563800,NORTHFIELD POLICE DEPARTMENT,Accepted,JEFFERSON,KY0022,,BROWNSBORO,RD,,,,KY2050,HERR,,HOLIDAY MANOR,38.282739023,-85.630161211,0.298,11/15/2021 12:00:00 AM,1755,2,2,0,0,CLEAR,DRY,False,OTHER ROADWAY OR MID-BLOCK COLLISION,REAR END,STRAIGHT & LEVEL,DARK-HWY LIGHTED/ON,,,11/15/2021 10:37:56 PM,False,1380,Accepted,
29317325,0568000,LOUISVILLE METRO POLICE DEPT,Accepted,JEFFERSON,I 0265,,I265 S,,,,,,,,,38.270266061,-85.501166196,28.734,11/15/2021 12:00:00 AM,0912,3,3,0,2,CLEAR,DRY,False,OTHER ROADWAY OR MID-BLOCK COLLISION,REAR END,STRAIGHT & LEVEL,DAYLIGHT,,,11/16/2021 8:08:50 AM,True,4903,Accepted,
29317332,0568000,LOUISVILLE METRO POLICE DEPT,Accepted,JEFFERSON,,,40TH,ST,S,KY2056,BELLS,,,,,38.222956281,-85.822658350,1.690,11/15/2021 12:00:00 AM,1618,3,3,0,0,CLEAR,DRY,True,ANGLE COLLISION - OTHER,ANGLE,STRAIGHT & LEVEL,DAYLIGHT,,,11/16/2021 8:09:23 AM,False,5161,Accepted,
29321683,0568000,LOUISVILLE METRO POLICE DEPT,Accepted,JEFFERSON,,,MUHAMMAD ALI,BLVD,E,,WENZEL,,,,,38.248620896,-85.734698882,0.057,11/15/2021 12:00:00 AM,1016,2,2,0,0,CLEAR,DRY,False,ANGLE COLLISION - OTHER,ANGLE,STRAIGHT & LEVEL,DAYLIGHT,,,11/17/2021 7:08:19 AM,False,7229,Accepted,