IncidentID,AgencyORI,AgencyName,IncidentStatusDesc,County,RdwyNumber,Street,RoadwayName,StreetSfx,StreetDir,IntersectionRdwy,IntersectionRdwyName,BetweenStRdwy1,BetweenStRdwyName1,BetweenStRdwy2,BetweenStRdwyName2,Latitude,Longitude,Milepoint,CollisionDate,CollisionTime,UnitsInvolved,MotorVehiclesInvolved,NumberKilled,NumberInjured,Weather,RdwyConditionCode,HitandRun,DirAnalysisCode,MannerofCollision,RdwyCharacter,LightCondition,RampFromRdwyId,RampToRdwyId,AcceptedDate,IsSecondaryCollision,OwnerBadge,IncidentStatus,
29317346,0568000,LOUISVILLE METRO POLICE DEPT,Accepted,JEFFERSON,US0031E,5301,BARDSTOWN,RD,,,,,,,,38.168976818,-85.604946887,7.240,11/15/2021 12:00:00 AM,2050,1,1,0,0,CLEAR,DRY,False,COLLISION IN PARKING LOT,SINGLE VEHICLE,STRAIGHT & LEVEL,DARK-HWY LIGHTED/ON,,,11/16/2021 8:10:17 AM,False,5403,Accepted,
29317347,0568000,LOUISVILLE METRO POLICE DEPT,Accepted,JEFFERSON,,,DELOR,AVE,,,FETTER,,,,,38.217963922,-85.739259877,0.324,11/15/2021 12:00:00 AM,2350,2,2,0,0,CLOUDY,DRY,True,ANGLE COLLISION - OTHER,ANGLE,,DARK-HWY LIGHTED/ON,,,11/16/2021 8:10:21 AM,False,5304,Accepted,
29317349,0568000,LOUISVILLE METRO POLICE DEPT,Accepted,JEFFERSON,,,JEFFERSON,ST,W,,12TH,,,,,38.255265619,-85.770221810,0.997,11/15/2021 12:00:00 AM,2005,2,2,0,0,CLEAR,DRY,False,SIDESWIPE-SAME DIRECTION,SIDESWIPE-SAME DIRECTION,STRAIGHT & LEVEL,DARK-HWY LIGHTED/ON,,,11/16/2021 8:10:29 AM,False,5351,Accepted,
29321677,0568000,LOUISVILLE METRO POLICE DEPT,Accepted,JEFFERSON,US0060,,SHELBYVILLE,RD,,,SPREADING OAK,,,,,38.241487114,-85.497018983,12.372,11/15/2021 12:00:00 AM,1610,2,2,0,0,CLOUDY,DRY,True,OTHER INTERSECTION COLLISIONS,REAR END,STRAIGHT & LEVEL,DAYLIGHT,,,11/17/2021 7:07:56 AM,False,2013,Accepted,
29321685,0568000,LOUISVILLE METRO POLICE DEPT,Accepted,JEFFERSON,,,SHELBY,ST,S,,,,CHESTNUT,,MADISON,38.247087313,-85.739117188,0.447,11/15/2021 12:00:00 AM,1108,2,2,0,0,CLEAR,DRY,False,1 VEHICLE PARKED POSITION (NOT PARKING LOT/DRIVEWAY),HEAD ON,STRAIGHT & LEVEL,DAYLIGHT,,,11/17/2021 7:08:22 AM,False,7229,Accepted,
29317338,0568000,LOUISVILLE METRO POLICE DEPT,Accepted,JEFFERSON,,,HALE,AVE,,,GARRS,,,,,38.241060454,-85.817541769,2.049,11/15/2021 12:00:00 AM,1548,2,2,0,0,CLEAR,DRY,False,ANGLE COLLISION - OTHER,ANGLE,CURVE & LEVEL,DAYLIGHT,,,11/16/2021 8:09:48 AM,False,7329,Accepted,
29321710,0568000,LOUISVILLE METRO POLICE DEPT,Accepted,JEFFERSON,,,CHESTNUT,ST,W,,26TH,,,,,38.253025820,-85.794495436,0.350,11/15/2021 12:00:00 AM,1845,2,2,0,0,CLEAR,DRY,False,OPPOSING LEFT TURN,OPPOSING LEFT TURN,STRAIGHT & LEVEL,DUSK,,,11/17/2021 7:09:38 AM,False,7904,Accepted,
29339604,0568000,LOUISVILLE METRO POLICE DEPT,Accepted,JEFFERSON,KY2056,,BELLS,LN,,KY1934,CANE RUN,,,,,38.221304017,-85.813396750,1.535,11/15/2021 12:00:00 AM,1558,1,1,0,0,CLEAR,DRY,False,COLLISION WITH FIXED OBJECT IN INTERSECTION - FIRST EVENT COLLISION 09 - 32,SINGLE VEHICLE,STRAIGHT & LEVEL,DAYLIGHT,,,11/22/2021 8:43:51 AM,False,5232,Accepted,
29330774,0568000,LOUISVILLE METRO POLICE DEPT,Accepted,JEFFERSON,I 0264,,I264 W,,,,,,,,,38.201184327,-85.694005145,14.230,11/14/2021 12:00:00 AM,0149,1,1,0,1,CLEAR,DRY,False,OTHER ROADWAY OR MID-BLOCK COLLISION,SINGLE VEHICLE,CURVE & GRADE,DARK-HWY LIGHTED/ON,,,11/19/2021 8:35:35 AM,False,2034,Accepted,
29321722,0568000,LOUISVILLE METRO POLICE DEPT,Accepted,JEFFERSON,,,10TH,ST,S,US0150,BROADWAY,,,,,38.246993253,-85.768329285,0.527,11/14/2021 12:00:00 AM,2340,2,1,0,1,CLEAR,DRY,False,COLLISION WITH PEDESTRIAN IN INTERSECTION,SINGLE VEHICLE,STRAIGHT & LEVEL,DARK-HWY LIGHTED/ON,,,11/17/2021 7:10:21 AM,False,5354,Accepted,
29321723,0568000,LOUISVILLE METRO POLICE DEPT,Accepted,JEFFERSON,,,CHESTNUT,ST,W,KY1020,3RD,,,,,38.248773587,-85.756208818,2.454,11/14/2021 12:00:00 AM,0030,2,2,0,0,CLEAR,DRY,True,ANGLE COLLISION - OTHER,ANGLE,STRAIGHT & LEVEL,DARK-HWY LIGHTED/ON,,,11/17/2021 7:10:25 AM,False,5354,Accepted,
29312697,0568000,LOUISVILLE METRO POLICE DEPT,Accepted,JEFFERSON,,,4TH,ST,S,,INDUSTRY,,,,,38.214393210,-85.764597350,2.931,11/14/2021 12:00:00 AM,0233,2,2,0,0,CLEAR,DRY,True,OPPOSING LEFT TURN,OPPOSING LEFT TURN,STRAIGHT & HILLCREST,DARK-HWY LIGHTED/OFF,,,11/15/2021 8:24:05 AM,False,5342,Accepted,
29312714,0568000,LOUISVILLE METRO POLICE DEPT,Accepted,JEFFERSON,KY1931,,GREENWOOD,RD,,,DATURA,,,,,38.144166993,-85.854996140,2.307,11/14/2021 12:00:00 AM,1234,2,2,0,0,CLOUDY,WET,False,OTHER INTERSECTION COLLISIONS,REAR END,STRAIGHT & LEVEL,DAYLIGHT,,,11/15/2021 8:25:07 AM,False,7817,Accepted,
29312722,0568000,LOUISVILLE METRO POLICE DEPT,Accepted,JEFFERSON,,,OAK,ST,E,,BARRET,,,,,38.235789136,-85.727671458,1.568,11/14/2021 12:00:00 AM,1646,3,3,0,2,CLOUDY,DRY,False,ANGLE COLLISION - OTHER,ANGLE,STRAIGHT & LEVEL,DAYLIGHT,,,11/15/2021 8:25:35 AM,False,5397,Accepted,
29312707,0568000,LOUISVILLE METRO POLICE DEPT,Accepted,JEFFERSON,,,28TH,ST,S,,,,BROADWAY,,HOWARD,38.248316523,-85.798412321,0.885,11/14/2021 12:00:00 AM,0307,1,1,0,1,CLEAR,DRY,False,COLLISION WITH FIXED OBJECT NON - INTERSECTION - FIRST EVENT COLLISION 09 - 32 EXCLUDING 16,SINGLE VEHICLE,STRAIGHT & LEVEL,DARK-HWY LIGHTED/ON,,,11/15/2021 8:24:42 AM,False,5271,Accepted,
29312708,0568000,LOUISVILLE METRO POLICE DEPT,Accepted,JEFFERSON,,,1ST,ST,S,,,,ASHLAND,,FRANCIS,38.183539429,-85.762494229,3.700,11/14/2021 12:00:00 AM,0150,2,2,0,0,CLEAR,DRY,False,1 VEHICLE PARKED POSITION (NOT PARKING LOT/DRIVEWAY),REAR END,STRAIGHT & LEVEL,DARK-HWY LIGHTED/ON,,,11/15/2021 8:24:45 AM,False,7010,Accepted,
29312701,0568000,LOUISVILLE METRO POLICE DEPT,Accepted,JEFFERSON,,2000,7TH,ST,S,,,,,,,38.220054275,-85.777392396,0.001,11/14/2021 12:00:00 AM,0430,2,2,0,0,CLEAR,DRY,True,COLLISION IN PARKING LOT,ANGLE,STRAIGHT & LEVEL,DARK-HWY LIGHTED/ON,,,11/15/2021 8:24:21 AM,False,5285,Accepted,
29312710,0568000,LOUISVILLE METRO POLICE DEPT,Accepted,JEFFERSON,,,HIKES,LN,,KY0155,TAYLORSVILLE,,,,,38.219766151,-85.625785880,3.178,11/14/2021 12:00:00 AM,0245,2,2,0,1,CLEAR,DRY,True,ANGLE COLLISION - OTHER,ANGLE,STRAIGHT & LEVEL,DARK-HWY LIGHTED/ON,,,11/15/2021 8:24:52 AM,False,5332,Accepted,
29312726,0568000,LOUISVILLE METRO POLICE DEPT,Accepted,JEFFERSON,KY1865,,TAYLOR,BLVD,,,CARRICO,,,,,38.184715247,-85.783966886,5.395,11/14/2021 12:00:00 AM,0158,1,1,0,1,CLEAR,DRY,False,COLLISION WITH FIXED OBJECT IN INTERSECTION - FIRST EVENT COLLISION 09 - 32,SINGLE VEHICLE,STRAIGHT & LEVEL,DARK-HWY LIGHTED/ON,,,11/15/2021 8:25:49 AM,False,7040,Accepted,
29312725,0568000,LOUISVILLE METRO POLICE DEPT,Accepted,JEFFERSON,,,HIKES,LN,,,ST MICHAEL CHURCH,,,,,38.212283236,-85.638844338,2.339,11/14/2021 12:00:00 AM,1540,2,2,0,0,CLEAR,DRY,False,SIDESWIPE-SAME DIRECTION,SIDESWIPE-SAME DIRECTION,STRAIGHT & LEVEL,DAYLIGHT,,,11/15/2021 8:25:45 AM,False,5288,Accepted,
29312730,0568000,LOUISVILLE METRO POLICE DEPT,Accepted,JEFFERSON,US0060A,,BERRY,BLVD,,KY1931,MANSLICK,,,,,38.196735386,-85.799043336,0.589,11/14/2021 12:00:00 AM,1901,2,2,0,0,CLEAR,DRY,False,COLLISION WITH PARKED VEHICLE,HEAD ON,STRAIGHT & LEVEL,DARK-HWY LIGHTED/ON,,,11/15/2021 8:26:03 AM,False,5196,Accepted,
29312719,0568000,LOUISVILLE METRO POLICE DEPT,Accepted,JEFFERSON,US0060A,,TAYLOR,BLVD,,,BERRY,,,,,38.196279509,-85.782976511,1.475,11/14/2021 12:00:00 AM,1726,2,2,0,0,CLEAR,DRY,False,ANGLE COLLISION - OTHER,ANGLE,STRAIGHT & LEVEL,DUSK,,,11/15/2021 8:25:24 AM,False,5287,Accepted,
29312720,0568000,LOUISVILLE METRO POLICE DEPT,Accepted,JEFFERSON,,,28TH,ST,S,,KENTUCKY,,,,,38.243607769,-85.799324511,1.214,11/14/2021 12:00:00 AM,0927,2,2,0,1,CLEAR,DRY,False,ANGLE COLLISION - OTHER,ANGLE,STRAIGHT & LEVEL,DAYLIGHT,,,11/15/2021 8:25:27 AM,False,5179,Accepted,
29312721,0568000,LOUISVILLE METRO POLICE DEPT,Accepted,JEFFERSON,,,OAK,ST,E,KY0061,JACKSON,,,,,38.234195959,-85.747484431,0.435,11/14/2021 12:00:00 AM,1633,2,2,0,1,CLOUDY,DRY,False,ANGLE COLLISION - OTHER,ANGLE,STRAIGHT & LEVEL,DAYLIGHT,,,11/15/2021 8:25:31 AM,False,5175,Accepted,
29312727,0568000,LOUISVILLE METRO POLICE DEPT,Accepted,JEFFERSON,KY1931,,ST ANDREWS CHURCH,RD,,,PENNACOOK,,,,,38.154481732,-85.802829823,5.410,11/14/2021 12:00:00 AM,2042,2,2,0,0,CLEAR,DRY,False,REAR END - ONE VEHICLE TURNING RIGHT,REAR END,STRAIGHT & LEVEL,DARK-HWY LIGHTED/ON,,,11/15/2021 8:25:52 AM,False,7992,Accepted,
29312728,0568000,LOUISVILLE METRO POLICE DEPT,Accepted,JEFFERSON,,,INDIAN,TRL,E,,EXETER,,,,,38.181778791,-85.670453848,2.277,11/14/2021 12:00:00 AM,1910,2,2,0,3,CLEAR,DRY,False,OPPOSING LEFT TURN,OPPOSING LEFT TURN,STRAIGHT & LEVEL,DARK-HWY LIGHTED/OFF,,,11/15/2021 8:25:56 AM,False,5165,Accepted,
29310739,0561000,JEFFERSONTOWN POLICE DEPT,Accepted,JEFFERSON,KY1747,,HURSTBOURNE,PKWY,S,KY0155,TAYLORSVILLE,,,,,38.216078698,-85.590362802,11.083,11/14/2021 12:00:00 AM,1608,2,2,0,0,CLOUDY,DRY,False,COLLISION WITH FIXED OBJECT IN INTERSECTION - FIRST EVENT COLLISION 09 - 32,SIDESWIPE-SAME DIRECTION,STRAIGHT & LEVEL,DAYLIGHT,,,11/14/2021 9:03:04 PM,False,8312,Accepted,
29312545,0566700,MIDDLETOWN POLICE DEPARTMENT,Accepted,JEFFERSON,US0060,,SHELBYVILLE,RD,,,BECKLEY WOODS,,,,,38.241584666,-85.498352405,12.298,11/14/2021 12:00:00 AM,1159,2,2,0,0,RAINING,WET,False,OTHER INTERSECTION COLLISIONS,REAR END,STRAIGHT & GRADE,DAYLIGHT,,,11/15/2021 8:03:50 AM,False,2004,Accepted,
29312699,0568000,LOUISVILLE METRO POLICE DEPT,Accepted,JEFFERSON,,,CLAY,ST,S,,CHESTNUT,,,,,38.247144504,-85.741157107,0.548,11/14/2021 12:00:00 AM,0127,2,2,0,0,CLEAR,DRY,False,ANGLE COLLISION - OTHER,ANGLE,STRAIGHT & LEVEL,DARK-HWY LIGHTED/ON,,,11/15/2021 8:24:14 AM,False,5385,Accepted,
29312700,0568000,LOUISVILLE METRO POLICE DEPT,Accepted,JEFFERSON,,,WILSON,AVE,,,,,,,,38.235122198,-85.792845468,0.965,11/14/2021 12:00:00 AM,0258,1,1,0,1,CLEAR,DRY,False,OTHER ROADWAY OR MID-BLOCK COLLISION,SINGLE VEHICLE,STRAIGHT & LEVEL,DARK-HWY LIGHTED/ON,,,11/15/2021 8:24:17 AM,False,5261,Accepted,
29312715,0568000,LOUISVILLE METRO POLICE DEPT,Accepted,JEFFERSON,KY2052,,SHEPHERDSVILLE,RD,,KY0864,POPLAR LEVEL,,,,,38.160043523,-85.659989137,1.481,11/14/2021 12:00:00 AM,1430,2,2,0,0,CLOUDY,DRY,False,OPPOSING LEFT TURN,OPPOSING LEFT TURN,STRAIGHT & LEVEL,DAYLIGHT,,,11/15/2021 8:25:10 AM,False,7739,Accepted,
29312716,0568000,LOUISVILLE METRO POLICE DEPT,Accepted,JEFFERSON,US0060A,,EASTERN,PKWY,,,,,,,,38.220630531,-85.733299560,5.233,11/14/2021 12:00:00 AM,1136,2,2,0,0,RAINING,WET,False,REAR END IN TRAFFIC LANES BOTH VEHICLES MOVING,REAR END,STRAIGHT & LEVEL,DAYLIGHT,,,11/15/2021 8:25:14 AM,False,5258,Accepted,
29312723,0568000,LOUISVILLE METRO POLICE DEPT,Accepted,JEFFERSON,US0031E,,BARDSTOWN,RD,,KY1747,HURSTBOURNE,,,,,38.168943803,-85.605249086,7.257,11/14/2021 12:00:00 AM,1140,2,2,0,0,RAINING,WET,False,OPPOSITE DIRECTION - BOTH VEHICLES GOING STRAIGHT AHEAD,SIDESWIPE-OPPOSITE DIRECTION,STRAIGHT & LEVEL,DAYLIGHT,,,11/15/2021 8:25:38 AM,False,5040,Accepted,
29627010,0568000,LOUISVILLE METRO POLICE DEPT,Accepted,JEFFERSON,KY0022,8305,BROWNSBORO,RD,,,,,,,,38.298932043,-85.595736932,2.542,11/14/2021 12:00:00 AM,0143,1,1,1,0,CLOUDY,WET,False,COLLISION WITH FIXED OBJECT NON - INTERSECTION - FIRST EVENT COLLISION 09 - 32 EXCLUDING 16,SINGLE VEHICLE,STRAIGHT & LEVEL,DARK-HWY NOT LIGHTED,,,1/26/2022 8:22:12 AM,False,7751,Accepted,
29312689,0568000,LOUISVILLE METRO POLICE DEPT,Accepted,JEFFERSON,I 0065,,I65 S,,,,,I 0065,I65 S EXIT133 ON RAMP FROM  E WARNOCK ST,I 0065,I65 S EXIT133 OFF RAMP TO  ARTHUR ST,38.213870461,-85.752642839,133.020,11/13/2021 12:00:00 AM,0257,2,2,0,3,CLEAR,DRY,False,REAR END IN TRAFFIC LANES BOTH VEHICLES MOVING,REAR END,STRAIGHT & LEVEL,DARK-HWY LIGHTED/ON,,,11/15/2021 8:23:33 AM,False,7527,Accepted,
29312692,0568000,LOUISVILLE METRO POLICE DEPT,Accepted,JEFFERSON,,,FORDHAM,LN,,,COVE,,,,,38.150073846,-85.618796851,0.167,11/13/2021 12:00:00 AM,0450,2,2,0,0,CLEAR,DRY,False,OPPOSITE DIRECTION - BOTH VEHICLES GOING STRAIGHT AHEAD,SIDESWIPE-OPPOSITE DIRECTION,STRAIGHT & LEVEL,DARK-HWY NOT LIGHTED,,,11/15/2021 8:23:44 AM,False,7415,Accepted,
29312698,0568000,LOUISVILLE METRO POLICE DEPT,Accepted,JEFFERSON,,,HANCOCK,ST,S,US0150,BROADWAY,,,,,38.245054290,-85.743591691,0.693,11/13/2021 12:00:00 AM,2342,2,2,0,0,CLEAR,DRY,False,OTHER INTERSECTION COLLISIONS,REAR END,STRAIGHT & LEVEL,DARK-HWY LIGHTED/ON,,,11/15/2021 8:24:09 AM,False,5385,Accepted,
29312678,0568000,LOUISVILLE METRO POLICE DEPT,Accepted,JEFFERSON,,,4TH,ST,S,US0060A,WINKLER,,,,,38.210414415,-85.764641595,3.217,11/13/2021 12:00:00 AM,1037,2,2,0,0,CLOUDY,DRY,False,SIDESWIPE-SAME DIRECTION,SIDESWIPE-SAME DIRECTION,STRAIGHT & LEVEL,DAYLIGHT,,,11/15/2021 8:22:52 AM,False,7872,Accepted,
29312680,0568000,LOUISVILLE METRO POLICE DEPT,Accepted,JEFFERSON,,,RIVER PARK,DR,,I 0264,I264 W EXIT2 OFF RAMP TO  MUHAMMAD ALI BLVD,,,,,38.254206437,-85.805318076,1.189,11/13/2021 12:00:00 AM,1217,2,2,0,0,CLOUDY,DRY,False,ANGLE COLLISION - OTHER,ANGLE,STRAIGHT & LEVEL,DAYLIGHT,,,11/15/2021 8:22:59 AM,False,7805,Accepted,
29312686,0568000,LOUISVILLE METRO POLICE DEPT,Accepted,JEFFERSON,,,4TH,ST,S,,,,,,,38.207716706,-85.765098001,3.404,11/13/2021 12:00:00 AM,1200,3,3,0,6,CLOUDY,DRY,False,1 VEHICLE ENTERING/LEAVING ENTRANCE,ANGLE,STRAIGHT & LEVEL,DAYLIGHT,,,11/15/2021 8:23:22 AM,False,7398,Accepted,
29312687,0568000,LOUISVILLE METRO POLICE DEPT,Accepted,JEFFERSON,,,DATE,ST,,,25TH,,,,,38.243480050,-85.793773462,0.097,11/13/2021 12:00:00 AM,1420,2,2,0,0,CLEAR,DRY,True,ANGLE COLLISION - OTHER,ANGLE,STRAIGHT & LEVEL,DAYLIGHT,,,11/15/2021 8:23:27 AM,False,5343,Accepted,
29312688,0568000,LOUISVILLE METRO POLICE DEPT,Accepted,JEFFERSON,KY1865,,NEW CUT,RD,,,,,,,,38.122388037,-85.776795677,0.983,11/13/2021 12:00:00 AM,1359,2,2,0,0,CLOUDY,DRY,False,REAR END IN TRAFFIC LANES BOTH VEHICLES MOVING,REAR END,STRAIGHT & LEVEL,DAYLIGHT,,,11/15/2021 8:23:30 AM,False,5400,Accepted,
29312694,0568000,LOUISVILLE METRO POLICE DEPT,Accepted,JEFFERSON,US0042,,BROWNSBORO,RD,,,HITE,,,,,38.258777835,-85.697821595,2.076,11/13/2021 12:00:00 AM,2244,3,3,0,0,CLEAR,DRY,True,ANGLE COLLISION - OTHER,ANGLE,STRAIGHT & GRADE,DARK-HWY LIGHTED/ON,,,11/15/2021 8:23:50 AM,False,2034,Accepted,
29312695,0568000,LOUISVILLE METRO POLICE DEPT,Accepted,JEFFERSON,US0060A,,LEXINGTON,RD,,,GODFREY,,,,,38.247535887,-85.683199711,9.062,11/13/2021 12:00:00 AM,2345,1,1,0,0,CLEAR,DRY,False,COLLISION WITH FIXED OBJECT IN INTERSECTION - FIRST EVENT COLLISION 09 - 32,SINGLE VEHICLE,STRAIGHT & LEVEL,DARK-HWY LIGHTED/ON,,,11/15/2021 8:23:56 AM,False,5250,Accepted,
29312702,0568000,LOUISVILLE METRO POLICE DEPT,Accepted,JEFFERSON,,,OXMOOR,LN,,,BULLITT,,,,,38.246897543,-85.613532362,0.170,11/13/2021 12:00:00 AM,1854,2,2,0,0,CLEAR,DRY,False,OPPOSING LEFT TURN,OPPOSING LEFT TURN,STRAIGHT & LEVEL,DARK-HWY LIGHTED/ON,,,11/15/2021 8:24:24 AM,False,5155,Accepted,
29312703,0568000,LOUISVILLE METRO POLICE DEPT,Accepted,JEFFERSON,KY0061,,PRESTON,HWY,,,GILMORE,,,,,38.174647365,-85.712755491,6.880,11/13/2021 12:00:00 AM,0559,2,2,0,0,CLEAR,DRY,False,SIDESWIPE-SAME DIRECTION,SIDESWIPE-SAME DIRECTION,STRAIGHT & LEVEL,DARK-HWY LIGHTED/ON,,,11/15/2021 8:24:27 AM,False,5189,Accepted,
29312685,0568000,LOUISVILLE METRO POLICE DEPT,Accepted,JEFFERSON,,,ROWAN,ST,,,21ST,,,,,38.261140360,-85.784442514,0.829,11/13/2021 12:00:00 AM,1715,2,2,0,0,CLEAR,DRY,False,ANGLE COLLISION - OTHER,ANGLE,CURVE & LEVEL,DUSK,,,11/15/2021 8:23:19 AM,False,5025,Accepted,
29312676,0568000,LOUISVILLE METRO POLICE DEPT,Accepted,JEFFERSON,US0031E,,BARDSTOWN,RD,,,HAWTHORNE,,,,,38.216971002,-85.676330730,12.509,11/13/2021 12:00:00 AM,0821,2,2,0,0,CLEAR,DRY,False,ANGLE COLLISION - OTHER,ANGLE,STRAIGHT & LEVEL,DAYLIGHT,,,11/15/2021 8:22:44 AM,False,5397,Accepted,
29312682,0568000,LOUISVILLE METRO POLICE DEPT,Accepted,JEFFERSON,KY0061,5611,PRESTON,HWY,,,INDIAN,,,,,38.169058033,-85.706764530,6.320,11/13/2021 12:00:00 AM,1452,2,2,0,0,CLOUDY,DRY,True,COLLISION IN PARKING LOT,ANGLE,STRAIGHT & LEVEL,DAYLIGHT,,,11/15/2021 8:23:07 AM,False,5395,Accepted,
29312683,0568000,LOUISVILLE METRO POLICE DEPT,Accepted,JEFFERSON,,,SOUTHLAND,BLVD,W,KY1020,SOUTHSIDE,,,,,38.171165666,-85.764740538,0.062,11/13/2021 12:00:00 AM,1315,2,2,0,3,CLOUDY,DRY,False,ANGLE COLLISION - OTHER,ANGLE,STRAIGHT & LEVEL,DAYLIGHT,,,11/15/2021 8:23:10 AM,False,7472,Accepted,
29312690,0568000,LOUISVILLE METRO POLICE DEPT,Accepted,JEFFERSON,KY1065,,LOVERS,LN,,,,,FERN CREEK,,ROCKY,38.158238107,-85.572113401,13.132,11/13/2021 12:00:00 AM,2139,1,1,0,2,CLEAR,DRY,False,COLLISION WITH FIXED OBJECT NON - INTERSECTION - FIRST EVENT COLLISION 09 - 32 EXCLUDING 16,SINGLE VEHICLE,STRAIGHT & HILLCREST,DARK-HWY NOT LIGHTED,,,11/15/2021 8:23:37 AM,False,5404,Accepted,
29312691,0568000,LOUISVILLE METRO POLICE DEPT,Accepted,JEFFERSON,KY1931,,ST ANDREWS CHURCH,RD,,,OLD ST ANDREWS CHURCH,,,,,38.143447009,-85.837716591,3.251,11/13/2021 12:00:00 AM,2312,2,2,0,0,CLEAR,DRY,False,ANGLE COLLISION - OTHER,ANGLE,CURVE & LEVEL,DARK-HWY NOT LIGHTED,,,11/15/2021 8:23:40 AM,False,5212,Accepted,
29312637,0568000,LOUISVILLE METRO POLICE DEPT,Accepted,JEFFERSON,I 0265,,I265 W,,,,,I 0064,I64 E EXIT19A RAMP TO I265 S,I 0265,I265 S,38.218231812,-85.506295286,25.133,11/13/2021 12:00:00 AM,0423,3,3,0,0,OTHER,WET,False,REAR END IN TRAFFIC LANES BOTH VEHICLES MOVING,REAR END,STRAIGHT & GRADE,DARK-HWY LIGHTED/ON,,,11/15/2021 8:19:40 AM,True,5401,Accepted,
29312638,0568000,LOUISVILLE METRO POLICE DEPT,Accepted,JEFFERSON,I 0064,,I64 W,,,,,I 0064,I64 W EXIT3 ON RAMP FROM US31W,I 0064,I64 W EXIT3 OFF RAMP TO US31W,38.272544641,-85.784568917,2.380,11/13/2021 12:00:00 AM,0435,2,2,0,0,CLEAR,DRY,False,SIDESWIPE COLLISION - SAME DIRECTION,SIDESWIPE-SAME DIRECTION,CURVE & GRADE,DARK-HWY LIGHTED/ON,,,11/15/2021 8:19:44 AM,False,5199,Accepted,
29312729,0568000,LOUISVILLE METRO POLICE DEPT,Accepted,JEFFERSON,US0060A,,CHEROKEE,PKWY,,,,,LONGEST,US0060A,GRINSTEAD,38.243311619,-85.705271025,7.754,11/13/2021 12:00:00 AM,2100,3,3,0,0,CLEAR,DRY,False,OTHER ROADWAY OR MID-BLOCK COLLISION,REAR END,STRAIGHT & LEVEL,DARK-HWY LIGHTED/ON,,,11/15/2021 8:25:59 AM,False,5274,Accepted,
29314247,0561500,UNIV. OF LOUISVILLE POLICE,Accepted,JEFFERSON,,300,CARDINAL,BLVD,W,,,KY1020,3RD,,4TH,38.220645451,-85.762141975,0.233,11/13/2021 12:00:00 AM,1450,2,2,0,0,CLOUDY,DRY,False,SIDESWIPE COLLISION - SAME DIRECTION,SIDESWIPE-SAME DIRECTION,STRAIGHT & LEVEL,DAYLIGHT,,,11/15/2021 2:34:12 PM,False,5650,Accepted,
29312704,0568000,LOUISVILLE METRO POLICE DEPT,Accepted,JEFFERSON,KY2052,,SHEPHERDSVILLE,RD,,KY1703,NEWBURG,,,,,38.178849869,-85.659475744,2.781,11/13/2021 12:00:00 AM,1830,2,2,0,4,CLEAR,DRY,False,OPPOSING LEFT TURN,OPPOSING LEFT TURN,STRAIGHT & LEVEL,DUSK,,,11/15/2021 8:24:32 AM,False,5165,Accepted,
29312705,0568000,LOUISVILLE METRO POLICE DEPT,Accepted,JEFFERSON,,215,30TH,ST,N,,,,ROWAN,,COLUMBIA,38.263510517,-85.800276191,0.554,11/13/2021 12:00:00 AM,2120,2,2,0,0,CLEAR,DRY,True,1 VEHICLE PARKED POSITION (NOT PARKING LOT/DRIVEWAY),SIDESWIPE-SAME DIRECTION,STRAIGHT & LEVEL,DARK-HWY LIGHTED/ON,,,11/15/2021 8:24:36 AM,False,5199,Accepted,
29312711,0568000,LOUISVILLE METRO POLICE DEPT,Accepted,JEFFERSON,KY1020,,2ND,ST,S,,MAGNOLIA,,,,,38.228450464,-85.758117015,10.891,11/13/2021 12:00:00 AM,1503,5,5,0,0,CLEAR,DRY,True,COLLISION WITH FIXED OBJECT IN INTERSECTION - FIRST EVENT COLLISION 09 - 32,SIDESWIPE-SAME DIRECTION,STRAIGHT & LEVEL,DAYLIGHT,,,11/15/2021 8:24:55 AM,False,7132,Accepted,
29312712,0568000,LOUISVILLE METRO POLICE DEPT,Accepted,JEFFERSON,KY1931,,ST ANDREWS CHURCH,RD,,,WINDEMERE,,,,,38.153502404,-85.806505750,5.187,11/13/2021 12:00:00 AM,1849,3,3,0,2,CLEAR,DRY,False,OTHER INTERSECTION COLLISIONS,REAR END,STRAIGHT & LEVEL,DARK-HWY NOT LIGHTED,,,11/15/2021 8:24:59 AM,False,6318,Accepted,
29312713,0568000,LOUISVILLE METRO POLICE DEPT,Accepted,JEFFERSON,KY1747,,FERN VALLEY,RD,,,HANSES,,,,,38.157285151,-85.679756305,2.886,11/13/2021 12:00:00 AM,1847,2,2,0,1,CLEAR,DRY,False,ANGLE COLLISION - OTHER,ANGLE,STRAIGHT & LEVEL,DARK-HWY NOT LIGHTED,,,11/15/2021 8:25:03 AM,False,5040,Accepted,