IncidentID,AgencyORI,AgencyName,IncidentStatusDesc,County,RdwyNumber,Street,RoadwayName,StreetSfx,StreetDir,IntersectionRdwy,IntersectionRdwyName,BetweenStRdwy1,BetweenStRdwyName1,BetweenStRdwy2,BetweenStRdwyName2,Latitude,Longitude,Milepoint,CollisionDate,CollisionTime,UnitsInvolved,MotorVehiclesInvolved,NumberKilled,NumberInjured,Weather,RdwyConditionCode,HitandRun,DirAnalysisCode,MannerofCollision,RdwyCharacter,LightCondition,RampFromRdwyId,RampToRdwyId,AcceptedDate,IsSecondaryCollision,OwnerBadge,IncidentStatus,
29312671,0568000,LOUISVILLE METRO POLICE DEPT,Accepted,JEFFERSON,,10515,MITCHELL HILL,RD,,,,,,,,38.085246411,-85.767763728,1.512,11/13/2021 12:00:00 AM,0050,1,1,0,0,CLEAR,DRY,False,COLLISION WITH FIXED OBJECT NON - INTERSECTION - FIRST EVENT COLLISION 09 - 32 EXCLUDING 16,SINGLE VEHICLE,CURVE & LEVEL,DARK-HWY NOT LIGHTED,,,11/15/2021 8:22:21 AM,False,5220,Accepted,
29312674,0568000,LOUISVILLE METRO POLICE DEPT,Accepted,JEFFERSON,,,GOOSE CREEK,RD,,,MURRAY HILL,,,,,38.293320368,-85.586886195,0.585,11/13/2021 12:00:00 AM,0726,2,2,0,2,CLOUDY,DRY,False,ANGLE COLLISION - OTHER,ANGLE,CURVE & HILLCREST,DAWN,,,11/15/2021 8:22:36 AM,False,2969,Accepted,
29326241,0568000,LOUISVILLE METRO POLICE DEPT,Accepted,JEFFERSON,,3221,SPRINGFIELD,DR,,,,,,,,38.147174623,-85.817399095,0.133,11/13/2021 12:00:00 AM,0146,1,1,0,0,CLEAR,DRY,False,OTHER COLLISIONS ON SHOULDER,SINGLE VEHICLE,STRAIGHT & LEVEL,DARK-HWY LIGHTED/ON,,,11/18/2021 8:21:50 AM,False,5340,Accepted,
29330773,0568000,LOUISVILLE METRO POLICE DEPT,Accepted,JEFFERSON,,,7TH,ST,S,,ST CATHERINE,,,,,38.237761587,-85.764778053,1.410,11/13/2021 12:00:00 AM,0057,2,2,0,0,CLOUDY,WET,True,ANGLE COLLISION - OTHER,ANGLE,STRAIGHT & LEVEL,DARK-HWY LIGHTED/ON,,,11/19/2021 8:35:32 AM,False,5152,Accepted,
29344806,0568000,LOUISVILLE METRO POLICE DEPT,Accepted,JEFFERSON,,,ASHLAWN,DR,,,,,MEADOWLAWN,,MEADOWLAWN,38.062609282,-85.883965553,0.036,11/13/2021 12:00:00 AM,1821,1,1,0,0,CLOUDY,DRY,False,COLLISION WITH FIXED OBJECT NON - INTERSECTION - FIRST EVENT COLLISION 09 - 32 EXCLUDING 16,SINGLE VEHICLE,CURVE & LEVEL,DARK-HWY NOT LIGHTED,,,11/23/2021 8:13:36 AM,False,2098,Accepted,
29349284,0568000,LOUISVILLE METRO POLICE DEPT,Accepted,JEFFERSON,,3800,RIVER,RD,,,,,,,,38.339572932,-85.625902322,6.057,11/12/2021 12:00:00 AM,1109,1,1,0,0,CLEAR,DRY,True,COLLISION WITH FIXED OBJECT NON - INTERSECTION - FIRST EVENT COLLISION 09 - 32 EXCLUDING 16,SINGLE VEHICLE,CURVE & LEVEL,DAYLIGHT,,,11/24/2021 8:45:15 AM,False,2738,Accepted,
29344817,0568000,LOUISVILLE METRO POLICE DEPT,Accepted,JEFFERSON,KY1865,,NEW CUT,RD,,KY0907,3RD ST,,,,,38.145821209,-85.775274843,2.669,11/12/2021 12:00:00 AM,2118,2,2,0,1,RAINING,WET,False,OPPOSING LEFT TURN,OPPOSING LEFT TURN,STRAIGHT & LEVEL,DARK-HWY LIGHTED/ON,,,11/23/2021 8:14:09 AM,False,5312,Accepted,
29344824,0568000,LOUISVILLE METRO POLICE DEPT,Accepted,JEFFERSON,US0031W,,DIXIE,HWY,,,BONNYVILLE,,,,,38.166983365,-85.829392855,13.188,11/12/2021 12:00:00 AM,2047,1,1,0,0,RAINING,WET,False,COLLISION WITH FIXED OBJECT IN INTERSECTION - FIRST EVENT COLLISION 09 - 32,SINGLE VEHICLE,STRAIGHT & LEVEL,DARK (UNKNOWN ROADWAY LIGHTING),,,11/23/2021 8:14:23 AM,False,5059,Accepted,
29330782,0568000,LOUISVILLE METRO POLICE DEPT,Accepted,JEFFERSON,KY0864,,CHESTNUT,ST,E,US0031E,BAXTER,,,,,38.251137012,-85.732874843,15.969,11/12/2021 12:00:00 AM,2059,2,2,0,0,CLOUDY,WET,False,SIDESWIPE-SAME DIRECTION,SIDESWIPE-SAME DIRECTION,CURVE & LEVEL,DARK-HWY LIGHTED/ON,,,11/19/2021 8:35:57 AM,False,5348,Accepted,
29315897,0563800,NORTHFIELD POLICE DEPARTMENT,Accepted,JEFFERSON,US0042,,BROWNSBORO,RD,,,,,RUDY,I 0264,I264 W EXIT22 ON RAMP FROM US42,38.278841468,-85.637460733,5.683,11/12/2021 12:00:00 AM,1750,3,3,0,0,RAINING,WET,False,REAR END IN TRAFFIC LANES BOTH VEHICLES MOVING,REAR END,STRAIGHT & LEVEL,DUSK,,,11/15/2021 10:44:49 PM,False,1375,Accepted,
29326240,0568000,LOUISVILLE METRO POLICE DEPT,Accepted,JEFFERSON,I 0065,,I65 S,,,,,,,,,38.246467492,-85.752273410,135.308,11/12/2021 12:00:00 AM,2249,5,5,0,5,RAINING,WET,False,REAR END IN TRAFFIC LANES BOTH VEHICLES MOVING,REAR END,STRAIGHT & LEVEL,DARK-HWY LIGHTED/ON,,,11/18/2021 8:21:44 AM,True,5348,Accepted,
29312675,0568000,LOUISVILLE METRO POLICE DEPT,Accepted,JEFFERSON,US0150,2201,DR W J HODGE,ST,,,,,,,,38.259054451,-85.784795412,0.801,11/12/2021 12:00:00 AM,1447,1,1,0,1,CLEAR,DRY,False,COLLISION WITH FIXED OBJECT NON - INTERSECTION - FIRST EVENT COLLISION 09 - 32 EXCLUDING 16,SINGLE VEHICLE,STRAIGHT & LEVEL,DAYLIGHT,,,11/15/2021 8:22:41 AM,False,5025,Accepted,
29312606,0568000,LOUISVILLE METRO POLICE DEPT,Accepted,JEFFERSON,I 0064,,I64 E,,,,,,,,,38.273698627,-85.786802585,2.360,11/12/2021 12:00:00 AM,0945,1,1,0,0,CLOUDY,DRY,False,COLLISION WITH FIXED OBJECT NON - INTERSECTION - FIRST EVENT COLLISION 09 - 32 EXCLUDING 16,SINGLE VEHICLE,STRAIGHT & LEVEL,DAYLIGHT,,,11/15/2021 8:17:39 AM,False,4903,Accepted,
29312607,0568000,LOUISVILLE METRO POLICE DEPT,Accepted,JEFFERSON,KY0907,,VALLEY STATION,RD,,US0031W,DIXIE,,,,,38.107642322,-85.866708185,0.001,11/12/2021 12:00:00 AM,0953,2,2,0,0,CLEAR,DRY,False,OTHER INTERSECTION COLLISIONS,REAR END,STRAIGHT & LEVEL,DAYLIGHT,,,11/15/2021 8:17:42 AM,False,7496,Accepted,
29312608,0568000,LOUISVILLE METRO POLICE DEPT,Accepted,JEFFERSON,KY0864,,POPLAR LEVEL,RD,,,,,,,,38.192803776,-85.706274397,11.109,11/12/2021 12:00:00 AM,1245,4,4,0,2,CLOUDY,DRY,False,REAR END IN TRAFFIC LANES BOTH VEHICLES MOVING,REAR END,STRAIGHT & GRADE,DAYLIGHT,,,11/15/2021 8:17:46 AM,False,4693,Accepted,
29312609,0568000,LOUISVILLE METRO POLICE DEPT,Accepted,JEFFERSON,US0150,1212,BROADWAY,,W,,,,,,,38.247532721,-85.771688425,1.655,11/12/2021 12:00:00 AM,0758,2,2,0,0,CLEAR,DRY,False,COLLISION IN PARKING LOT,REAR END,STRAIGHT & LEVEL,DAYLIGHT,,,11/15/2021 8:17:51 AM,False,5168,Accepted,
29312615,0568000,LOUISVILLE METRO POLICE DEPT,Accepted,JEFFERSON,I 0264,,I264 W,,,,,,,,,38.190110019,-85.750535959,10.990,11/12/2021 12:00:00 AM,1448,2,2,0,0,RAINING,WET,False,REAR END IN TRAFFIC LANES BOTH VEHICLES MOVING,REAR END,STRAIGHT & HILLCREST,DAYLIGHT,,,11/15/2021 8:18:14 AM,False,7872,Accepted,
29312616,0568000,LOUISVILLE METRO POLICE DEPT,Accepted,JEFFERSON,KY0864,,BEULAH CHURCH,RD,,,,,DELCOUR,KY0864,FEGENBUSH,38.135816674,-85.613598120,4.126,11/12/2021 12:00:00 AM,1458,2,2,0,0,CLOUDY,DRY,False,SIDESWIPE COLLISION - SAME DIRECTION,SIDESWIPE-SAME DIRECTION,STRAIGHT & GRADE,DAYLIGHT,,,11/15/2021 8:18:18 AM,False,2324,Accepted,
29312617,0568000,LOUISVILLE METRO POLICE DEPT,Accepted,JEFFERSON,KY0061,,PRESTON,HWY,,,ANTLE,,,,,38.085038694,-85.667578276,0.109,11/12/2021 12:00:00 AM,1651,2,2,0,0,RAINING,WET,False,OTHER INTERSECTION COLLISIONS,REAR END,STRAIGHT & LEVEL,DAYLIGHT,,,11/15/2021 8:18:21 AM,False,2324,Accepted,
29312618,0568000,LOUISVILLE METRO POLICE DEPT,Accepted,JEFFERSON,US0031E,,BARDSTOWN,RD,,,BASHFORD MANOR,,,,,38.202885961,-85.664572920,11.343,11/12/2021 12:00:00 AM,1708,1,1,0,0,RAINING,WET,False,COLLISION WITH FIXED OBJECT IN INTERSECTION - FIRST EVENT COLLISION 09 - 32,SINGLE VEHICLE,STRAIGHT & LEVEL,DUSK,,,11/15/2021 8:18:25 AM,False,5247,Accepted,
29312623,0568000,LOUISVILLE METRO POLICE DEPT,Accepted,JEFFERSON,KY1020,,2ND,ST,S,,BRECKINRIDGE,,,,,38.241509326,-85.755799452,11.798,11/12/2021 12:00:00 AM,1657,2,2,0,0,CLOUDY,WET,False,SIDESWIPE-SAME DIRECTION,SIDESWIPE-SAME DIRECTION,STRAIGHT & LEVEL,DUSK,,,11/15/2021 8:18:45 AM,False,7441,Accepted,
29312624,0568000,LOUISVILLE METRO POLICE DEPT,Accepted,JEFFERSON,I 0264,,I264 W,,,,,,,,,38.193141258,-85.711905701,13.086,11/12/2021 12:00:00 AM,1327,2,2,0,0,CLOUDY,DRY,False,REAR END IN TRAFFIC LANES BOTH VEHICLES MOVING,REAR END,STRAIGHT & LEVEL,DAYLIGHT,,,11/15/2021 8:18:48 AM,False,7398,Accepted,
29312635,0568000,LOUISVILLE METRO POLICE DEPT,Accepted,JEFFERSON,KY2052,,SHEPHERDSVILLE,RD,,KY1703,NEWBURG,,,,,38.178798879,-85.659507745,2.780,11/12/2021 12:00:00 AM,2249,2,2,0,0,CLEAR,WET,False,OPPOSING LEFT TURN,OPPOSING LEFT TURN,STRAIGHT & LEVEL,DARK (UNKNOWN ROADWAY LIGHTING),,,11/15/2021 8:19:32 AM,False,5182,Accepted,
29312669,0568000,LOUISVILLE METRO POLICE DEPT,Accepted,JEFFERSON,KY1932,,BRECKENRIDGE,LN,,,SUDBURY,,,,,38.209022643,-85.626925143,2.022,11/12/2021 12:00:00 AM,2240,3,3,0,0,CLEAR,DRY,True,OTHER INTERSECTION COLLISIONS,REAR END,STRAIGHT & GRADE,DARK-HWY LIGHTED/ON,,,11/15/2021 8:22:13 AM,False,5332,Accepted,
29312625,0568000,LOUISVILLE METRO POLICE DEPT,Accepted,JEFFERSON,,,MARKET,ST,W,,39TH,,,,,38.261805088,-85.813647325,1.482,11/12/2021 12:00:00 AM,1448,1,1,0,0,RAINING,WET,False,OTHER INTERSECTION COLLISIONS,SINGLE VEHICLE,STRAIGHT & LEVEL,DAYLIGHT,,,11/15/2021 8:18:52 AM,False,5282,Accepted,
29312626,0568000,LOUISVILLE METRO POLICE DEPT,Accepted,JEFFERSON,,,ST LOUIS,AVE,,,,,,,,38.233403134,-85.789714559,0.305,11/12/2021 12:00:00 AM,1514,3,3,0,1,RAINING,WET,False,1 VEHICLE ENTERING/LEAVING ENTRANCE,ANGLE,STRAIGHT & LEVEL,DAYLIGHT,,,11/15/2021 8:18:55 AM,False,5114,Accepted,
29312634,0568000,LOUISVILLE METRO POLICE DEPT,Accepted,JEFFERSON,,2139,LEXINGTON,RD,,,,,SPRING,,ETLEY,38.247307979,-85.707565209,1.534,11/12/2021 12:00:00 AM,2345,2,2,0,1,RAINING,WET,False,REAR END IN TRAFFIC LANES BOTH VEHICLES MOVING,REAR END,CURVE & LEVEL,DARK-HWY LIGHTED/ON,,,11/15/2021 8:19:28 AM,False,5274,Accepted,
29312640,0568000,LOUISVILLE METRO POLICE DEPT,Accepted,JEFFERSON,KY1932,,BRECKENRIDGE,LN,,,HIKES,,,,,38.218126265,-85.628567398,2.693,11/12/2021 12:00:00 AM,2259,2,2,0,1,RAINING,WET,False,OTHER INTERSECTION COLLISIONS,REAR END,STRAIGHT & LEVEL,DARK-HWY LIGHTED/ON,,,11/15/2021 8:19:48 AM,False,5153,Accepted,
29312611,0568000,LOUISVILLE METRO POLICE DEPT,Accepted,JEFFERSON,KY1865,4170,TAYLOR,BLVD,,,,,,,,38.179600927,-85.783261174,5.030,11/12/2021 12:00:00 AM,0811,2,2,0,0,CLOUDY,DRY,False,COLLISION IN PARKING LOT,SIDESWIPE-SAME DIRECTION,STRAIGHT & GRADE,DAYLIGHT,,,11/15/2021 8:17:59 AM,False,2745,Accepted,
29312612,0568000,LOUISVILLE METRO POLICE DEPT,Accepted,JEFFERSON,,,27TH,ST,S,,MAGAZINE,,,,,38.251857323,-85.796179978,0.301,11/12/2021 12:00:00 AM,1105,2,2,0,2,CLOUDY,DRY,True,ANGLE COLLISION - OTHER,ANGLE,STRAIGHT & LEVEL,DAYLIGHT,,,11/15/2021 8:18:03 AM,False,5124,Accepted,
29312614,0568000,LOUISVILLE METRO POLICE DEPT,Accepted,JEFFERSON,,1705,OAK,ST,W,,DIXIE,,,,,38.237245383,-85.787830085,1.782,11/12/2021 12:00:00 AM,0813,1,1,0,0,CLEAR,WET,False,COLLISION WITH FIXED OBJECT IN INTERSECTION - FIRST EVENT COLLISION 09 - 32,SINGLE VEHICLE,STRAIGHT & LEVEL,DAYLIGHT,,,11/15/2021 8:18:10 AM,False,5240,Accepted,
29312619,0568000,LOUISVILLE METRO POLICE DEPT,Accepted,JEFFERSON,KY1849,,MOORMAN,RD,,US0031W,DIXIE,,,,,38.085420998,-85.879901587,1.296,11/12/2021 12:00:00 AM,1708,2,2,0,0,RAINING,WET,True,OTHER INTERSECTION COLLISIONS,REAR END,STRAIGHT & LEVEL,DAYLIGHT,,,11/15/2021 8:18:29 AM,False,2311,Accepted,
29312620,0568000,LOUISVILLE METRO POLICE DEPT,Accepted,JEFFERSON,KY0864,,POPLAR LEVEL,RD,,,SHADY VILLA,,,,,38.163110693,-85.678766975,8.547,11/12/2021 12:00:00 AM,1558,2,2,0,1,RAINING,WET,False,ANGLE COLLISION - OTHER,ANGLE,CURVE & LEVEL,DAYLIGHT,,,11/15/2021 8:18:34 AM,False,5146,Accepted,
29312621,0568000,LOUISVILLE METRO POLICE DEPT,Accepted,JEFFERSON,US0031W,,BERNHEIM,LN,,,,US0031W,DIXIE,,22ND,38.221754010,-85.794724797,17.595,11/12/2021 12:00:00 AM,1637,2,2,0,0,CLEAR,WET,True,SIDESWIPE COLLISION - SAME DIRECTION,SIDESWIPE-SAME DIRECTION,CURVE & LEVEL,DAYLIGHT,,,11/15/2021 8:18:38 AM,False,2569,Accepted,
29312622,0568000,LOUISVILLE METRO POLICE DEPT,Accepted,JEFFERSON,,2051,SHELBY,ST,S,,,,,,,38.219438340,-85.743854441,1.337,11/12/2021 12:00:00 AM,1248,2,2,0,0,CLOUDY,DRY,True,1 VEHICLE PARKED POSITION (NOT PARKING LOT/DRIVEWAY),REAR END,STRAIGHT & LEVEL,DAYLIGHT,,,11/15/2021 8:18:41 AM,False,7441,Accepted,
29312628,0568000,LOUISVILLE METRO POLICE DEPT,Accepted,JEFFERSON,KY1931,,ST ANDREWS CHURCH,RD,,,,,,,,38.152752171,-85.817530862,4.539,11/12/2021 12:00:00 AM,1731,3,3,0,1,CLOUDY,WET,False,REAR END IN TRAFFIC LANES BOTH VEHICLES MOVING,REAR END,STRAIGHT & LEVEL,DARK (UNKNOWN ROADWAY LIGHTING),,,11/15/2021 8:19:04 AM,True,5400,Accepted,
29312629,0568000,LOUISVILLE METRO POLICE DEPT,Accepted,JEFFERSON,KY2048,,CANNONS,LN,,I 0064,I64 E EXIT10 ON RAMP FROM KY2048,,,,,38.234445213,-85.657348730,1.170,11/12/2021 12:00:00 AM,1839,2,2,0,0,CLOUDY,WET,False,ANGLE COLLISION - OTHER,ANGLE,STRAIGHT & GRADE,DARK-HWY LIGHTED/ON,,,11/15/2021 8:19:09 AM,False,2034,Accepted,
29312630,0568000,LOUISVILLE METRO POLICE DEPT,Accepted,JEFFERSON,US0031E,,BARDSTOWN,RD,,,FAIRGROUND,,,,,38.162916045,-85.595890866,6.587,11/12/2021 12:00:00 AM,2030,2,2,0,0,RAINING,WET,False,OTHER INTERSECTION COLLISIONS,REAR END,STRAIGHT & LEVEL,DARK-HWY LIGHTED/ON,,,11/15/2021 8:19:13 AM,False,5404,Accepted,
29312636,0568000,LOUISVILLE METRO POLICE DEPT,Accepted,JEFFERSON,I 0071,,I71 S,,,,,,,,,38.290966354,-85.648866697,4.950,11/12/2021 12:00:00 AM,2342,1,1,0,1,CLEAR,WET,False,OTHER COLLISIONS ON SHOULDER,SINGLE VEHICLE,CURVE & LEVEL,DARK-HWY NOT LIGHTED,,,11/15/2021 8:19:36 AM,False,5289,Accepted,
29312677,0568000,LOUISVILLE METRO POLICE DEPT,Accepted,JEFFERSON,,,7TH,ST,S,,JORDAN,,,,,38.224994633,-85.770191056,0.520,11/12/2021 12:00:00 AM,1515,2,2,0,0,RAINING,WET,False,ANGLE COLLISION - OTHER,ANGLE,STRAIGHT & LEVEL,DAYLIGHT,,,11/15/2021 8:22:48 AM,False,5175,Accepted,
29312709,0568000,LOUISVILLE METRO POLICE DEPT,Accepted,JEFFERSON,US0031W,,MARKET,ST,W,,11TH,,,,,38.256548036,-85.768415688,21.187,11/12/2021 12:00:00 AM,1049,2,2,0,0,CLEAR,DRY,False,SIDESWIPE-SAME DIRECTION,SIDESWIPE-SAME DIRECTION,STRAIGHT & LEVEL,DARK-HWY LIGHTED/ON,,,11/15/2021 8:24:49 AM,False,5335,Accepted,
29312718,0568000,LOUISVILLE METRO POLICE DEPT,Accepted,JEFFERSON,,,HALE,AVE,,,,,,,,38.237674801,-85.780870355,0.137,11/12/2021 12:00:00 AM,0212,2,2,0,0,CLEAR,DRY,True,1 VEHICLE PARKED POSITION (NOT PARKING LOT/DRIVEWAY),HEAD ON,STRAIGHT & LEVEL,DARK (UNKNOWN ROADWAY LIGHTING),,,11/15/2021 8:25:20 AM,False,5213,Accepted,
29312672,0568000,LOUISVILLE METRO POLICE DEPT,Accepted,JEFFERSON,US0031E,,BAXTER,AVE,,US0031E,MAIN,,,,,38.253881019,-85.732349244,16.719,11/12/2021 12:00:00 AM,2347,2,2,0,0,CLOUDY,WET,True,HEAD-ON COLLISION,HEAD ON,CURVE & LEVEL,DARK-HWY LIGHTED/ON,,,11/15/2021 8:22:31 AM,False,5356,Accepted,
29312602,0568000,LOUISVILLE METRO POLICE DEPT,Accepted,JEFFERSON,,1031,BEECHER,ST,,,,,,,,38.191679922,-85.779283532,0.217,11/12/2021 12:00:00 AM,0651,2,2,0,0,CLEAR,DRY,True,1 VEHICLE ENTERING/LEAVING ENTRANCE,ANGLE,STRAIGHT & LEVEL,DAWN,,,11/15/2021 8:17:23 AM,False,7433,Accepted,
29312601,0568000,LOUISVILLE METRO POLICE DEPT,Accepted,JEFFERSON,,,ALLMOND,AVE,,,WOODLAWN,,,,,38.180778355,-85.758999372,0.878,11/12/2021 12:00:00 AM,0620,2,2,0,1,CLEAR,DRY,False,OTHER INTERSECTION COLLISIONS,REAR END,STRAIGHT & LEVEL,DARK-HWY LIGHTED/ON,,,11/15/2021 8:17:17 AM,False,5337,Accepted,
29312631,0568000,LOUISVILLE METRO POLICE DEPT,Accepted,JEFFERSON,US0042,,BROWNSBORO,RD,,,HILLCREST,,,,,38.260622863,-85.685752589,2.745,11/12/2021 12:00:00 AM,2135,2,2,0,0,RAINING,WET,False,OPPOSING LEFT TURN,OPPOSING LEFT TURN,STRAIGHT & GRADE,DARK-HWY LIGHTED/ON,,,11/15/2021 8:19:17 AM,False,5355,Accepted,
29312706,0568000,LOUISVILLE METRO POLICE DEPT,Accepted,JEFFERSON,,1037,KENTUCKY,ST,E,,,,,,,38.235679826,-85.734128456,1.148,11/12/2021 12:00:00 AM,2331,2,2,0,0,CLEAR,WET,True,1 VEHICLE PARKED POSITION (NOT PARKING LOT/DRIVEWAY),SIDESWIPE-SAME DIRECTION,STRAIGHT & LEVEL,DARK-HWY LIGHTED/ON,,,11/15/2021 8:24:39 AM,False,5196,Accepted,
29312670,0568000,LOUISVILLE METRO POLICE DEPT,Accepted,JEFFERSON,,,1ST,ST,S,US0150,BROADWAY,,,,,38.245762141,-85.753427018,0.718,11/12/2021 12:00:00 AM,2002,2,1,0,1,RAINING,WET,False,COLLISION WITH PEDESTRIAN IN INTERSECTION,SINGLE VEHICLE,STRAIGHT & LEVEL,DARK-HWY LIGHTED/OFF,,,11/15/2021 8:22:17 AM,False,5385,Accepted,
29312605,0568000,LOUISVILLE METRO POLICE DEPT,Accepted,JEFFERSON,US0150,,BROADWAY,,E,,1ST,,,,,38.245712399,-85.753392090,2.657,11/11/2021 12:00:00 AM,1048,2,1,0,1,CLEAR,DRY,False,COLLISION WITH PEDESTRIAN IN INTERSECTION,SINGLE VEHICLE,STRAIGHT & LEVEL,DAYLIGHT,,,11/15/2021 8:17:35 AM,False,7058,Accepted,
29317320,0568000,LOUISVILLE METRO POLICE DEPT,Accepted,JEFFERSON,I 0064,,,,,,,,,,,38.234593447,-85.657304756,0.013,11/11/2021 12:00:00 AM,1508,1,1,0,0,CLOUDY,WET,False,COLLISION WITH FIXED OBJECT NOT IN GORE ,SINGLE VEHICLE,CURVE & HILLCREST,DAYLIGHT,KY2048,I 0064,11/16/2021 8:08:37 AM,False,2673,Accepted,
29317316,0568000,LOUISVILLE METRO POLICE DEPT,Accepted,JEFFERSON,,,7TH,ST,S,,HILL,,,,,38.226804642,-85.768974649,0.655,11/11/2021 12:00:00 AM,1235,1,1,0,0,CLOUDY,WET,False,OTHER INTERSECTION COLLISIONS,SINGLE VEHICLE,STRAIGHT & LEVEL,DAYLIGHT,,,11/16/2021 8:08:18 AM,False,5378,Accepted,
29303292,0568000,LOUISVILLE METRO POLICE DEPT,Accepted,JEFFERSON,,2911,FREYS HILL,RD,,,,,,,,38.287120845,-85.556201011,0.552,11/11/2021 12:00:00 AM,1741,2,2,0,0,RAINING,WET,False,HEAD-ON COLLISION,HEAD ON,CURVE & LEVEL,DARK (UNKNOWN ROADWAY LIGHTING),,,11/12/2021 7:33:08 AM,False,7483,Accepted,
29312333,0560400,SHIVELY POLICE DEPARTMENT,Accepted,JEFFERSON,I 0264,4200,I264 W,,,,,,,,,38.186111116,-85.803761111,8.088,11/11/2021 12:00:00 AM,1625,2,2,0,0,RAINING,WET,False,REAR END IN TRAFFIC LANES BOTH VEHICLES MOVING,REAR END,STRAIGHT & LEVEL,DAYLIGHT,,,11/15/2021 7:16:48 AM,False,7082,Accepted,
29303254,0568000,LOUISVILLE METRO POLICE DEPT,Accepted,JEFFERSON,US0031E,,BARDSTOWN,RD,,,,,,,,38.133701768,-85.579390779,4.340,11/11/2021 12:00:00 AM,0939,2,2,0,1,CLEAR,DRY,False,OTHER ROADWAY OR MID-BLOCK COLLISION,REAR END,STRAIGHT & LEVEL,DAYLIGHT,,,11/12/2021 7:30:49 AM,False,7755,Accepted,
29303260,0568000,LOUISVILLE METRO POLICE DEPT,Accepted,JEFFERSON,KY2054,,ALGONQUIN,PKWY,,US0031W,22ND,,,,,38.223372007,-85.795118124,1.502,11/11/2021 12:00:00 AM,0905,2,2,0,1,CLEAR,DRY,False,REAR END - ONE VEHICLE TURNING LEFT,REAR END,STRAIGHT & LEVEL,DAYLIGHT,,,11/12/2021 7:31:11 AM,False,7381,Accepted,
29303269,0568000,LOUISVILLE METRO POLICE DEPT,Accepted,JEFFERSON,KY0061,,PRESTON,HWY,,,HESS,,,,,38.204954044,-85.736280878,9.333,11/11/2021 12:00:00 AM,1541,2,2,0,0,RAINING,WET,False,SIDESWIPE-SAME DIRECTION,SIDESWIPE-SAME DIRECTION,STRAIGHT & LEVEL,DAYLIGHT,,,11/12/2021 7:31:42 AM,False,7383,Accepted,
29303271,0568000,LOUISVILLE METRO POLICE DEPT,Accepted,JEFFERSON,I 0265,,I265 W EXIT12 CROSSOVER KY61,,,KY0061,PRESTON,,,,,38.111733223,-85.675369140,0.002,11/11/2021 12:00:00 AM,1338,2,2,0,0,RAINING,WET,False,SIDESWIPE-SAME DIRECTION,SIDESWIPE-SAME DIRECTION,CURVE & LEVEL,DAYLIGHT,,,11/12/2021 7:31:50 AM,False,2324,Accepted,
29303277,0568000,LOUISVILLE METRO POLICE DEPT,Accepted,JEFFERSON,KY0061,,PRESTON,HWY,,,DURRETT,,,,,38.186339845,-85.724193510,7.887,11/11/2021 12:00:00 AM,1701,2,2,0,1,CLOUDY,WET,False,SIDESWIPE-SAME DIRECTION,SIDESWIPE-SAME DIRECTION,STRAIGHT & LEVEL,DAYLIGHT,,,11/12/2021 7:32:12 AM,False,5001,Accepted,
29303278,0568000,LOUISVILLE METRO POLICE DEPT,Accepted,JEFFERSON,KY0061,,PRESTON,HWY,,,BOERSTE,,,,,38.113966565,-85.676137694,2.128,11/11/2021 12:00:00 AM,1656,2,2,0,0,RAINING,WET,False,OTHER INTERSECTION COLLISIONS,REAR END,STRAIGHT & LEVEL,DAYLIGHT,,,11/12/2021 7:32:16 AM,False,5040,Accepted,
29303279,0568000,LOUISVILLE METRO POLICE DEPT,Accepted,JEFFERSON,I 0265,,I265 W,,,I 0265,I265 W EXIT14 ON RAMP FROM  SMYRNA PKWY,,,,,38.117499017,-85.649095331,13.233,11/11/2021 12:00:00 AM,0735,2,2,0,0,CLEAR,DRY,False,OTHER INTERSECTION COLLISIONS,REAR END,STRAIGHT & LEVEL,DAWN,,,11/12/2021 7:32:21 AM,False,7356,Accepted,
29303285,0568000,LOUISVILLE METRO POLICE DEPT,Accepted,JEFFERSON,KY1819,,BILLTOWN,RD,,,MICHAEL EDWARD,,,,,38.171482930,-85.572827000,7.545,11/11/2021 12:00:00 AM,1651,2,2,0,0,RAINING,WET,False,OTHER INTERSECTION COLLISIONS,REAR END,STRAIGHT & LEVEL,DAYLIGHT,,,11/12/2021 7:32:43 AM,False,7755,Accepted,