IncidentID,AgencyORI,AgencyName,IncidentStatusDesc,County,RdwyNumber,Street,RoadwayName,StreetSfx,StreetDir,IntersectionRdwy,IntersectionRdwyName,BetweenStRdwy1,BetweenStRdwyName1,BetweenStRdwy2,BetweenStRdwyName2,Latitude,Longitude,Milepoint,CollisionDate,CollisionTime,UnitsInvolved,MotorVehiclesInvolved,NumberKilled,NumberInjured,Weather,RdwyConditionCode,HitandRun,DirAnalysisCode,MannerofCollision,RdwyCharacter,LightCondition,RampFromRdwyId,RampToRdwyId,AcceptedDate,IsSecondaryCollision,OwnerBadge,IncidentStatus,
29303286,0568000,LOUISVILLE METRO POLICE DEPT,Accepted,JEFFERSON,,,SPRINGHURST,BLVD,,,,,,,,38.299978740,-85.559812816,0.448,11/11/2021 12:00:00 AM,1809,2,2,0,0,CLEAR,WET,False,HEAD-ON COLLISION,HEAD ON,STRAIGHT & LEVEL,DARK-HWY NOT LIGHTED,,,11/12/2021 7:32:46 AM,False,7359,Accepted,
29303288,0568000,LOUISVILLE METRO POLICE DEPT,Accepted,JEFFERSON,US0031W,,DIXIE,HWY,,,,,,,,38.093976994,-85.874761336,7.600,11/11/2021 12:00:00 AM,1412,2,2,0,1,RAINING,WET,False,REAR END IN TRAFFIC LANES BOTH VEHICLES MOVING,REAR END,STRAIGHT & LEVEL,DAYLIGHT,,,11/12/2021 7:32:53 AM,False,7234,Accepted,
29300036,0568000,LOUISVILLE METRO POLICE DEPT,Accepted,JEFFERSON,,1822,JEFFERSON,ST,W,,,,,,,38.256557636,-85.781501637,1.618,11/11/2021 12:00:00 AM,0626,1,1,0,0,CLEAR,DRY,True,OTHER ROADWAY OR MID-BLOCK COLLISION,SINGLE VEHICLE,STRAIGHT & LEVEL,DAWN,,,11/11/2021 8:36:24 AM,False,5306,Accepted,
29303280,0568000,LOUISVILLE METRO POLICE DEPT,Accepted,JEFFERSON,KY1230,5349,CANE RUN,RD,,,,,,,,38.175372095,-85.889666906,6.784,11/11/2021 12:00:00 AM,1742,2,2,0,0,CLOUDY,WET,False,HEAD-ON COLLISION,HEAD ON,CURVE & LEVEL,DUSK,,,11/12/2021 7:32:25 AM,False,7356,Accepted,
29303264,0568000,LOUISVILLE METRO POLICE DEPT,Accepted,JEFFERSON,US0031E,,BAXTER,AVE,,,,,HIGHLAND,,MORTON,38.240591973,-85.724578344,15.678,11/11/2021 12:00:00 AM,1452,2,2,0,0,RAINING,WET,True,OTHER ROADWAY OR MID-BLOCK COLLISION,REAR END,STRAIGHT & LEVEL,DAYLIGHT,,,11/12/2021 7:31:26 AM,False,2228,Accepted,
29303265,0568000,LOUISVILLE METRO POLICE DEPT,Accepted,JEFFERSON,KY1819,,BILLTOWN,RD,,KY1065,LOVERS,,,,,38.166250060,-85.569448219,7.133,11/11/2021 12:00:00 AM,1519,2,2,0,0,RAINING,WET,False,ANGLE COLLISION - OTHER,ANGLE,STRAIGHT & LEVEL,DAYLIGHT,,,11/12/2021 7:31:29 AM,False,7755,Accepted,
29303266,0568000,LOUISVILLE METRO POLICE DEPT,Accepted,JEFFERSON,,4306,RIVER,RD,,,,,,,,38.295454900,-85.672020402,1.765,11/11/2021 12:00:00 AM,0935,1,1,0,0,CLEAR,DRY,False,COLLISION WITH FIXED OBJECT NON - INTERSECTION - FIRST EVENT COLLISION 09 - 32 EXCLUDING 16,SINGLE VEHICLE,STRAIGHT & LEVEL,DAYLIGHT,,,11/12/2021 7:31:32 AM,False,7359,Accepted,
29303267,0568000,LOUISVILLE METRO POLICE DEPT,Accepted,JEFFERSON,KY0864,,BEULAH CHURCH,RD,,I 0265,I265 E EXIT15 OFF RAMP TO KY864,,,,,38.123781175,-85.614770391,3.300,11/11/2021 12:00:00 AM,1530,2,2,0,0,RAINING,WET,False,OTHER INTERSECTION COLLISIONS,REAR END,STRAIGHT & LEVEL,DAYLIGHT,,,11/12/2021 7:31:35 AM,False,2506,Accepted,
29303272,0568000,LOUISVILLE METRO POLICE DEPT,Accepted,JEFFERSON,,,WATTERSON,TRL,S,,,KY0864,FEGENBUSH,,GLASER,38.140830971,-85.614834532,3.072,11/11/2021 12:00:00 AM,1508,3,3,0,0,RAINING,WET,False,1 VEHICLE ENTERING/LEAVING ENTRANCE,ANGLE,STRAIGHT & LEVEL,DAYLIGHT,,,11/12/2021 7:31:53 AM,False,2324,Accepted,
29303273,0568000,LOUISVILLE METRO POLICE DEPT,Accepted,JEFFERSON,KY0907,,3RD ST,RD,,,,,,,,38.118843726,-85.805382525,3.803,11/11/2021 12:00:00 AM,1133,2,2,0,0,RAINING,WET,False,REAR END IN TRAFFIC LANES BOTH VEHICLES MOVING,REAR END,STRAIGHT & LEVEL,DAYLIGHT,,,11/12/2021 7:31:57 AM,False,7174,Accepted,
29303275,0568000,LOUISVILLE METRO POLICE DEPT,Accepted,JEFFERSON,KY2048,,CANNONS,LN,,,WINCHESTER,,,,,38.238056734,-85.659291363,1.450,11/11/2021 12:00:00 AM,1249,2,2,0,0,RAINING,WET,False,ANGLE COLLISION - ONE VEHICLE TURNING LEFT,ANGLE,STRAIGHT & LEVEL,DAYLIGHT,,,11/12/2021 7:32:04 AM,False,7632,Accepted,
29303281,0568000,LOUISVILLE METRO POLICE DEPT,Accepted,JEFFERSON,I 0265,,I265 E,,,,,I 0265,I265 E EXIT15 ON RAMP FROM KY864,I 0265,I265 E EXIT17 OFF RAMP TO US31E,38.134815173,-85.597517565,16.377,11/11/2021 12:00:00 AM,0545,1,1,0,0,CLOUDY,DRY,False,COLLISION WITH ANIMAL NON INTERSECTION,SINGLE VEHICLE,STRAIGHT & LEVEL,DARK-HWY LIGHTED/OFF,,,11/12/2021 7:32:28 AM,False,2775,Accepted,
29303282,0568000,LOUISVILLE METRO POLICE DEPT,Accepted,JEFFERSON,I 0264,,,,,,,,,,,38.276722341,-85.632751510,0.035,11/11/2021 12:00:00 AM,1753,3,3,0,1,RAINING,WET,False,OTHER RAMP RELATED COLLISIONS NOT LISTED ABOVE,REAR END,STRAIGHT & GRADE,DARK-HWY LIGHTED/ON,I 0264,US0042,11/12/2021 7:32:31 AM,True,2346,Accepted,
29303283,0568000,LOUISVILLE METRO POLICE DEPT,Accepted,JEFFERSON,,,6TH,ST,S,,,,JEFFERSON,,LIBERTY,38.254071562,-85.760382513,0.187,11/11/2021 12:00:00 AM,0936,2,2,0,0,CLOUDY,DRY,False,SIDESWIPE COLLISION - SAME DIRECTION,SIDESWIPE-SAME DIRECTION,STRAIGHT & LEVEL,DAYLIGHT,,,11/12/2021 7:32:35 AM,False,5391,Accepted,
29303284,0568000,LOUISVILLE METRO POLICE DEPT,Accepted,JEFFERSON,,,4TH,ST,S,,,,MUHAMMAD ALI,,LIBERTY,38.251774866,-85.757401479,0.337,11/11/2021 12:00:00 AM,1615,2,2,0,0,CLOUDY,WET,False,1 VEHICLE PARKED POSITION (NOT PARKING LOT/DRIVEWAY),REAR END,STRAIGHT & GRADE,DAWN,,,11/12/2021 7:32:39 AM,False,5391,Accepted,
29303291,0568000,LOUISVILLE METRO POLICE DEPT,Accepted,JEFFERSON,,,FAIRGROUND,RD,,,VILLA FAIR,,,,,38.174017897,-85.584206812,1.337,11/11/2021 12:00:00 AM,2023,2,2,0,0,RAINING,WET,False,OPPOSITE DIRECTION - BOTH VEHICLES GOING STRAIGHT AHEAD,SIDESWIPE-OPPOSITE DIRECTION,CURVE & GRADE,DARK-HWY LIGHTED/OFF,,,11/12/2021 7:33:04 AM,False,2321,Accepted,
29300038,0568000,LOUISVILLE METRO POLICE DEPT,Accepted,JEFFERSON,,,MUHAMMAD ALI,BLVD,E,KY0061,PRESTON,,,,,38.249979018,-85.746819918,0.724,11/11/2021 12:00:00 AM,0646,2,2,0,1,CLEAR,DRY,False,ANGLE COLLISION - OTHER,ANGLE,STRAIGHT & LEVEL,DAWN,,,11/11/2021 8:36:31 AM,False,5311,Accepted,
29300027,0568000,LOUISVILLE METRO POLICE DEPT,Accepted,JEFFERSON,US0031E,,BARDSTOWN,RD,,,HIDDEN VALLEY FARM,,,,,38.086745722,-85.555981428,0.788,11/11/2021 12:00:00 AM,0456,1,1,0,1,CLEAR,DRY,False,COLLISION WITH ANIMAL IN INTERSECTION,SINGLE VEHICLE,STRAIGHT & GRADE,DARK-HWY NOT LIGHTED,,,11/11/2021 8:36:14 AM,False,5169,Accepted,
29303251,0568000,LOUISVILLE METRO POLICE DEPT,Accepted,JEFFERSON,KY1447,,WESTPORT,RD,,,,,,,,38.278112359,-85.597929688,3.675,11/11/2021 12:00:00 AM,0714,2,2,0,1,CLEAR,DRY,True,REAR END IN TRAFFIC LANES BOTH VEHICLES MOVING,REAR END,STRAIGHT & GRADE,DAYLIGHT,,,11/12/2021 7:30:37 AM,False,2346,Accepted,
29301944,0560300,ST. MATTHEWS POLICE DEPARTMENT,Accepted,JEFFERSON,US0060,3901,SHELBYVILLE,RD,,KY1932,BRECKENRIDGE,,,,,38.252833571,-85.655326686,3.543,11/11/2021 12:00:00 AM,2027,2,2,0,0,CLEAR,WET,False,SIDESWIPE-SAME DIRECTION,SIDESWIPE-SAME DIRECTION,STRAIGHT & LEVEL,DARK-HWY LIGHTED/ON,,,11/11/2021 10:21:48 PM,False,9187,Accepted,
29303259,0568000,LOUISVILLE METRO POLICE DEPT,Accepted,JEFFERSON,I 0265,,I265 S,,,,,,,,,38.286283167,-85.514905649,30.430,11/11/2021 12:00:00 AM,0426,3,2,1,0,CLEAR,DRY,False,SIDESWIPE COLLISION - SAME DIRECTION,SIDESWIPE-SAME DIRECTION,STRAIGHT & HILLCREST,DARK-HWY NOT LIGHTED,,,11/12/2021 7:31:07 AM,False,6886,Accepted,
29303301,0568000,LOUISVILLE METRO POLICE DEPT,Accepted,JEFFERSON,,1700BLK,7TH,ST,S,,,,INDUSTRY,,11TH,38.222200914,-85.774364499,0.220,11/11/2021 12:00:00 AM,2056,2,2,0,0,CLEAR,DRY,True,1 VEHICLE PARKED POSITION (NOT PARKING LOT/DRIVEWAY),SIDESWIPE-SAME DIRECTION,STRAIGHT & LEVEL,DARK-HWY LIGHTED/ON,,,11/12/2021 7:33:31 AM,False,5387,Accepted,
29315529,0568000,LOUISVILLE METRO POLICE DEPT,Accepted,JEFFERSON,US0031E,,BARDSTOWN,RD,,,CEDARLOOK,,,,,38.147040354,-85.585846830,5.332,11/11/2021 12:00:00 AM,1930,2,1,0,2,CLOUDY,WET,False,OPPOSING LEFT TURN,OPPOSING LEFT TURN,STRAIGHT & LEVEL,DARK-HWY NOT LIGHTED,,,11/15/2021 7:42:42 PM,False,7755,Accepted,
29317333,0568000,LOUISVILLE METRO POLICE DEPT,Accepted,JEFFERSON,KY1932,,BRECKENRIDGE,LN,,,SIX MILE,,,,,38.197603839,-85.625099760,1.129,11/11/2021 12:00:00 AM,0856,2,2,0,2,CLEAR,DRY,False,ANGLE COLLISION - ONE VEHICLE TURNING LEFT,ANGLE,STRAIGHT & LEVEL,DAYLIGHT,,,11/16/2021 8:09:29 AM,False,7200,Accepted,
29317335,0568000,LOUISVILLE METRO POLICE DEPT,Accepted,JEFFERSON,KY1065,,OUTER,LOOP,,,,,NOLTEMEYER WYNDE,,CAROL,38.138431377,-85.683481529,6.236,11/11/2021 12:00:00 AM,1820,2,2,0,0,CLOUDY,WET,True,REAR END IN TRAFFIC LANES BOTH VEHICLES MOVING,REAR END,STRAIGHT & LEVEL,DARK-HWY LIGHTED/ON,,,11/16/2021 8:09:36 AM,False,5141,Accepted,
29339552,0568000,LOUISVILLE METRO POLICE DEPT,Accepted,JEFFERSON,,,JEFFERSON,ST,E,KY0061,JACKSON,,,,,38.252551595,-85.744322025,0.619,11/11/2021 12:00:00 AM,1134,2,2,0,0,RAINING,WET,False,OPPOSING LEFT TURN,OPPOSING LEFT TURN,STRAIGHT & LEVEL,DAYLIGHT,,,11/22/2021 8:41:35 AM,False,5367,Accepted,
29344792,0568000,LOUISVILLE METRO POLICE DEPT,Accepted,JEFFERSON,,,TOWNE CENTER,DR,,KY1447,WESTPORT,,,,,38.296432503,-85.553485297,0.004,11/11/2021 12:00:00 AM,1730,2,2,0,0,CLEAR,DRY,False,OTHER INTERSECTION COLLISIONS,REAR END,STRAIGHT & LEVEL,DARK-HWY LIGHTED/ON,,,11/23/2021 8:12:36 AM,False,7631,Accepted,
29372687,0568000,LOUISVILLE METRO POLICE DEPT,Accepted,JEFFERSON,,4019,VERMONT,AVE,,,,,,,,38.256633928,-85.817340244,0.913,11/11/2021 12:00:00 AM,1837,2,2,0,0,CLEAR,DRY,True,1 VEHICLE PARKED POSITION (NOT PARKING LOT/DRIVEWAY),SIDESWIPE-SAME DIRECTION,STRAIGHT & LEVEL,DARK-HWY LIGHTED/ON,,,12/1/2021 8:29:45 AM,False,7469,Accepted,
29339650,0568000,LOUISVILLE METRO POLICE DEPT,Accepted,JEFFERSON,US0060A,,TAYLOR,BLVD,,,CLARA,,,,,38.199741751,-85.782639766,1.717,11/10/2021 12:00:00 AM,1427,2,2,0,0,CLEAR,DRY,True,OTHER INTERSECTION COLLISIONS,REAR END,STRAIGHT & LEVEL,DAYLIGHT,,,11/22/2021 8:46:32 AM,False,7251,Accepted,
29317860,0561500,UNIV. OF LOUISVILLE POLICE,Accepted,JEFFERSON,,2330,CRITTENDEN,DR,,,,,,,,38.213202485,-85.751763210,0.058,11/10/2021 12:00:00 AM,2006,2,2,0,0,CLEAR,DRY,False,COLLISION IN PARKING LOT,BACKING,STRAIGHT & GRADE,DARK-HWY LIGHTED/ON,,,11/16/2021 10:01:58 AM,False,5690,Accepted,
29326211,0568000,LOUISVILLE METRO POLICE DEPT,Accepted,JEFFERSON,I 0065,,,,,,,,,,,38.192943937,-85.731760619,0.004,11/10/2021 12:00:00 AM,1420,3,3,0,1,CLEAR,DRY,False,OTHER RAMP RELATED COLLISIONS NOT LISTED ABOVE,REAR END,CURVE & GRADE,DAYLIGHT,I 0065,I 0264,11/18/2021 8:19:02 AM,False,8278,Accepted,
29326235,0568000,LOUISVILLE METRO POLICE DEPT,Accepted,JEFFERSON,KY0061,6000,PRESTON,HWY,,,,,,,,38.164941141,-85.702548318,5.997,11/10/2021 12:00:00 AM,1830,1,1,0,0,CLEAR,DRY,False,OTHER ROADWAY OR MID-BLOCK COLLISION,SINGLE VEHICLE,STRAIGHT & LEVEL,DARK (UNKNOWN ROADWAY LIGHTING),,,11/18/2021 8:20:44 AM,False,5326,Accepted,
29300037,0568000,LOUISVILLE METRO POLICE DEPT,Accepted,JEFFERSON,I 0264,,I264 E,,,,,,,,,38.185376218,-85.809393197,7.681,11/10/2021 12:00:00 AM,2300,2,2,0,0,CLEAR,DRY,True,SIDESWIPE COLLISION - SAME DIRECTION,SIDESWIPE-SAME DIRECTION,STRAIGHT & LEVEL,DARK-HWY LIGHTED/ON,,,11/11/2021 8:36:27 AM,False,5337,Accepted,
29300010,0568000,LOUISVILLE METRO POLICE DEPT,Accepted,JEFFERSON,,,KINGSTON,AVE,W,KY1020,SOUTHSIDE,,,,,38.172776813,-85.764683346,0.043,11/10/2021 12:00:00 AM,1035,2,2,0,2,CLEAR,DRY,False,OTHER INTERSECTION COLLISIONS,REAR END,STRAIGHT & LEVEL,DAYLIGHT,,,11/11/2021 8:35:25 AM,False,5186,Accepted,
29300011,0568000,LOUISVILLE METRO POLICE DEPT,Accepted,JEFFERSON,I 0264,,I264 W,,,,,,,,,38.221668558,-85.650831058,17.000,11/10/2021 12:00:00 AM,1742,2,2,0,0,CLEAR,DRY,False,REAR END IN TRAFFIC LANES BOTH VEHICLES MOVING,REAR END,STRAIGHT & LEVEL,DARK-HWY LIGHTED/ON,,,11/11/2021 8:35:30 AM,False,2217,Accepted,
29271398,0568000,LOUISVILLE METRO POLICE DEPT,Accepted,JEFFERSON,,,HIKES,LN,,US0031E,BUECHEL,,,,,38.198396785,-85.661082907,0.804,11/10/2021 12:00:00 AM,0038,2,2,0,0,CLOUDY,DRY,True,OPPOSING LEFT TURN,OPPOSING LEFT TURN,STRAIGHT & LEVEL,DARK-HWY LIGHTED/ON,,,11/10/2021 8:03:13 AM,False,5347,Accepted,
29299992,0568000,LOUISVILLE METRO POLICE DEPT,Accepted,JEFFERSON,I 0065,,I65 N,,,,,,,,,38.189482731,-85.728459403,130.663,11/10/2021 12:00:00 AM,0732,2,2,0,0,CLEAR,DRY,True,REAR END IN TRAFFIC LANES BOTH VEHICLES MOVING,REAR END,STRAIGHT & LEVEL,DAYLIGHT,,,11/11/2021 8:34:19 AM,False,4903,Accepted,
29299994,0568000,LOUISVILLE METRO POLICE DEPT,Accepted,JEFFERSON,US0060A,,TAYLOR,BLVD,,,SALE,,,,,38.197515611,-85.782890470,1.548,11/10/2021 12:00:00 AM,0715,2,2,0,0,CLEAR,DRY,False,ANGLE COLLISION - OTHER,ANGLE,STRAIGHT & LEVEL,DAYLIGHT,,,11/11/2021 8:34:26 AM,False,5037,Accepted,
29300002,0568000,LOUISVILLE METRO POLICE DEPT,Accepted,JEFFERSON,,,SEATONVILLE,RD,,,,,,,,38.147947100,-85.573089761,0.421,11/10/2021 12:00:00 AM,0723,2,2,0,0,CLEAR,DRY,False,REAR END IN TRAFFIC LANES BOTH VEHICLES MOVING,REAR END,STRAIGHT & GRADE,DARK (UNKNOWN ROADWAY LIGHTING),,,11/11/2021 8:34:55 AM,False,4693,Accepted,
29300009,0568000,LOUISVILLE METRO POLICE DEPT,Accepted,JEFFERSON,,,KENWOOD,WAY,W,,1ST,,,,,38.179058323,-85.763281984,0.192,11/10/2021 12:00:00 AM,0904,2,2,0,0,CLEAR,DRY,False,HEAD-ON COLLISION,HEAD ON,STRAIGHT & LEVEL,DAYLIGHT,,,11/11/2021 8:35:22 AM,False,5186,Accepted,
29300000,0568000,LOUISVILLE METRO POLICE DEPT,Accepted,JEFFERSON,,,40TH,ST,S,KY2056,BELLS,,,,,38.222936941,-85.822654110,1.689,11/10/2021 12:00:00 AM,1220,2,2,0,1,CLEAR,DRY,False,ANGLE COLLISION - OTHER,ANGLE,STRAIGHT & LEVEL,DAYLIGHT,,,11/11/2021 8:34:49 AM,False,5161,Accepted,
29300008,0568000,LOUISVILLE METRO POLICE DEPT,Accepted,JEFFERSON,KY0841,,,,,,,,,,,38.100427459,-85.825604169,0.426,11/10/2021 12:00:00 AM,1119,2,2,0,0,CLEAR,DRY,False,OTHER RAMP RELATED COLLISIONS NOT LISTED ABOVE,REAR END,CURVE & LEVEL,DAYLIGHT,KY0841,STONESTREET RD,11/11/2021 8:35:19 AM,False,5110,Accepted,
29300017,0568000,LOUISVILLE METRO POLICE DEPT,Accepted,JEFFERSON,KY0907,,3RD ST,RD,,,,,,,,38.144869322,-85.776507407,6.215,11/10/2021 12:00:00 AM,1714,2,2,0,0,CLOUDY,DRY,False,1 VEHICLE ENTERING/LEAVING ENTRANCE,ANGLE,STRAIGHT & LEVEL,DAYLIGHT,,,11/11/2021 8:35:44 AM,False,7234,Accepted,
29300024,0568000,LOUISVILLE METRO POLICE DEPT,Accepted,JEFFERSON,,,7TH,ST,S,,INDUSTRY,,,,,38.221107510,-85.776005271,0.102,11/10/2021 12:00:00 AM,1000,2,2,0,0,CLOUDY,DRY,False,OTHER INTERSECTION COLLISIONS,REAR END,STRAIGHT & LEVEL,DAYLIGHT,,,11/11/2021 8:35:57 AM,False,7360,Accepted,
29300025,0568000,LOUISVILLE METRO POLICE DEPT,Accepted,JEFFERSON,,1771,WILART,DR,,,,,,,,38.219170068,-85.792793383,0.075,11/10/2021 12:00:00 AM,2136,1,1,0,0,CLEAR,DRY,False,OTHER ROADWAY OR MID-BLOCK COLLISION,SINGLE VEHICLE,STRAIGHT & LEVEL,DAWN,,,11/11/2021 8:36:04 AM,False,7154,Accepted,
29303289,0568000,LOUISVILLE METRO POLICE DEPT,Accepted,JEFFERSON,,,JOHNSON SCHOOL,RD,,KY6323,SMITH,,,,,38.131329888,-85.600501846,0.725,11/10/2021 12:00:00 AM,1553,2,2,0,0,CLEAR,DRY,False,ANGLE COLLISION - ONE VEHICLE TURNING RIGHT,ANGLE,CURVE & GRADE,DAYLIGHT,,,11/12/2021 7:32:57 AM,False,2321,Accepted,
29303290,0568000,LOUISVILLE METRO POLICE DEPT,Accepted,JEFFERSON,KY1747,,HURSTBOURNE,PKWY,,,,,HAMES,US0031E,BARDSTOWN,38.167720205,-85.605781504,7.396,11/10/2021 12:00:00 AM,1742,2,2,0,0,CLEAR,DRY,False,1 VEHICLE ENTERING/LEAVING ENTRANCE,ANGLE,STRAIGHT & LEVEL,DUSK,,,11/12/2021 7:33:01 AM,False,2321,Accepted,
29299995,0568000,LOUISVILLE METRO POLICE DEPT,Accepted,JEFFERSON,,,CYPRESS,ST,,,GAULBERT,,,,,38.229200723,-85.798773482,0.601,11/10/2021 12:00:00 AM,0924,2,2,0,1,CLEAR,DRY,False,ANGLE COLLISION - OTHER,ANGLE,STRAIGHT & LEVEL,DAYLIGHT,,,11/11/2021 8:34:30 AM,False,5161,Accepted,
29299996,0568000,LOUISVILLE METRO POLICE DEPT,Accepted,JEFFERSON,I 0064,,I64 E,,,,,,,,,38.264035182,-85.773930356,3.415,11/10/2021 12:00:00 AM,0900,2,2,0,0,CLEAR,DRY,False,REAR END IN TRAFFIC LANES BOTH VEHICLES MOVING,REAR END,CURVE & LEVEL,DAYLIGHT,,,11/11/2021 8:34:33 AM,True,4903,Accepted,
29300003,0568000,LOUISVILLE METRO POLICE DEPT,Accepted,JEFFERSON,KY0061,,PRESTON,HWY,,,,,,,,38.201285158,-85.733945428,9.055,11/10/2021 12:00:00 AM,1038,1,1,0,0,CLEAR,DRY,False,COLLISION WITH FIXED OBJECT NON - INTERSECTION - FIRST EVENT COLLISION 09 - 32 EXCLUDING 16,SINGLE VEHICLE,STRAIGHT & LEVEL,DAYLIGHT,,,11/11/2021 8:34:59 AM,False,4693,Accepted,
29300004,0568000,LOUISVILLE METRO POLICE DEPT,Accepted,JEFFERSON,KY0061,,PRESTON,HWY,,,,,,,,38.201232963,-85.733900922,9.050,11/10/2021 12:00:00 AM,1038,2,2,0,0,CLEAR,DRY,False,1 VEHICLE ENTERING/LEAVING ENTRANCE,ANGLE,STRAIGHT & LEVEL,DAYLIGHT,,,11/11/2021 8:35:02 AM,False,4693,Accepted,
29300029,0568000,LOUISVILLE METRO POLICE DEPT,Accepted,JEFFERSON,KY1020,1353,2ND,ST,S,,ORMSBY,,,,,38.231203481,-85.757611656,11.080,11/10/2021 12:00:00 AM,2155,3,3,0,0,CLEAR,DRY,True,COLLISION WITH PARKED VEHICLE,SIDESWIPE-SAME DIRECTION,STRAIGHT & LEVEL,DARK-HWY LIGHTED/ON,,,11/11/2021 8:36:18 AM,False,5267,Accepted,
29300007,0568000,LOUISVILLE METRO POLICE DEPT,Accepted,JEFFERSON,KY1747,,FERN VALLEY,RD,,,ARTISAN,,,,,38.155747481,-85.653466389,4.315,11/10/2021 12:00:00 AM,1311,2,2,0,1,CLEAR,DRY,False,ANGLE COLLISION - OTHER,ANGLE,STRAIGHT & LEVEL,DAYLIGHT,,,11/11/2021 8:35:16 AM,False,2324,Accepted,
29300013,0568000,LOUISVILLE METRO POLICE DEPT,Accepted,JEFFERSON,US0031W,12000,DIXIE,HWY,,,,,,,,38.081551675,-85.882237737,6.645,11/10/2021 12:00:00 AM,1710,1,1,0,0,CLOUDY,DRY,False,COLLISION WITH FIXED OBJECT NON - INTERSECTION - FIRST EVENT COLLISION 09 - 32 EXCLUDING 16,SINGLE VEHICLE,STRAIGHT & LEVEL,DARK-HWY NOT LIGHTED,,,11/11/2021 8:35:37 AM,False,2738,Accepted,
29300015,0568000,LOUISVILLE METRO POLICE DEPT,Accepted,JEFFERSON,KY1865,,NEW CUT,RD,,,,,,,,38.123147836,-85.776807037,1.035,11/10/2021 12:00:00 AM,1558,2,2,0,0,CLOUDY,DRY,True,SIDESWIPE COLLISION - SAME DIRECTION,SIDESWIPE-SAME DIRECTION,STRAIGHT & LEVEL,DAYLIGHT,,,11/11/2021 8:35:41 AM,False,7234,Accepted,
29300023,0568000,LOUISVILLE METRO POLICE DEPT,Accepted,JEFFERSON,,1313,WOODCHESTER,WAY,,,,,,,,38.123306208,-85.742489558,0.020,11/10/2021 12:00:00 AM,1012,2,2,0,0,CLEAR,DRY,False,VEHICLE BACKING NON INTERSECTION,BACKING,STRAIGHT & LEVEL,DAYLIGHT,,,11/11/2021 8:35:54 AM,False,7252,Accepted,
29317847,0561500,UNIV. OF LOUISVILLE POLICE,Accepted,JEFFERSON,,430,CARDINAL,BLVD,W,,,,,,,38.221142948,-85.763149543,0.251,11/10/2021 12:00:00 AM,1857,2,2,0,0,CLEAR,DRY,True,COLLISION IN PARKING LOT,SIDESWIPE-SAME DIRECTION,STRAIGHT & LEVEL,DARK-HWY LIGHTED/ON,,,11/16/2021 9:59:26 AM,False,5710,Accepted,
29303252,0568000,LOUISVILLE METRO POLICE DEPT,Accepted,JEFFERSON,,3525,GOLDSMITH,LN,,,,,,,,38.209912313,-85.653881088,0.382,11/10/2021 12:00:00 AM,1548,1,1,0,0,CLEAR,DRY,False,COLLISION IN PARKING LOT,SINGLE VEHICLE,STRAIGHT & LEVEL,DAYLIGHT,,,11/12/2021 7:30:41 AM,False,5375,Accepted,
29303253,0568000,LOUISVILLE METRO POLICE DEPT,Accepted,JEFFERSON,,,MICHAEL EDWARD,DR,,,HUDSON,,,,,38.171297787,-85.576951634,0.233,11/10/2021 12:00:00 AM,1725,2,2,0,0,CLEAR,DRY,False,ANGLE COLLISION - OTHER,ANGLE,STRAIGHT & LEVEL,DAYLIGHT,,,11/12/2021 7:30:45 AM,False,7755,Accepted,
29312604,0568000,LOUISVILLE METRO POLICE DEPT,Accepted,JEFFERSON,,,HANCOCK,ST,N,US0031E,MAIN,,,,,38.255526729,-85.741706770,0.036,11/10/2021 12:00:00 AM,0838,2,2,0,0,CLEAR,DRY,False,ANGLE COLLISION - OTHER,ANGLE,STRAIGHT & LEVEL,DAYLIGHT,,,11/15/2021 8:17:31 AM,False,7058,Accepted,
29466868,0568000,LOUISVILLE METRO POLICE DEPT,Accepted,JEFFERSON,,,BLUEGRASS,AVE,,,HAZELWOOD,,,,,38.179431435,-85.788248084,0.581,11/10/2021 12:00:00 AM,1215,2,2,0,0,CLEAR,DRY,False,ANGLE COLLISION - OTHER,ANGLE,STRAIGHT & LEVEL,DAYLIGHT,,,12/15/2021 8:27:09 AM,False,7471,Accepted,
29581023,0568000,LOUISVILLE METRO POLICE DEPT,Accepted,JEFFERSON,KY1932,,BRECKENRIDGE,LN,,,REDDING,,,,,38.189875961,-85.625815666,0.597,11/10/2021 12:00:00 AM,1926,2,2,0,2,CLEAR,DRY,False,ANGLE COLLISION - OTHER,ANGLE,STRAIGHT & LEVEL,DUSK,,,1/13/2022 8:08:06 AM,False,5222,Accepted,
29979900,0568000,LOUISVILLE METRO POLICE DEPT,Accepted,JEFFERSON,,,BROADWAY,,W,,40TH,,,,,38.250191827,-85.817832224,1.608,11/10/2021 12:00:00 AM,1125,2,2,0,0,CLEAR,DRY,False,OPPOSING LEFT TURN,OPPOSING LEFT TURN,STRAIGHT & LEVEL,DAYLIGHT,,,4/25/2022 8:22:52 AM,False,5308,Accepted,